{"type":"FeatureCollection","features":[{"type":"Feature","geometry":{"type":"Polygon","coordinates":[[[31.113310203874274,70.39166367229609],[31.140155165223604,70.39166367229609],[31.140155165223604,70.400646784046],[31.113310203874274,70.400646784046],[31.113310203874274,70.39166367229609]]]},"properties":{"cell_id":"1159_7836","expected_nets":0.0495,"particle_count":81,"n_nets":23,"contributing_net_ids":["01a0254d-21d3-43e2-a1f8-1df90cc7a881","0998896f-06e6-4fff-aa6b-85723c189a4e","10194ba7-2aef-462c-a5d6-ac7c3f9bb11f","17b986f2-2962-4704-b0e1-eabe0cbc5fed","1cd692f0-e1bd-4f62-9162-4f5a33f16ae9","456e18aa-ddf2-494e-b309-badf3802d91f","480722bd-da61-4875-b683-a16666a03e20","483df2e5-9e99-4434-a3da-02126b74956e","4f1df18f-2aa1-40db-923c-9e7359a62300","568c48d8-7903-40cc-9fda-3bb3c1d00a00","686eb669-1bde-4980-a523-5e9cf5270174","6e83e64b-da9b-4221-849e-1847280a05af","7b19e2f2-1e27-4d6f-91ec-fd230d20fe8e","86fbc2f8-6e1e-4162-8855-d19e180e5ce9","9267ffae-e862-4c0c-8303-e43fbba92f68","a5827a71-1d16-4233-aebd-d14b478c5fff","b31191d1-ab4d-46ca-9c4a-de20a2e095a1","b8992d3d-bdb5-448a-9ea1-25b236fc3a05","cb6b8673-f291-414f-a659-99dfc77c17d6","eef2472f-e20e-4582-83ca-9fccd623673e","f1354829-a446-4ab4-abbf-5bc8f5b270a3","f387c842-0089-4044-8b4a-ccc41db5ee20","fc902618-75c5-4c29-b03e-964ebd1caf5c"]}},{"type":"Feature","geometry":{"type":"Polygon","coordinates":[[[29.39523267751711,70.09522098454904],[29.42207763886644,70.09522098454904],[29.42207763886644,70.10420409629896],[29.39523267751711,70.10420409629896],[29.39523267751711,70.09522098454904]]]},"properties":{"cell_id":"1095_7803","expected_nets":0.0362,"particle_count":145,"n_nets":16,"contributing_net_ids":["178a8ce9-4d9c-4e1e-b6b9-6131b016ac1f","183b3a5b-2fd0-4d2a-9c77-77281bb30173","2a840416-2518-4cd8-9332-09ee6dfac95f","36c0b306-27cf-4788-a28e-37a6791e6842","59cde757-4957-437b-86cd-8d9932cbb5a2","5bc9b541-9afc-45ba-95db-3a4685de44a3","5ca74a64-d88d-45cb-a627-c8a2b8eea308","6ae9c1b0-2a7f-4315-a8f6-7e6491c6cb74","6b2ff976-a86c-46ff-9367-7349073cc0be","6c6c4be3-4036-4a62-8c92-47730a8c7aeb","73b4a014-4822-4620-9d9e-4cc02ebf79ab","875fd11c-f2c7-4f5c-9d85-3053dab0618b","b826b39f-0f3c-499e-baf6-7ac015b5659d","c52841a4-c77e-4497-a4e9-73f605567542","cd20f9be-e4bb-436b-ad0c-563775f7c010","e987972b-877b-44cf-b400-eaef3df7f643"]}},{"type":"Feature","geometry":{"type":"Polygon","coordinates":[[[29.368387716167778,70.09522098454904],[29.395232677517107,70.09522098454904],[29.395232677517107,70.10420409629896],[29.368387716167778,70.10420409629896],[29.368387716167778,70.09522098454904]]]},"properties":{"cell_id":"1094_7803","expected_nets":0.036,"particle_count":144,"n_nets":16,"contributing_net_ids":["178a8ce9-4d9c-4e1e-b6b9-6131b016ac1f","183b3a5b-2fd0-4d2a-9c77-77281bb30173","2649e37d-4983-4386-bc52-e0093db3ec65","2a840416-2518-4cd8-9332-09ee6dfac95f","36c0b306-27cf-4788-a28e-37a6791e6842","5bc9b541-9afc-45ba-95db-3a4685de44a3","5ca74a64-d88d-45cb-a627-c8a2b8eea308","6ae9c1b0-2a7f-4315-a8f6-7e6491c6cb74","6b2ff976-a86c-46ff-9367-7349073cc0be","6c6c4be3-4036-4a62-8c92-47730a8c7aeb","73b4a014-4822-4620-9d9e-4cc02ebf79ab","875fd11c-f2c7-4f5c-9d85-3053dab0618b","b826b39f-0f3c-499e-baf6-7ac015b5659d","c52841a4-c77e-4497-a4e9-73f605567542","cd20f9be-e4bb-436b-ad0c-563775f7c010","e987972b-877b-44cf-b400-eaef3df7f643"]}},{"type":"Feature","geometry":{"type":"Polygon","coordinates":[[[27.193945846871994,71.00251527128998],[27.220790808221324,71.00251527128998],[27.220790808221324,71.01149838303989],[27.193945846871994,71.01149838303989],[27.193945846871994,71.00251527128998]]]},"properties":{"cell_id":"1013_7904","expected_nets":0.0312,"particle_count":63,"n_nets":24,"contributing_net_ids":["00fb55ca-9483-401f-8f29-3e596d6d520c","01a0254d-21d3-43e2-a1f8-1df90cc7a881","15e549ea-ffd5-4ec2-98b7-32276621e3f2","17b986f2-2962-4704-b0e1-eabe0cbc5fed","2c38e76b-b975-4368-8686-873e9d17b862","2e00546b-1350-4f4a-84bd-55da3dcb55ed","2e3e2f82-02e3-45d3-9acb-e62d643605a6","372da560-3ffc-4c03-9e63-083a0c2edeae","456e18aa-ddf2-494e-b309-badf3802d91f","501f7877-ea08-4c1e-bb0c-f805d7b93531","568c48d8-7903-40cc-9fda-3bb3c1d00a00","5b5fdf6e-34fa-446c-a7f8-338b8f980dea","781d2769-3d71-4ed9-829d-d745be0fbd6e","86fbc2f8-6e1e-4162-8855-d19e180e5ce9","9267ffae-e862-4c0c-8303-e43fbba92f68","92774a0e-6c8c-4eea-b18e-be40e50056f7","9e759843-4dd6-4b50-bc24-49bb88f8f082","bac07fcb-7e10-44cb-894c-88ea9522b8e1","cabe54b4-68f5-4047-9a69-f3a33abca056","d78d9010-3d05-4faf-a72b-008ae0f5db62","e89f3dd1-1609-47c4-b490-a9358c7f09a8","eef2472f-e20e-4582-83ca-9fccd623673e","f8bfcb7e-c7fd-402c-b02c-4f35bae30cbb","fb076de6-0572-43d4-92cd-757bd343d372"]}},{"type":"Feature","geometry":{"type":"Polygon","coordinates":[[[29.341542754818448,70.09522098454904],[29.368387716167778,70.09522098454904],[29.368387716167778,70.10420409629896],[29.341542754818448,70.10420409629896],[29.341542754818448,70.09522098454904]]]},"properties":{"cell_id":"1093_7803","expected_nets":0.0302,"particle_count":121,"n_nets":16,"contributing_net_ids":["178a8ce9-4d9c-4e1e-b6b9-6131b016ac1f","183b3a5b-2fd0-4d2a-9c77-77281bb30173","2649e37d-4983-4386-bc52-e0093db3ec65","2a840416-2518-4cd8-9332-09ee6dfac95f","36c0b306-27cf-4788-a28e-37a6791e6842","5bc9b541-9afc-45ba-95db-3a4685de44a3","5ca74a64-d88d-45cb-a627-c8a2b8eea308","6ae9c1b0-2a7f-4315-a8f6-7e6491c6cb74","6b2ff976-a86c-46ff-9367-7349073cc0be","6c6c4be3-4036-4a62-8c92-47730a8c7aeb","73b4a014-4822-4620-9d9e-4cc02ebf79ab","875fd11c-f2c7-4f5c-9d85-3053dab0618b","b826b39f-0f3c-499e-baf6-7ac015b5659d","c52841a4-c77e-4497-a4e9-73f605567542","cd20f9be-e4bb-436b-ad0c-563775f7c010","e987972b-877b-44cf-b400-eaef3df7f643"]}},{"type":"Feature","geometry":{"type":"Polygon","coordinates":[[[29.4757675615651,70.09522098454904],[29.50261252291443,70.09522098454904],[29.50261252291443,70.10420409629896],[29.4757675615651,70.10420409629896],[29.4757675615651,70.09522098454904]]]},"properties":{"cell_id":"1098_7803","expected_nets":0.0272,"particle_count":109,"n_nets":15,"contributing_net_ids":["178a8ce9-4d9c-4e1e-b6b9-6131b016ac1f","183b3a5b-2fd0-4d2a-9c77-77281bb30173","2649e37d-4983-4386-bc52-e0093db3ec65","2a840416-2518-4cd8-9332-09ee6dfac95f","36c0b306-27cf-4788-a28e-37a6791e6842","5bc9b541-9afc-45ba-95db-3a4685de44a3","5ca74a64-d88d-45cb-a627-c8a2b8eea308","6ae9c1b0-2a7f-4315-a8f6-7e6491c6cb74","6b2ff976-a86c-46ff-9367-7349073cc0be","6c6c4be3-4036-4a62-8c92-47730a8c7aeb","73b4a014-4822-4620-9d9e-4cc02ebf79ab","875fd11c-f2c7-4f5c-9d85-3053dab0618b","c52841a4-c77e-4497-a4e9-73f605567542","cd20f9be-e4bb-436b-ad0c-563775f7c010","e987972b-877b-44cf-b400-eaef3df7f643"]}},{"type":"Feature","geometry":{"type":"Polygon","coordinates":[[[27.193945846871994,71.02048149478979],[27.220790808221324,71.02048149478979],[27.220790808221324,71.0294646065397],[27.193945846871994,71.0294646065397],[27.193945846871994,71.02048149478979]]]},"properties":{"cell_id":"1013_7906","expected_nets":0.0253,"particle_count":58,"n_nets":24,"contributing_net_ids":["00fb55ca-9483-401f-8f29-3e596d6d520c","01a0254d-21d3-43e2-a1f8-1df90cc7a881","0b254efb-1769-4e93-a17e-11f0d9834bcc","17b986f2-2962-4704-b0e1-eabe0cbc5fed","2e00546b-1350-4f4a-84bd-55da3dcb55ed","2e3e2f82-02e3-45d3-9acb-e62d643605a6","372da560-3ffc-4c03-9e63-083a0c2edeae","456e18aa-ddf2-494e-b309-badf3802d91f","501f7877-ea08-4c1e-bb0c-f805d7b93531","568c48d8-7903-40cc-9fda-3bb3c1d00a00","5b5fdf6e-34fa-446c-a7f8-338b8f980dea","781d2769-3d71-4ed9-829d-d745be0fbd6e","86fbc2f8-6e1e-4162-8855-d19e180e5ce9","9267ffae-e862-4c0c-8303-e43fbba92f68","92774a0e-6c8c-4eea-b18e-be40e50056f7","9e759843-4dd6-4b50-bc24-49bb88f8f082","a5827a71-1d16-4233-aebd-d14b478c5fff","bac07fcb-7e10-44cb-894c-88ea9522b8e1","cabe54b4-68f5-4047-9a69-f3a33abca056","d78d9010-3d05-4faf-a72b-008ae0f5db62","e5dc0a98-2f84-4a90-abe0-8b1a1d0116ed","eef2472f-e20e-4582-83ca-9fccd623673e","f8bfcb7e-c7fd-402c-b02c-4f35bae30cbb","fb076de6-0572-43d4-92cd-757bd343d372"]}},{"type":"Feature","geometry":{"type":"Polygon","coordinates":[[[29.207317948071793,70.11318720804887],[29.234162909421123,70.11318720804887],[29.234162909421123,70.12217031979878],[29.207317948071793,70.12217031979878],[29.207317948071793,70.11318720804887]]]},"properties":{"cell_id":"1088_7805","expected_nets":0.0253,"particle_count":101,"n_nets":13,"contributing_net_ids":["178a8ce9-4d9c-4e1e-b6b9-6131b016ac1f","183b3a5b-2fd0-4d2a-9c77-77281bb30173","2649e37d-4983-4386-bc52-e0093db3ec65","2a840416-2518-4cd8-9332-09ee6dfac95f","36c0b306-27cf-4788-a28e-37a6791e6842","5bc9b541-9afc-45ba-95db-3a4685de44a3","6ae9c1b0-2a7f-4315-a8f6-7e6491c6cb74","6c6c4be3-4036-4a62-8c92-47730a8c7aeb","73b4a014-4822-4620-9d9e-4cc02ebf79ab","b826b39f-0f3c-499e-baf6-7ac015b5659d","c52841a4-c77e-4497-a4e9-73f605567542","cd20f9be-e4bb-436b-ad0c-563775f7c010","e987972b-877b-44cf-b400-eaef3df7f643"]}},{"type":"Feature","geometry":{"type":"Polygon","coordinates":[[[29.663682291010417,70.72403880704276],[29.690527252359747,70.72403880704276],[29.690527252359747,70.73302191879267],[29.663682291010417,70.73302191879267],[29.663682291010417,70.72403880704276]]]},"properties":{"cell_id":"1105_7873","expected_nets":0.0235,"particle_count":31,"n_nets":17,"contributing_net_ids":["0b254efb-1769-4e93-a17e-11f0d9834bcc","17b986f2-2962-4704-b0e1-eabe0cbc5fed","2e00546b-1350-4f4a-84bd-55da3dcb55ed","2e3e2f82-02e3-45d3-9acb-e62d643605a6","50ab96ff-2523-45d1-8595-00b37a28f29e","568c48d8-7903-40cc-9fda-3bb3c1d00a00","781d2769-3d71-4ed9-829d-d745be0fbd6e","8f0532fc-ebc6-4b0b-9fb0-4e010db44ea0","8f616f35-37f7-4aef-813f-428b192fdd24","9267ffae-e862-4c0c-8303-e43fbba92f68","a5827a71-1d16-4233-aebd-d14b478c5fff","a5f2d7f3-60b1-400b-8f91-f6403d9e7442","b31191d1-ab4d-46ca-9c4a-de20a2e095a1","d78d9010-3d05-4faf-a72b-008ae0f5db62","e5dc0a98-2f84-4a90-abe0-8b1a1d0116ed","e89f3dd1-1609-47c4-b490-a9358c7f09a8","fb076de6-0572-43d4-92cd-757bd343d372"]}},{"type":"Feature","geometry":{"type":"Polygon","coordinates":[[[27.220790808221324,71.0294646065397],[27.247635769570653,71.0294646065397],[27.247635769570653,71.03844771828962],[27.220790808221324,71.03844771828962],[27.220790808221324,71.0294646065397]]]},"properties":{"cell_id":"1014_7907","expected_nets":0.0222,"particle_count":38,"n_nets":20,"contributing_net_ids":["00fb55ca-9483-401f-8f29-3e596d6d520c","01a0254d-21d3-43e2-a1f8-1df90cc7a881","15e549ea-ffd5-4ec2-98b7-32276621e3f2","2e00546b-1350-4f4a-84bd-55da3dcb55ed","2e3e2f82-02e3-45d3-9acb-e62d643605a6","372da560-3ffc-4c03-9e63-083a0c2edeae","456e18aa-ddf2-494e-b309-badf3802d91f","4962aa82-3d1a-4be7-b9ea-34e28c780540","501f7877-ea08-4c1e-bb0c-f805d7b93531","568c48d8-7903-40cc-9fda-3bb3c1d00a00","86fbc2f8-6e1e-4162-8855-d19e180e5ce9","9267ffae-e862-4c0c-8303-e43fbba92f68","9e759843-4dd6-4b50-bc24-49bb88f8f082","a5827a71-1d16-4233-aebd-d14b478c5fff","bac07fcb-7e10-44cb-894c-88ea9522b8e1","bd2b6276-a7fe-4197-a967-101d706af8ed","d78d9010-3d05-4faf-a72b-008ae0f5db62","e89f3dd1-1609-47c4-b490-a9358c7f09a8","eb7dd3b7-cce2-46a9-92d0-08b1c6f49b7d","f8bfcb7e-c7fd-402c-b02c-4f35bae30cbb"]}},{"type":"Feature","geometry":{"type":"Polygon","coordinates":[[[28.750953605133173,70.8498023715415],[28.777798566482502,70.8498023715415],[28.777798566482502,70.85878548329141],[28.750953605133173,70.85878548329141],[28.750953605133173,70.8498023715415]]]},"properties":{"cell_id":"1071_7887","expected_nets":0.022,"particle_count":32,"n_nets":22,"contributing_net_ids":["01a0254d-21d3-43e2-a1f8-1df90cc7a881","17b986f2-2962-4704-b0e1-eabe0cbc5fed","2e00546b-1350-4f4a-84bd-55da3dcb55ed","372da560-3ffc-4c03-9e63-083a0c2edeae","456e18aa-ddf2-494e-b309-badf3802d91f","501f7877-ea08-4c1e-bb0c-f805d7b93531","50ab96ff-2523-45d1-8595-00b37a28f29e","540f98c5-00b4-431a-bccf-3255f8b4ce5f","568c48d8-7903-40cc-9fda-3bb3c1d00a00","5e862cee-8b9f-45d7-8ca0-daaa28a39706","781d2769-3d71-4ed9-829d-d745be0fbd6e","8f0532fc-ebc6-4b0b-9fb0-4e010db44ea0","8f616f35-37f7-4aef-813f-428b192fdd24","92774a0e-6c8c-4eea-b18e-be40e50056f7","9e759843-4dd6-4b50-bc24-49bb88f8f082","b68c38a7-1ccd-4ae6-9801-c4f2ce607946","bd2b6276-a7fe-4197-a967-101d706af8ed","e5dc0a98-2f84-4a90-abe0-8b1a1d0116ed","e89f3dd1-1609-47c4-b490-a9358c7f09a8","eb7dd3b7-cce2-46a9-92d0-08b1c6f49b7d","eef2472f-e20e-4582-83ca-9fccd623673e","fb076de6-0572-43d4-92cd-757bd343d372"]}},{"type":"Feature","geometry":{"type":"Polygon","coordinates":[[[29.42207763886644,70.09522098454904],[29.44892260021577,70.09522098454904],[29.44892260021577,70.10420409629896],[29.42207763886644,70.10420409629896],[29.42207763886644,70.09522098454904]]]},"properties":{"cell_id":"1096_7803","expected_nets":0.022,"particle_count":88,"n_nets":16,"contributing_net_ids":["178a8ce9-4d9c-4e1e-b6b9-6131b016ac1f","183b3a5b-2fd0-4d2a-9c77-77281bb30173","2649e37d-4983-4386-bc52-e0093db3ec65","2a840416-2518-4cd8-9332-09ee6dfac95f","36c0b306-27cf-4788-a28e-37a6791e6842","59cde757-4957-437b-86cd-8d9932cbb5a2","5bc9b541-9afc-45ba-95db-3a4685de44a3","5ca74a64-d88d-45cb-a627-c8a2b8eea308","6ae9c1b0-2a7f-4315-a8f6-7e6491c6cb74","6b2ff976-a86c-46ff-9367-7349073cc0be","6c6c4be3-4036-4a62-8c92-47730a8c7aeb","73b4a014-4822-4620-9d9e-4cc02ebf79ab","875fd11c-f2c7-4f5c-9d85-3053dab0618b","c52841a4-c77e-4497-a4e9-73f605567542","cd20f9be-e4bb-436b-ad0c-563775f7c010","e987972b-877b-44cf-b400-eaef3df7f643"]}},{"type":"Feature","geometry":{"type":"Polygon","coordinates":[[[28.724108643783843,70.83183614804169],[28.750953605133173,70.83183614804169],[28.750953605133173,70.8408192597916],[28.724108643783843,70.8408192597916],[28.724108643783843,70.83183614804169]]]},"properties":{"cell_id":"1070_7885","expected_nets":0.0213,"particle_count":30,"n_nets":18,"contributing_net_ids":["01a0254d-21d3-43e2-a1f8-1df90cc7a881","0b254efb-1769-4e93-a17e-11f0d9834bcc","17b986f2-2962-4704-b0e1-eabe0cbc5fed","2e3e2f82-02e3-45d3-9acb-e62d643605a6","372da560-3ffc-4c03-9e63-083a0c2edeae","4962aa82-3d1a-4be7-b9ea-34e28c780540","50ab96ff-2523-45d1-8595-00b37a28f29e","540f98c5-00b4-431a-bccf-3255f8b4ce5f","568c48d8-7903-40cc-9fda-3bb3c1d00a00","86fbc2f8-6e1e-4162-8855-d19e180e5ce9","8f0532fc-ebc6-4b0b-9fb0-4e010db44ea0","8f616f35-37f7-4aef-813f-428b192fdd24","9e759843-4dd6-4b50-bc24-49bb88f8f082","bd2b6276-a7fe-4197-a967-101d706af8ed","cabe54b4-68f5-4047-9a69-f3a33abca056","e5dc0a98-2f84-4a90-abe0-8b1a1d0116ed","e89f3dd1-1609-47c4-b490-a9358c7f09a8","eb7dd3b7-cce2-46a9-92d0-08b1c6f49b7d"]}},{"type":"Feature","geometry":{"type":"Polygon","coordinates":[[[29.583147406962425,70.08623787279913],[29.609992368311755,70.08623787279913],[29.609992368311755,70.09522098454904],[29.583147406962425,70.09522098454904],[29.583147406962425,70.08623787279913]]]},"properties":{"cell_id":"1102_7802","expected_nets":0.0213,"particle_count":85,"n_nets":17,"contributing_net_ids":["178a8ce9-4d9c-4e1e-b6b9-6131b016ac1f","183b3a5b-2fd0-4d2a-9c77-77281bb30173","2649e37d-4983-4386-bc52-e0093db3ec65","2a840416-2518-4cd8-9332-09ee6dfac95f","36c0b306-27cf-4788-a28e-37a6791e6842","59cde757-4957-437b-86cd-8d9932cbb5a2","5bc9b541-9afc-45ba-95db-3a4685de44a3","5ca74a64-d88d-45cb-a627-c8a2b8eea308","6ae9c1b0-2a7f-4315-a8f6-7e6491c6cb74","6b2ff976-a86c-46ff-9367-7349073cc0be","6c6c4be3-4036-4a62-8c92-47730a8c7aeb","73b4a014-4822-4620-9d9e-4cc02ebf79ab","875fd11c-f2c7-4f5c-9d85-3053dab0618b","b826b39f-0f3c-499e-baf6-7ac015b5659d","c52841a4-c77e-4497-a4e9-73f605567542","cd20f9be-e4bb-436b-ad0c-563775f7c010","e987972b-877b-44cf-b400-eaef3df7f643"]}},{"type":"Feature","geometry":{"type":"Polygon","coordinates":[[[29.180472986722464,70.11318720804887],[29.207317948071793,70.11318720804887],[29.207317948071793,70.12217031979878],[29.180472986722464,70.12217031979878],[29.180472986722464,70.11318720804887]]]},"properties":{"cell_id":"1087_7805","expected_nets":0.021,"particle_count":84,"n_nets":11,"contributing_net_ids":["178a8ce9-4d9c-4e1e-b6b9-6131b016ac1f","183b3a5b-2fd0-4d2a-9c77-77281bb30173","2649e37d-4983-4386-bc52-e0093db3ec65","36c0b306-27cf-4788-a28e-37a6791e6842","5bc9b541-9afc-45ba-95db-3a4685de44a3","6ae9c1b0-2a7f-4315-a8f6-7e6491c6cb74","6b2ff976-a86c-46ff-9367-7349073cc0be","6c6c4be3-4036-4a62-8c92-47730a8c7aeb","73b4a014-4822-4620-9d9e-4cc02ebf79ab","c52841a4-c77e-4497-a4e9-73f605567542","e987972b-877b-44cf-b400-eaef3df7f643"]}},{"type":"Feature","geometry":{"type":"Polygon","coordinates":[[[27.08656600147467,70.91268415379088],[27.113410962824,70.91268415379088],[27.113410962824,70.92166726554079],[27.08656600147467,70.92166726554079],[27.08656600147467,70.91268415379088]]]},"properties":{"cell_id":"1009_7894","expected_nets":0.0205,"particle_count":20,"n_nets":8,"contributing_net_ids":["00fb55ca-9483-401f-8f29-3e596d6d520c","15e549ea-ffd5-4ec2-98b7-32276621e3f2","86fbc2f8-6e1e-4162-8855-d19e180e5ce9","9e759843-4dd6-4b50-bc24-49bb88f8f082","bac07fcb-7e10-44cb-894c-88ea9522b8e1","cabe54b4-68f5-4047-9a69-f3a33abca056","d78d9010-3d05-4faf-a72b-008ae0f5db62","eb7dd3b7-cce2-46a9-92d0-08b1c6f49b7d"]}},{"type":"Feature","geometry":{"type":"Polygon","coordinates":[[[28.724108643783843,70.84081925979159],[28.750953605133173,70.84081925979159],[28.750953605133173,70.8498023715415],[28.724108643783843,70.8498023715415],[28.724108643783843,70.84081925979159]]]},"properties":{"cell_id":"1070_7886","expected_nets":0.02,"particle_count":23,"n_nets":16,"contributing_net_ids":["0b254efb-1769-4e93-a17e-11f0d9834bcc","17b986f2-2962-4704-b0e1-eabe0cbc5fed","2e3e2f82-02e3-45d3-9acb-e62d643605a6","456e18aa-ddf2-494e-b309-badf3802d91f","4962aa82-3d1a-4be7-b9ea-34e28c780540","50ab96ff-2523-45d1-8595-00b37a28f29e","540f98c5-00b4-431a-bccf-3255f8b4ce5f","781d2769-3d71-4ed9-829d-d745be0fbd6e","86fbc2f8-6e1e-4162-8855-d19e180e5ce9","8f0532fc-ebc6-4b0b-9fb0-4e010db44ea0","8f616f35-37f7-4aef-813f-428b192fdd24","a5827a71-1d16-4233-aebd-d14b478c5fff","bd2b6276-a7fe-4197-a967-101d706af8ed","d78d9010-3d05-4faf-a72b-008ae0f5db62","e89f3dd1-1609-47c4-b490-a9358c7f09a8","eb7dd3b7-cce2-46a9-92d0-08b1c6f49b7d"]}},{"type":"Feature","geometry":{"type":"Polygon","coordinates":[[[29.529457484263762,70.08623787279913],[29.556302445613092,70.08623787279913],[29.556302445613092,70.09522098454904],[29.529457484263762,70.09522098454904],[29.529457484263762,70.08623787279913]]]},"properties":{"cell_id":"1100_7802","expected_nets":0.0192,"particle_count":77,"n_nets":16,"contributing_net_ids":["178a8ce9-4d9c-4e1e-b6b9-6131b016ac1f","183b3a5b-2fd0-4d2a-9c77-77281bb30173","2649e37d-4983-4386-bc52-e0093db3ec65","2a840416-2518-4cd8-9332-09ee6dfac95f","36c0b306-27cf-4788-a28e-37a6791e6842","59cde757-4957-437b-86cd-8d9932cbb5a2","5bc9b541-9afc-45ba-95db-3a4685de44a3","5ca74a64-d88d-45cb-a627-c8a2b8eea308","6ae9c1b0-2a7f-4315-a8f6-7e6491c6cb74","6b2ff976-a86c-46ff-9367-7349073cc0be","6c6c4be3-4036-4a62-8c92-47730a8c7aeb","73b4a014-4822-4620-9d9e-4cc02ebf79ab","875fd11c-f2c7-4f5c-9d85-3053dab0618b","c52841a4-c77e-4497-a4e9-73f605567542","cd20f9be-e4bb-436b-ad0c-563775f7c010","e987972b-877b-44cf-b400-eaef3df7f643"]}},{"type":"Feature","geometry":{"type":"Polygon","coordinates":[[[29.556302445613092,70.08623787279913],[29.58314740696242,70.08623787279913],[29.58314740696242,70.09522098454904],[29.556302445613092,70.09522098454904],[29.556302445613092,70.08623787279913]]]},"properties":{"cell_id":"1101_7802","expected_nets":0.0192,"particle_count":77,"n_nets":16,"contributing_net_ids":["178a8ce9-4d9c-4e1e-b6b9-6131b016ac1f","183b3a5b-2fd0-4d2a-9c77-77281bb30173","2649e37d-4983-4386-bc52-e0093db3ec65","2a840416-2518-4cd8-9332-09ee6dfac95f","36c0b306-27cf-4788-a28e-37a6791e6842","59cde757-4957-437b-86cd-8d9932cbb5a2","5bc9b541-9afc-45ba-95db-3a4685de44a3","5ca74a64-d88d-45cb-a627-c8a2b8eea308","6ae9c1b0-2a7f-4315-a8f6-7e6491c6cb74","6b2ff976-a86c-46ff-9367-7349073cc0be","6c6c4be3-4036-4a62-8c92-47730a8c7aeb","73b4a014-4822-4620-9d9e-4cc02ebf79ab","875fd11c-f2c7-4f5c-9d85-3053dab0618b","c52841a4-c77e-4497-a4e9-73f605567542","cd20f9be-e4bb-436b-ad0c-563775f7c010","e987972b-877b-44cf-b400-eaef3df7f643"]}},{"type":"Feature","geometry":{"type":"Polygon","coordinates":[[[29.609992368311755,70.08623787279913],[29.636837329661084,70.08623787279913],[29.636837329661084,70.09522098454904],[29.609992368311755,70.09522098454904],[29.609992368311755,70.08623787279913]]]},"properties":{"cell_id":"1103_7802","expected_nets":0.0192,"particle_count":77,"n_nets":16,"contributing_net_ids":["178a8ce9-4d9c-4e1e-b6b9-6131b016ac1f","183b3a5b-2fd0-4d2a-9c77-77281bb30173","2649e37d-4983-4386-bc52-e0093db3ec65","2a840416-2518-4cd8-9332-09ee6dfac95f","36c0b306-27cf-4788-a28e-37a6791e6842","59cde757-4957-437b-86cd-8d9932cbb5a2","5bc9b541-9afc-45ba-95db-3a4685de44a3","5ca74a64-d88d-45cb-a627-c8a2b8eea308","6ae9c1b0-2a7f-4315-a8f6-7e6491c6cb74","6b2ff976-a86c-46ff-9367-7349073cc0be","6c6c4be3-4036-4a62-8c92-47730a8c7aeb","73b4a014-4822-4620-9d9e-4cc02ebf79ab","875fd11c-f2c7-4f5c-9d85-3053dab0618b","c52841a4-c77e-4497-a4e9-73f605567542","cd20f9be-e4bb-436b-ad0c-563775f7c010","e987972b-877b-44cf-b400-eaef3df7f643"]}},{"type":"Feature","geometry":{"type":"Polygon","coordinates":[[[29.690527252359747,70.73302191879267],[29.717372213709076,70.73302191879267],[29.717372213709076,70.74200503054259],[29.690527252359747,70.74200503054259],[29.690527252359747,70.73302191879267]]]},"properties":{"cell_id":"1106_7874","expected_nets":0.0185,"particle_count":23,"n_nets":9,"contributing_net_ids":["2e00546b-1350-4f4a-84bd-55da3dcb55ed","2e3e2f82-02e3-45d3-9acb-e62d643605a6","781d2769-3d71-4ed9-829d-d745be0fbd6e","8f0532fc-ebc6-4b0b-9fb0-4e010db44ea0","8f616f35-37f7-4aef-813f-428b192fdd24","a5f2d7f3-60b1-400b-8f91-f6403d9e7442","d78d9010-3d05-4faf-a72b-008ae0f5db62","e7bca5ed-e073-45a9-bcb6-86ee920223fc","e89f3dd1-1609-47c4-b490-a9358c7f09a8"]}},{"type":"Feature","geometry":{"type":"Polygon","coordinates":[[[27.193945846871994,71.01149838303988],[27.220790808221324,71.01149838303988],[27.220790808221324,71.02048149478979],[27.193945846871994,71.02048149478979],[27.193945846871994,71.01149838303988]]]},"properties":{"cell_id":"1013_7905","expected_nets":0.0182,"particle_count":53,"n_nets":24,"contributing_net_ids":["01a0254d-21d3-43e2-a1f8-1df90cc7a881","0b254efb-1769-4e93-a17e-11f0d9834bcc","15e549ea-ffd5-4ec2-98b7-32276621e3f2","17b986f2-2962-4704-b0e1-eabe0cbc5fed","2e00546b-1350-4f4a-84bd-55da3dcb55ed","2e3e2f82-02e3-45d3-9acb-e62d643605a6","372da560-3ffc-4c03-9e63-083a0c2edeae","456e18aa-ddf2-494e-b309-badf3802d91f","501f7877-ea08-4c1e-bb0c-f805d7b93531","568c48d8-7903-40cc-9fda-3bb3c1d00a00","5b5fdf6e-34fa-446c-a7f8-338b8f980dea","60968c7c-8266-471c-84ae-1f14936bfba6","86fbc2f8-6e1e-4162-8855-d19e180e5ce9","9267ffae-e862-4c0c-8303-e43fbba92f68","9e759843-4dd6-4b50-bc24-49bb88f8f082","a5827a71-1d16-4233-aebd-d14b478c5fff","b68c38a7-1ccd-4ae6-9801-c4f2ce607946","bac07fcb-7e10-44cb-894c-88ea9522b8e1","cabe54b4-68f5-4047-9a69-f3a33abca056","d78d9010-3d05-4faf-a72b-008ae0f5db62","e5dc0a98-2f84-4a90-abe0-8b1a1d0116ed","e89f3dd1-1609-47c4-b490-a9358c7f09a8","eb7dd3b7-cce2-46a9-92d0-08b1c6f49b7d","f8bfcb7e-c7fd-402c-b02c-4f35bae30cbb"]}},{"type":"Feature","geometry":{"type":"Polygon","coordinates":[[[29.932131904503724,70.69708947179303],[29.958976865853053,70.69708947179303],[29.958976865853053,70.70607258354295],[29.932131904503724,70.70607258354295],[29.932131904503724,70.69708947179303]]]},"properties":{"cell_id":"1115_7870","expected_nets":0.018,"particle_count":30,"n_nets":14,"contributing_net_ids":["0b254efb-1769-4e93-a17e-11f0d9834bcc","0b8fa665-5e64-4a79-bcaa-073539cf0009","2e00546b-1350-4f4a-84bd-55da3dcb55ed","2e3e2f82-02e3-45d3-9acb-e62d643605a6","501f7877-ea08-4c1e-bb0c-f805d7b93531","50ab96ff-2523-45d1-8595-00b37a28f29e","781d2769-3d71-4ed9-829d-d745be0fbd6e","8f0532fc-ebc6-4b0b-9fb0-4e010db44ea0","8f616f35-37f7-4aef-813f-428b192fdd24","a5827a71-1d16-4233-aebd-d14b478c5fff","a5f2d7f3-60b1-400b-8f91-f6403d9e7442","cb6b8673-f291-414f-a659-99dfc77c17d6","d78d9010-3d05-4faf-a72b-008ae0f5db62","eb7dd3b7-cce2-46a9-92d0-08b1c6f49b7d"]}},{"type":"Feature","geometry":{"type":"Polygon","coordinates":[[[28.831488489181165,70.86776859504133],[28.858333450530495,70.86776859504133],[28.858333450530495,70.87675170679124],[28.831488489181165,70.87675170679124],[28.831488489181165,70.86776859504133]]]},"properties":{"cell_id":"1074_7889","expected_nets":0.0178,"particle_count":26,"n_nets":16,"contributing_net_ids":["01a0254d-21d3-43e2-a1f8-1df90cc7a881","0b254efb-1769-4e93-a17e-11f0d9834bcc","2e3e2f82-02e3-45d3-9acb-e62d643605a6","501f7877-ea08-4c1e-bb0c-f805d7b93531","50ab96ff-2523-45d1-8595-00b37a28f29e","781d2769-3d71-4ed9-829d-d745be0fbd6e","8f0532fc-ebc6-4b0b-9fb0-4e010db44ea0","8f616f35-37f7-4aef-813f-428b192fdd24","9267ffae-e862-4c0c-8303-e43fbba92f68","92774a0e-6c8c-4eea-b18e-be40e50056f7","b68c38a7-1ccd-4ae6-9801-c4f2ce607946","d78d9010-3d05-4faf-a72b-008ae0f5db62","e5dc0a98-2f84-4a90-abe0-8b1a1d0116ed","e7bca5ed-e073-45a9-bcb6-86ee920223fc","eb7dd3b7-cce2-46a9-92d0-08b1c6f49b7d","fb076de6-0572-43d4-92cd-757bd343d372"]}},{"type":"Feature","geometry":{"type":"Polygon","coordinates":[[[29.31469779346912,70.02335609054977],[29.341542754818448,70.02335609054977],[29.341542754818448,70.03233920229968],[29.31469779346912,70.03233920229968],[29.31469779346912,70.02335609054977]]]},"properties":{"cell_id":"1092_7795","expected_nets":0.0178,"particle_count":71,"n_nets":15,"contributing_net_ids":["178a8ce9-4d9c-4e1e-b6b9-6131b016ac1f","183b3a5b-2fd0-4d2a-9c77-77281bb30173","2649e37d-4983-4386-bc52-e0093db3ec65","2a840416-2518-4cd8-9332-09ee6dfac95f","36c0b306-27cf-4788-a28e-37a6791e6842","59cde757-4957-437b-86cd-8d9932cbb5a2","5bc9b541-9afc-45ba-95db-3a4685de44a3","5ca74a64-d88d-45cb-a627-c8a2b8eea308","6ae9c1b0-2a7f-4315-a8f6-7e6491c6cb74","6b2ff976-a86c-46ff-9367-7349073cc0be","73b4a014-4822-4620-9d9e-4cc02ebf79ab","875fd11c-f2c7-4f5c-9d85-3053dab0618b","c52841a4-c77e-4497-a4e9-73f605567542","cd20f9be-e4bb-436b-ad0c-563775f7c010","e987972b-877b-44cf-b400-eaef3df7f643"]}},{"type":"Feature","geometry":{"type":"Polygon","coordinates":[[[28.026139648701243,71.08336327703917],[28.052984610050572,71.08336327703917],[28.052984610050572,71.09234638878908],[28.026139648701243,71.09234638878908],[28.026139648701243,71.08336327703917]]]},"properties":{"cell_id":"1044_7913","expected_nets":0.0173,"particle_count":26,"n_nets":14,"contributing_net_ids":["0b254efb-1769-4e93-a17e-11f0d9834bcc","2c38e76b-b975-4368-8686-873e9d17b862","2e3e2f82-02e3-45d3-9acb-e62d643605a6","372da560-3ffc-4c03-9e63-083a0c2edeae","4962aa82-3d1a-4be7-b9ea-34e28c780540","50ab96ff-2523-45d1-8595-00b37a28f29e","5b5fdf6e-34fa-446c-a7f8-338b8f980dea","86fbc2f8-6e1e-4162-8855-d19e180e5ce9","8f616f35-37f7-4aef-813f-428b192fdd24","9e759843-4dd6-4b50-bc24-49bb88f8f082","bd2b6276-a7fe-4197-a967-101d706af8ed","d78d9010-3d05-4faf-a72b-008ae0f5db62","e89f3dd1-1609-47c4-b490-a9358c7f09a8","f8bfcb7e-c7fd-402c-b02c-4f35bae30cbb"]}},{"type":"Feature","geometry":{"type":"Polygon","coordinates":[[[29.958976865853053,70.70607258354293],[29.985821827202383,70.70607258354293],[29.985821827202383,70.71505569529285],[29.958976865853053,70.71505569529285],[29.958976865853053,70.70607258354293]]]},"properties":{"cell_id":"1116_7871","expected_nets":0.0173,"particle_count":21,"n_nets":13,"contributing_net_ids":["0998896f-06e6-4fff-aa6b-85723c189a4e","0b254efb-1769-4e93-a17e-11f0d9834bcc","2e00546b-1350-4f4a-84bd-55da3dcb55ed","2e3e2f82-02e3-45d3-9acb-e62d643605a6","781d2769-3d71-4ed9-829d-d745be0fbd6e","8f0532fc-ebc6-4b0b-9fb0-4e010db44ea0","8f616f35-37f7-4aef-813f-428b192fdd24","a5f2d7f3-60b1-400b-8f91-f6403d9e7442","cb6b8673-f291-414f-a659-99dfc77c17d6","d78d9010-3d05-4faf-a72b-008ae0f5db62","e7bca5ed-e073-45a9-bcb6-86ee920223fc","eb7dd3b7-cce2-46a9-92d0-08b1c6f49b7d","f8bfcb7e-c7fd-402c-b02c-4f35bae30cbb"]}},{"type":"Feature","geometry":{"type":"Polygon","coordinates":[[[26.63020165853605,70.95759971254043],[26.657046619885378,70.95759971254043],[26.657046619885378,70.96658282429034],[26.63020165853605,70.96658282429034],[26.63020165853605,70.95759971254043]]]},"properties":{"cell_id":"992_7899","expected_nets":0.0173,"particle_count":24,"n_nets":14,"contributing_net_ids":["0b254efb-1769-4e93-a17e-11f0d9834bcc","2c38e76b-b975-4368-8686-873e9d17b862","456e18aa-ddf2-494e-b309-badf3802d91f","4962aa82-3d1a-4be7-b9ea-34e28c780540","540f98c5-00b4-431a-bccf-3255f8b4ce5f","568c48d8-7903-40cc-9fda-3bb3c1d00a00","5e862cee-8b9f-45d7-8ca0-daaa28a39706","8f616f35-37f7-4aef-813f-428b192fdd24","9267ffae-e862-4c0c-8303-e43fbba92f68","92774a0e-6c8c-4eea-b18e-be40e50056f7","b68c38a7-1ccd-4ae6-9801-c4f2ce607946","bd2b6276-a7fe-4197-a967-101d706af8ed","cabe54b4-68f5-4047-9a69-f3a33abca056","e5dc0a98-2f84-4a90-abe0-8b1a1d0116ed"]}},{"type":"Feature","geometry":{"type":"Polygon","coordinates":[[[29.234162909421126,70.11318720804887],[29.261007870770456,70.11318720804887],[29.261007870770456,70.12217031979878],[29.234162909421126,70.12217031979878],[29.234162909421126,70.11318720804887]]]},"properties":{"cell_id":"1089_7805","expected_nets":0.0168,"particle_count":67,"n_nets":16,"contributing_net_ids":["178a8ce9-4d9c-4e1e-b6b9-6131b016ac1f","183b3a5b-2fd0-4d2a-9c77-77281bb30173","2649e37d-4983-4386-bc52-e0093db3ec65","2a840416-2518-4cd8-9332-09ee6dfac95f","36c0b306-27cf-4788-a28e-37a6791e6842","5bc9b541-9afc-45ba-95db-3a4685de44a3","5ca74a64-d88d-45cb-a627-c8a2b8eea308","6ae9c1b0-2a7f-4315-a8f6-7e6491c6cb74","6b2ff976-a86c-46ff-9367-7349073cc0be","6c6c4be3-4036-4a62-8c92-47730a8c7aeb","73b4a014-4822-4620-9d9e-4cc02ebf79ab","875fd11c-f2c7-4f5c-9d85-3053dab0618b","b826b39f-0f3c-499e-baf6-7ac015b5659d","c52841a4-c77e-4497-a4e9-73f605567542","cd20f9be-e4bb-436b-ad0c-563775f7c010","e987972b-877b-44cf-b400-eaef3df7f643"]}},{"type":"Feature","geometry":{"type":"Polygon","coordinates":[[[30.146891595298367,69.87064319080129],[30.173736556647697,69.87064319080129],[30.173736556647697,69.8796263025512],[30.146891595298367,69.8796263025512],[30.146891595298367,69.87064319080129]]]},"properties":{"cell_id":"1123_7778","expected_nets":0.0168,"particle_count":67,"n_nets":16,"contributing_net_ids":["178a8ce9-4d9c-4e1e-b6b9-6131b016ac1f","183b3a5b-2fd0-4d2a-9c77-77281bb30173","2649e37d-4983-4386-bc52-e0093db3ec65","2a840416-2518-4cd8-9332-09ee6dfac95f","36c0b306-27cf-4788-a28e-37a6791e6842","39d2f659-e666-4b43-ab4a-c4439252e729","59cde757-4957-437b-86cd-8d9932cbb5a2","5bc9b541-9afc-45ba-95db-3a4685de44a3","5ca74a64-d88d-45cb-a627-c8a2b8eea308","6ae9c1b0-2a7f-4315-a8f6-7e6491c6cb74","6b2ff976-a86c-46ff-9367-7349073cc0be","73b4a014-4822-4620-9d9e-4cc02ebf79ab","b826b39f-0f3c-499e-baf6-7ac015b5659d","c52841a4-c77e-4497-a4e9-73f605567542","cd20f9be-e4bb-436b-ad0c-563775f7c010","e987972b-877b-44cf-b400-eaef3df7f643"]}},{"type":"Feature","geometry":{"type":"Polygon","coordinates":[[[30.012666788551716,70.70607258354293],[30.039511749901045,70.70607258354293],[30.039511749901045,70.71505569529285],[30.012666788551716,70.71505569529285],[30.012666788551716,70.70607258354293]]]},"properties":{"cell_id":"1118_7871","expected_nets":0.0163,"particle_count":23,"n_nets":15,"contributing_net_ids":["01a0254d-21d3-43e2-a1f8-1df90cc7a881","0998896f-06e6-4fff-aa6b-85723c189a4e","17b986f2-2962-4704-b0e1-eabe0cbc5fed","2e00546b-1350-4f4a-84bd-55da3dcb55ed","456e18aa-ddf2-494e-b309-badf3802d91f","50ab96ff-2523-45d1-8595-00b37a28f29e","540f98c5-00b4-431a-bccf-3255f8b4ce5f","8f0532fc-ebc6-4b0b-9fb0-4e010db44ea0","9e759843-4dd6-4b50-bc24-49bb88f8f082","a5f2d7f3-60b1-400b-8f91-f6403d9e7442","b31191d1-ab4d-46ca-9c4a-de20a2e095a1","d78d9010-3d05-4faf-a72b-008ae0f5db62","e7bca5ed-e073-45a9-bcb6-86ee920223fc","e89f3dd1-1609-47c4-b490-a9358c7f09a8","eef2472f-e20e-4582-83ca-9fccd623673e"]}},{"type":"Feature","geometry":{"type":"Polygon","coordinates":[[[28.804643527831836,70.85878548329141],[28.831488489181165,70.85878548329141],[28.831488489181165,70.86776859504133],[28.804643527831836,70.86776859504133],[28.804643527831836,70.85878548329141]]]},"properties":{"cell_id":"1073_7888","expected_nets":0.0152,"particle_count":23,"n_nets":15,"contributing_net_ids":["01a0254d-21d3-43e2-a1f8-1df90cc7a881","0b254efb-1769-4e93-a17e-11f0d9834bcc","17b986f2-2962-4704-b0e1-eabe0cbc5fed","4962aa82-3d1a-4be7-b9ea-34e28c780540","50ab96ff-2523-45d1-8595-00b37a28f29e","540f98c5-00b4-431a-bccf-3255f8b4ce5f","60968c7c-8266-471c-84ae-1f14936bfba6","781d2769-3d71-4ed9-829d-d745be0fbd6e","8f0532fc-ebc6-4b0b-9fb0-4e010db44ea0","92774a0e-6c8c-4eea-b18e-be40e50056f7","d78d9010-3d05-4faf-a72b-008ae0f5db62","eb7dd3b7-cce2-46a9-92d0-08b1c6f49b7d","eef2472f-e20e-4582-83ca-9fccd623673e","f8bfcb7e-c7fd-402c-b02c-4f35bae30cbb","fb076de6-0572-43d4-92cd-757bd343d372"]}},{"type":"Feature","geometry":{"type":"Polygon","coordinates":[[[26.7644264652827,70.83183614804169],[26.79127142663203,70.83183614804169],[26.79127142663203,70.8408192597916],[26.7644264652827,70.8408192597916],[26.7644264652827,70.83183614804169]]]},"properties":{"cell_id":"997_7885","expected_nets":0.015,"particle_count":23,"n_nets":14,"contributing_net_ids":["0b254efb-1769-4e93-a17e-11f0d9834bcc","17b986f2-2962-4704-b0e1-eabe0cbc5fed","372da560-3ffc-4c03-9e63-083a0c2edeae","4962aa82-3d1a-4be7-b9ea-34e28c780540","501f7877-ea08-4c1e-bb0c-f805d7b93531","540f98c5-00b4-431a-bccf-3255f8b4ce5f","568c48d8-7903-40cc-9fda-3bb3c1d00a00","5b5fdf6e-34fa-446c-a7f8-338b8f980dea","5e862cee-8b9f-45d7-8ca0-daaa28a39706","781d2769-3d71-4ed9-829d-d745be0fbd6e","92774a0e-6c8c-4eea-b18e-be40e50056f7","bd2b6276-a7fe-4197-a967-101d706af8ed","d78d9010-3d05-4faf-a72b-008ae0f5db62","e89f3dd1-1609-47c4-b490-a9358c7f09a8"]}},{"type":"Feature","geometry":{"type":"Polygon","coordinates":[[[29.207317948071793,70.8498023715415],[29.234162909421123,70.8498023715415],[29.234162909421123,70.85878548329141],[29.207317948071793,70.85878548329141],[29.207317948071793,70.8498023715415]]]},"properties":{"cell_id":"1088_7887","expected_nets":0.0147,"particle_count":17,"n_nets":10,"contributing_net_ids":["0b254efb-1769-4e93-a17e-11f0d9834bcc","50ab96ff-2523-45d1-8595-00b37a28f29e","781d2769-3d71-4ed9-829d-d745be0fbd6e","8f0532fc-ebc6-4b0b-9fb0-4e010db44ea0","8f616f35-37f7-4aef-813f-428b192fdd24","a5f2d7f3-60b1-400b-8f91-f6403d9e7442","cabe54b4-68f5-4047-9a69-f3a33abca056","d78d9010-3d05-4faf-a72b-008ae0f5db62","e89f3dd1-1609-47c4-b490-a9358c7f09a8","eef2472f-e20e-4582-83ca-9fccd623673e"]}},{"type":"Feature","geometry":{"type":"Polygon","coordinates":[[[28.885178411879828,70.87675170679124],[28.912023373229157,70.87675170679124],[28.912023373229157,70.88573481854115],[28.885178411879828,70.88573481854115],[28.885178411879828,70.87675170679124]]]},"properties":{"cell_id":"1076_7890","expected_nets":0.0143,"particle_count":25,"n_nets":15,"contributing_net_ids":["0b254efb-1769-4e93-a17e-11f0d9834bcc","2e00546b-1350-4f4a-84bd-55da3dcb55ed","372da560-3ffc-4c03-9e63-083a0c2edeae","50ab96ff-2523-45d1-8595-00b37a28f29e","5b5fdf6e-34fa-446c-a7f8-338b8f980dea","60968c7c-8266-471c-84ae-1f14936bfba6","781d2769-3d71-4ed9-829d-d745be0fbd6e","86fbc2f8-6e1e-4162-8855-d19e180e5ce9","8f616f35-37f7-4aef-813f-428b192fdd24","92774a0e-6c8c-4eea-b18e-be40e50056f7","bd2b6276-a7fe-4197-a967-101d706af8ed","c4c6d9a6-bf57-4182-966d-55046e277ae0","d78d9010-3d05-4faf-a72b-008ae0f5db62","eb7dd3b7-cce2-46a9-92d0-08b1c6f49b7d","fb076de6-0572-43d4-92cd-757bd343d372"]}},{"type":"Feature","geometry":{"type":"Polygon","coordinates":[[[29.77106213640774,70.72403880704276],[29.79790709775707,70.72403880704276],[29.79790709775707,70.73302191879267],[29.77106213640774,70.73302191879267],[29.77106213640774,70.72403880704276]]]},"properties":{"cell_id":"1109_7873","expected_nets":0.0143,"particle_count":24,"n_nets":14,"contributing_net_ids":["0b254efb-1769-4e93-a17e-11f0d9834bcc","17b986f2-2962-4704-b0e1-eabe0cbc5fed","2e00546b-1350-4f4a-84bd-55da3dcb55ed","50ab96ff-2523-45d1-8595-00b37a28f29e","86fbc2f8-6e1e-4162-8855-d19e180e5ce9","8f0532fc-ebc6-4b0b-9fb0-4e010db44ea0","8f616f35-37f7-4aef-813f-428b192fdd24","a5f2d7f3-60b1-400b-8f91-f6403d9e7442","b31191d1-ab4d-46ca-9c4a-de20a2e095a1","b8992d3d-bdb5-448a-9ea1-25b236fc3a05","d78d9010-3d05-4faf-a72b-008ae0f5db62","e7bca5ed-e073-45a9-bcb6-86ee920223fc","eb7dd3b7-cce2-46a9-92d0-08b1c6f49b7d","fb076de6-0572-43d4-92cd-757bd343d372"]}},{"type":"Feature","geometry":{"type":"Polygon","coordinates":[[[28.106674532749235,71.07438016528926],[28.133519494098564,71.07438016528926],[28.133519494098564,71.08336327703917],[28.106674532749235,71.08336327703917],[28.106674532749235,71.07438016528926]]]},"properties":{"cell_id":"1047_7912","expected_nets":0.014,"particle_count":18,"n_nets":13,"contributing_net_ids":["15e549ea-ffd5-4ec2-98b7-32276621e3f2","2e00546b-1350-4f4a-84bd-55da3dcb55ed","2e3e2f82-02e3-45d3-9acb-e62d643605a6","50ab96ff-2523-45d1-8595-00b37a28f29e","540f98c5-00b4-431a-bccf-3255f8b4ce5f","568c48d8-7903-40cc-9fda-3bb3c1d00a00","781d2769-3d71-4ed9-829d-d745be0fbd6e","8f616f35-37f7-4aef-813f-428b192fdd24","92774a0e-6c8c-4eea-b18e-be40e50056f7","bd2b6276-a7fe-4197-a967-101d706af8ed","e89f3dd1-1609-47c4-b490-a9358c7f09a8","eb7dd3b7-cce2-46a9-92d0-08b1c6f49b7d","f8bfcb7e-c7fd-402c-b02c-4f35bae30cbb"]}},{"type":"Feature","geometry":{"type":"Polygon","coordinates":[[[29.31469779346912,70.10420409629896],[29.341542754818448,70.10420409629896],[29.341542754818448,70.11318720804887],[29.31469779346912,70.11318720804887],[29.31469779346912,70.10420409629896]]]},"properties":{"cell_id":"1092_7804","expected_nets":0.014,"particle_count":56,"n_nets":13,"contributing_net_ids":["178a8ce9-4d9c-4e1e-b6b9-6131b016ac1f","183b3a5b-2fd0-4d2a-9c77-77281bb30173","2649e37d-4983-4386-bc52-e0093db3ec65","2a840416-2518-4cd8-9332-09ee6dfac95f","36c0b306-27cf-4788-a28e-37a6791e6842","5bc9b541-9afc-45ba-95db-3a4685de44a3","5ca74a64-d88d-45cb-a627-c8a2b8eea308","6ae9c1b0-2a7f-4315-a8f6-7e6491c6cb74","6c6c4be3-4036-4a62-8c92-47730a8c7aeb","73b4a014-4822-4620-9d9e-4cc02ebf79ab","c52841a4-c77e-4497-a4e9-73f605567542","cd20f9be-e4bb-436b-ad0c-563775f7c010","e987972b-877b-44cf-b400-eaef3df7f643"]}},{"type":"Feature","geometry":{"type":"Polygon","coordinates":[[[28.938868334578487,70.87675170679124],[28.965713295927817,70.87675170679124],[28.965713295927817,70.88573481854115],[28.938868334578487,70.88573481854115],[28.938868334578487,70.87675170679124]]]},"properties":{"cell_id":"1078_7890","expected_nets":0.0135,"particle_count":15,"n_nets":11,"contributing_net_ids":["01a0254d-21d3-43e2-a1f8-1df90cc7a881","0b254efb-1769-4e93-a17e-11f0d9834bcc","2e00546b-1350-4f4a-84bd-55da3dcb55ed","2e3e2f82-02e3-45d3-9acb-e62d643605a6","372da560-3ffc-4c03-9e63-083a0c2edeae","501f7877-ea08-4c1e-bb0c-f805d7b93531","50ab96ff-2523-45d1-8595-00b37a28f29e","8f0532fc-ebc6-4b0b-9fb0-4e010db44ea0","8f616f35-37f7-4aef-813f-428b192fdd24","e5dc0a98-2f84-4a90-abe0-8b1a1d0116ed","fb076de6-0572-43d4-92cd-757bd343d372"]}},{"type":"Feature","geometry":{"type":"Polygon","coordinates":[[[29.42207763886644,70.08623787279913],[29.44892260021577,70.08623787279913],[29.44892260021577,70.09522098454904],[29.42207763886644,70.09522098454904],[29.42207763886644,70.08623787279913]]]},"properties":{"cell_id":"1096_7802","expected_nets":0.0135,"particle_count":54,"n_nets":15,"contributing_net_ids":["178a8ce9-4d9c-4e1e-b6b9-6131b016ac1f","183b3a5b-2fd0-4d2a-9c77-77281bb30173","2649e37d-4983-4386-bc52-e0093db3ec65","36c0b306-27cf-4788-a28e-37a6791e6842","5bc9b541-9afc-45ba-95db-3a4685de44a3","5ca74a64-d88d-45cb-a627-c8a2b8eea308","6ae9c1b0-2a7f-4315-a8f6-7e6491c6cb74","6b2ff976-a86c-46ff-9367-7349073cc0be","6c6c4be3-4036-4a62-8c92-47730a8c7aeb","73b4a014-4822-4620-9d9e-4cc02ebf79ab","875fd11c-f2c7-4f5c-9d85-3053dab0618b","b826b39f-0f3c-499e-baf6-7ac015b5659d","c52841a4-c77e-4497-a4e9-73f605567542","cd20f9be-e4bb-436b-ad0c-563775f7c010","e987972b-877b-44cf-b400-eaef3df7f643"]}},{"type":"Feature","geometry":{"type":"Polygon","coordinates":[[[29.44892260021577,70.09522098454904],[29.4757675615651,70.09522098454904],[29.4757675615651,70.10420409629896],[29.44892260021577,70.10420409629896],[29.44892260021577,70.09522098454904]]]},"properties":{"cell_id":"1097_7803","expected_nets":0.0132,"particle_count":53,"n_nets":14,"contributing_net_ids":["178a8ce9-4d9c-4e1e-b6b9-6131b016ac1f","2649e37d-4983-4386-bc52-e0093db3ec65","2a840416-2518-4cd8-9332-09ee6dfac95f","36c0b306-27cf-4788-a28e-37a6791e6842","5bc9b541-9afc-45ba-95db-3a4685de44a3","5ca74a64-d88d-45cb-a627-c8a2b8eea308","6ae9c1b0-2a7f-4315-a8f6-7e6491c6cb74","6b2ff976-a86c-46ff-9367-7349073cc0be","6c6c4be3-4036-4a62-8c92-47730a8c7aeb","73b4a014-4822-4620-9d9e-4cc02ebf79ab","875fd11c-f2c7-4f5c-9d85-3053dab0618b","c52841a4-c77e-4497-a4e9-73f605567542","cd20f9be-e4bb-436b-ad0c-563775f7c010","e987972b-877b-44cf-b400-eaef3df7f643"]}},{"type":"Feature","geometry":{"type":"Polygon","coordinates":[[[29.502612522914433,70.09522098454904],[29.529457484263762,70.09522098454904],[29.529457484263762,70.10420409629896],[29.502612522914433,70.10420409629896],[29.502612522914433,70.09522098454904]]]},"properties":{"cell_id":"1099_7803","expected_nets":0.0132,"particle_count":53,"n_nets":14,"contributing_net_ids":["178a8ce9-4d9c-4e1e-b6b9-6131b016ac1f","183b3a5b-2fd0-4d2a-9c77-77281bb30173","2a840416-2518-4cd8-9332-09ee6dfac95f","36c0b306-27cf-4788-a28e-37a6791e6842","5bc9b541-9afc-45ba-95db-3a4685de44a3","5ca74a64-d88d-45cb-a627-c8a2b8eea308","6ae9c1b0-2a7f-4315-a8f6-7e6491c6cb74","6b2ff976-a86c-46ff-9367-7349073cc0be","6c6c4be3-4036-4a62-8c92-47730a8c7aeb","73b4a014-4822-4620-9d9e-4cc02ebf79ab","875fd11c-f2c7-4f5c-9d85-3053dab0618b","c52841a4-c77e-4497-a4e9-73f605567542","cd20f9be-e4bb-436b-ad0c-563775f7c010","e987972b-877b-44cf-b400-eaef3df7f643"]}},{"type":"Feature","geometry":{"type":"Polygon","coordinates":[[[29.985821827202386,70.70607258354293],[30.012666788551716,70.70607258354293],[30.012666788551716,70.71505569529285],[29.985821827202386,70.71505569529285],[29.985821827202386,70.70607258354293]]]},"properties":{"cell_id":"1117_7871","expected_nets":0.0132,"particle_count":17,"n_nets":11,"contributing_net_ids":["01a0254d-21d3-43e2-a1f8-1df90cc7a881","2c38e76b-b975-4368-8686-873e9d17b862","2e00546b-1350-4f4a-84bd-55da3dcb55ed","50ab96ff-2523-45d1-8595-00b37a28f29e","540f98c5-00b4-431a-bccf-3255f8b4ce5f","5e862cee-8b9f-45d7-8ca0-daaa28a39706","8f0532fc-ebc6-4b0b-9fb0-4e010db44ea0","9267ffae-e862-4c0c-8303-e43fbba92f68","a5f2d7f3-60b1-400b-8f91-f6403d9e7442","d78d9010-3d05-4faf-a72b-008ae0f5db62","e7bca5ed-e073-45a9-bcb6-86ee920223fc"]}},{"type":"Feature","geometry":{"type":"Polygon","coordinates":[[[28.804643527831836,70.86776859504133],[28.831488489181165,70.86776859504133],[28.831488489181165,70.87675170679124],[28.804643527831836,70.87675170679124],[28.804643527831836,70.86776859504133]]]},"properties":{"cell_id":"1073_7889","expected_nets":0.013,"particle_count":28,"n_nets":18,"contributing_net_ids":["0b254efb-1769-4e93-a17e-11f0d9834bcc","15e549ea-ffd5-4ec2-98b7-32276621e3f2","17b986f2-2962-4704-b0e1-eabe0cbc5fed","2c38e76b-b975-4368-8686-873e9d17b862","2e00546b-1350-4f4a-84bd-55da3dcb55ed","2e3e2f82-02e3-45d3-9acb-e62d643605a6","372da560-3ffc-4c03-9e63-083a0c2edeae","50ab96ff-2523-45d1-8595-00b37a28f29e","781d2769-3d71-4ed9-829d-d745be0fbd6e","86fbc2f8-6e1e-4162-8855-d19e180e5ce9","8f0532fc-ebc6-4b0b-9fb0-4e010db44ea0","8f616f35-37f7-4aef-813f-428b192fdd24","9267ffae-e862-4c0c-8303-e43fbba92f68","b68c38a7-1ccd-4ae6-9801-c4f2ce607946","e89f3dd1-1609-47c4-b490-a9358c7f09a8","eef2472f-e20e-4582-83ca-9fccd623673e","f8bfcb7e-c7fd-402c-b02c-4f35bae30cbb","fb076de6-0572-43d4-92cd-757bd343d372"]}},{"type":"Feature","geometry":{"type":"Polygon","coordinates":[[[29.261007870770456,70.11318720804887],[29.287852832119786,70.11318720804887],[29.287852832119786,70.12217031979878],[29.261007870770456,70.12217031979878],[29.261007870770456,70.11318720804887]]]},"properties":{"cell_id":"1090_7805","expected_nets":0.013,"particle_count":52,"n_nets":14,"contributing_net_ids":["178a8ce9-4d9c-4e1e-b6b9-6131b016ac1f","183b3a5b-2fd0-4d2a-9c77-77281bb30173","2649e37d-4983-4386-bc52-e0093db3ec65","2a840416-2518-4cd8-9332-09ee6dfac95f","36c0b306-27cf-4788-a28e-37a6791e6842","5bc9b541-9afc-45ba-95db-3a4685de44a3","5ca74a64-d88d-45cb-a627-c8a2b8eea308","6ae9c1b0-2a7f-4315-a8f6-7e6491c6cb74","6c6c4be3-4036-4a62-8c92-47730a8c7aeb","73b4a014-4822-4620-9d9e-4cc02ebf79ab","b826b39f-0f3c-499e-baf6-7ac015b5659d","c52841a4-c77e-4497-a4e9-73f605567542","cd20f9be-e4bb-436b-ad0c-563775f7c010","e987972b-877b-44cf-b400-eaef3df7f643"]}},{"type":"Feature","geometry":{"type":"Polygon","coordinates":[[[26.576511735837386,70.94861660079052],[26.603356697186715,70.94861660079052],[26.603356697186715,70.95759971254043],[26.576511735837386,70.95759971254043],[26.576511735837386,70.94861660079052]]]},"properties":{"cell_id":"990_7898","expected_nets":0.013,"particle_count":13,"n_nets":9,"contributing_net_ids":["4962aa82-3d1a-4be7-b9ea-34e28c780540","501f7877-ea08-4c1e-bb0c-f805d7b93531","540f98c5-00b4-431a-bccf-3255f8b4ce5f","8f616f35-37f7-4aef-813f-428b192fdd24","92774a0e-6c8c-4eea-b18e-be40e50056f7","b68c38a7-1ccd-4ae6-9801-c4f2ce607946","bd2b6276-a7fe-4197-a967-101d706af8ed","eb7dd3b7-cce2-46a9-92d0-08b1c6f49b7d","f8bfcb7e-c7fd-402c-b02c-4f35bae30cbb"]}},{"type":"Feature","geometry":{"type":"Polygon","coordinates":[[[27.113410962824002,70.96658282429033],[27.14025592417333,70.96658282429033],[27.14025592417333,70.97556593604024],[27.113410962824002,70.97556593604024],[27.113410962824002,70.96658282429033]]]},"properties":{"cell_id":"1010_7900","expected_nets":0.0128,"particle_count":18,"n_nets":9,"contributing_net_ids":["00fb55ca-9483-401f-8f29-3e596d6d520c","01a0254d-21d3-43e2-a1f8-1df90cc7a881","2e00546b-1350-4f4a-84bd-55da3dcb55ed","501f7877-ea08-4c1e-bb0c-f805d7b93531","60968c7c-8266-471c-84ae-1f14936bfba6","9267ffae-e862-4c0c-8303-e43fbba92f68","9e759843-4dd6-4b50-bc24-49bb88f8f082","d78d9010-3d05-4faf-a72b-008ae0f5db62","eef2472f-e20e-4582-83ca-9fccd623673e"]}},{"type":"Feature","geometry":{"type":"Polygon","coordinates":[[[30.576410976887658,70.54437657204456],[30.603255938236988,70.54437657204456],[30.603255938236988,70.55335968379447],[30.576410976887658,70.55335968379447],[30.576410976887658,70.54437657204456]]]},"properties":{"cell_id":"1139_7853","expected_nets":0.0123,"particle_count":17,"n_nets":11,"contributing_net_ids":["0998896f-06e6-4fff-aa6b-85723c189a4e","17b986f2-2962-4704-b0e1-eabe0cbc5fed","480722bd-da61-4875-b683-a16666a03e20","4f1df18f-2aa1-40db-923c-9e7359a62300","540f98c5-00b4-431a-bccf-3255f8b4ce5f","686eb669-1bde-4980-a523-5e9cf5270174","6e83e64b-da9b-4221-849e-1847280a05af","b8992d3d-bdb5-448a-9ea1-25b236fc3a05","bd2b6276-a7fe-4197-a967-101d706af8ed","e7bca5ed-e073-45a9-bcb6-86ee920223fc","fc902618-75c5-4c29-b03e-964ebd1caf5c"]}},{"type":"Feature","geometry":{"type":"Polygon","coordinates":[[[27.113410962824002,70.95759971254043],[27.14025592417333,70.95759971254043],[27.14025592417333,70.96658282429034],[27.113410962824002,70.96658282429034],[27.113410962824002,70.95759971254043]]]},"properties":{"cell_id":"1010_7899","expected_nets":0.012,"particle_count":19,"n_nets":10,"contributing_net_ids":["00fb55ca-9483-401f-8f29-3e596d6d520c","01a0254d-21d3-43e2-a1f8-1df90cc7a881","0b254efb-1769-4e93-a17e-11f0d9834bcc","2c38e76b-b975-4368-8686-873e9d17b862","5b5fdf6e-34fa-446c-a7f8-338b8f980dea","9267ffae-e862-4c0c-8303-e43fbba92f68","9e759843-4dd6-4b50-bc24-49bb88f8f082","cabe54b4-68f5-4047-9a69-f3a33abca056","d78d9010-3d05-4faf-a72b-008ae0f5db62","eb7dd3b7-cce2-46a9-92d0-08b1c6f49b7d"]}},{"type":"Feature","geometry":{"type":"Polygon","coordinates":[[[29.636837329661084,70.71505569529285],[29.663682291010414,70.71505569529285],[29.663682291010414,70.72403880704276],[29.636837329661084,70.72403880704276],[29.636837329661084,70.71505569529285]]]},"properties":{"cell_id":"1104_7872","expected_nets":0.012,"particle_count":18,"n_nets":10,"contributing_net_ids":["0998896f-06e6-4fff-aa6b-85723c189a4e","0b254efb-1769-4e93-a17e-11f0d9834bcc","2e00546b-1350-4f4a-84bd-55da3dcb55ed","2e3e2f82-02e3-45d3-9acb-e62d643605a6","50ab96ff-2523-45d1-8595-00b37a28f29e","781d2769-3d71-4ed9-829d-d745be0fbd6e","8f0532fc-ebc6-4b0b-9fb0-4e010db44ea0","d78d9010-3d05-4faf-a72b-008ae0f5db62","e7bca5ed-e073-45a9-bcb6-86ee920223fc","fb076de6-0572-43d4-92cd-757bd343d372"]}},{"type":"Feature","geometry":{"type":"Polygon","coordinates":[[[30.120046633949038,70.06827164929932],[30.146891595298367,70.06827164929932],[30.146891595298367,70.07725476104923],[30.120046633949038,70.07725476104923],[30.120046633949038,70.06827164929932]]]},"properties":{"cell_id":"1122_7800","expected_nets":0.012,"particle_count":48,"n_nets":6,"contributing_net_ids":["0044b29c-5a23-4047-8f64-6763e05133e4","37e8bf79-8d0c-4820-9b6c-98fdaa828590","39d2f659-e666-4b43-ab4a-c4439252e729","444ac6fa-3c86-44c4-a0b0-2e7d79922517","59cde757-4957-437b-86cd-8d9932cbb5a2","b44ee1c5-8e80-49ac-93f1-e4399df11d7f"]}},{"type":"Feature","geometry":{"type":"Polygon","coordinates":[[[28.750953605133173,70.84081925979159],[28.777798566482502,70.84081925979159],[28.777798566482502,70.8498023715415],[28.750953605133173,70.8498023715415],[28.750953605133173,70.84081925979159]]]},"properties":{"cell_id":"1071_7886","expected_nets":0.0118,"particle_count":9,"n_nets":7,"contributing_net_ids":["540f98c5-00b4-431a-bccf-3255f8b4ce5f","5b5fdf6e-34fa-446c-a7f8-338b8f980dea","8f0532fc-ebc6-4b0b-9fb0-4e010db44ea0","8f616f35-37f7-4aef-813f-428b192fdd24","bd2b6276-a7fe-4197-a967-101d706af8ed","d78d9010-3d05-4faf-a72b-008ae0f5db62","e5dc0a98-2f84-4a90-abe0-8b1a1d0116ed"]}},{"type":"Feature","geometry":{"type":"Polygon","coordinates":[[[28.67041872108518,70.80488681279195],[28.69726368243451,70.80488681279195],[28.69726368243451,70.81386992454186],[28.67041872108518,70.81386992454186],[28.67041872108518,70.80488681279195]]]},"properties":{"cell_id":"1068_7882","expected_nets":0.0112,"particle_count":10,"n_nets":9,"contributing_net_ids":["456e18aa-ddf2-494e-b309-badf3802d91f","50ab96ff-2523-45d1-8595-00b37a28f29e","540f98c5-00b4-431a-bccf-3255f8b4ce5f","5b5fdf6e-34fa-446c-a7f8-338b8f980dea","86fbc2f8-6e1e-4162-8855-d19e180e5ce9","8f0532fc-ebc6-4b0b-9fb0-4e010db44ea0","a5f2d7f3-60b1-400b-8f91-f6403d9e7442","bd2b6276-a7fe-4197-a967-101d706af8ed","eef2472f-e20e-4582-83ca-9fccd623673e"]}},{"type":"Feature","geometry":{"type":"Polygon","coordinates":[[[31.086465242524945,70.39166367229609],[31.113310203874274,70.39166367229609],[31.113310203874274,70.400646784046],[31.086465242524945,70.400646784046],[31.086465242524945,70.39166367229609]]]},"properties":{"cell_id":"1158_7836","expected_nets":0.0112,"particle_count":24,"n_nets":14,"contributing_net_ids":["10194ba7-2aef-462c-a5d6-ac7c3f9bb11f","17b986f2-2962-4704-b0e1-eabe0cbc5fed","1cd692f0-e1bd-4f62-9162-4f5a33f16ae9","2c38e76b-b975-4368-8686-873e9d17b862","456e18aa-ddf2-494e-b309-badf3802d91f","483df2e5-9e99-4434-a3da-02126b74956e","4f1df18f-2aa1-40db-923c-9e7359a62300","686eb669-1bde-4980-a523-5e9cf5270174","6e83e64b-da9b-4221-849e-1847280a05af","9267ffae-e862-4c0c-8303-e43fbba92f68","a5827a71-1d16-4233-aebd-d14b478c5fff","b8992d3d-bdb5-448a-9ea1-25b236fc3a05","f387c842-0089-4044-8b4a-ccc41db5ee20","fc902618-75c5-4c29-b03e-964ebd1caf5c"]}},{"type":"Feature","geometry":{"type":"Polygon","coordinates":[[[27.113410962824002,70.91268415379088],[27.14025592417333,70.91268415379088],[27.14025592417333,70.92166726554079],[27.113410962824002,70.92166726554079],[27.113410962824002,70.91268415379088]]]},"properties":{"cell_id":"1010_7894","expected_nets":0.011,"particle_count":10,"n_nets":4,"contributing_net_ids":["00fb55ca-9483-401f-8f29-3e596d6d520c","9e759843-4dd6-4b50-bc24-49bb88f8f082","bac07fcb-7e10-44cb-894c-88ea9522b8e1","d78d9010-3d05-4faf-a72b-008ae0f5db62"]}},{"type":"Feature","geometry":{"type":"Polygon","coordinates":[[[27.623465228461285,71.1192957240388],[27.650310189810615,71.1192957240388],[27.650310189810615,71.12827883578872],[27.623465228461285,71.12827883578872],[27.623465228461285,71.1192957240388]]]},"properties":{"cell_id":"1029_7917","expected_nets":0.011,"particle_count":17,"n_nets":10,"contributing_net_ids":["00fb55ca-9483-401f-8f29-3e596d6d520c","2c38e76b-b975-4368-8686-873e9d17b862","50ab96ff-2523-45d1-8595-00b37a28f29e","5e862cee-8b9f-45d7-8ca0-daaa28a39706","781d2769-3d71-4ed9-829d-d745be0fbd6e","9e759843-4dd6-4b50-bc24-49bb88f8f082","a5827a71-1d16-4233-aebd-d14b478c5fff","cabe54b4-68f5-4047-9a69-f3a33abca056","d78d9010-3d05-4faf-a72b-008ae0f5db62","e89f3dd1-1609-47c4-b490-a9358c7f09a8"]}},{"type":"Feature","geometry":{"type":"Polygon","coordinates":[[[28.69726368243451,70.81386992454186],[28.72410864378384,70.81386992454186],[28.72410864378384,70.82285303629178],[28.69726368243451,70.82285303629178],[28.69726368243451,70.81386992454186]]]},"properties":{"cell_id":"1069_7883","expected_nets":0.011,"particle_count":11,"n_nets":9,"contributing_net_ids":["4962aa82-3d1a-4be7-b9ea-34e28c780540","540f98c5-00b4-431a-bccf-3255f8b4ce5f","568c48d8-7903-40cc-9fda-3bb3c1d00a00","8f0532fc-ebc6-4b0b-9fb0-4e010db44ea0","92774a0e-6c8c-4eea-b18e-be40e50056f7","a5827a71-1d16-4233-aebd-d14b478c5fff","bd2b6276-a7fe-4197-a967-101d706af8ed","e7bca5ed-e073-45a9-bcb6-86ee920223fc","fb076de6-0572-43d4-92cd-757bd343d372"]}},{"type":"Feature","geometry":{"type":"Polygon","coordinates":[[[29.556302445613092,70.07725476104923],[29.58314740696242,70.07725476104923],[29.58314740696242,70.08623787279915],[29.556302445613092,70.08623787279915],[29.556302445613092,70.07725476104923]]]},"properties":{"cell_id":"1101_7801","expected_nets":0.011,"particle_count":44,"n_nets":16,"contributing_net_ids":["178a8ce9-4d9c-4e1e-b6b9-6131b016ac1f","183b3a5b-2fd0-4d2a-9c77-77281bb30173","2649e37d-4983-4386-bc52-e0093db3ec65","2a840416-2518-4cd8-9332-09ee6dfac95f","36c0b306-27cf-4788-a28e-37a6791e6842","59cde757-4957-437b-86cd-8d9932cbb5a2","5bc9b541-9afc-45ba-95db-3a4685de44a3","5ca74a64-d88d-45cb-a627-c8a2b8eea308","6ae9c1b0-2a7f-4315-a8f6-7e6491c6cb74","6b2ff976-a86c-46ff-9367-7349073cc0be","6c6c4be3-4036-4a62-8c92-47730a8c7aeb","73b4a014-4822-4620-9d9e-4cc02ebf79ab","875fd11c-f2c7-4f5c-9d85-3053dab0618b","c52841a4-c77e-4497-a4e9-73f605567542","cd20f9be-e4bb-436b-ad0c-563775f7c010","e987972b-877b-44cf-b400-eaef3df7f643"]}},{"type":"Feature","geometry":{"type":"Polygon","coordinates":[[[29.636837329661084,70.07725476104923],[29.663682291010414,70.07725476104923],[29.663682291010414,70.08623787279915],[29.636837329661084,70.08623787279915],[29.636837329661084,70.07725476104923]]]},"properties":{"cell_id":"1104_7801","expected_nets":0.011,"particle_count":44,"n_nets":14,"contributing_net_ids":["178a8ce9-4d9c-4e1e-b6b9-6131b016ac1f","183b3a5b-2fd0-4d2a-9c77-77281bb30173","2649e37d-4983-4386-bc52-e0093db3ec65","2a840416-2518-4cd8-9332-09ee6dfac95f","36c0b306-27cf-4788-a28e-37a6791e6842","59cde757-4957-437b-86cd-8d9932cbb5a2","5bc9b541-9afc-45ba-95db-3a4685de44a3","5ca74a64-d88d-45cb-a627-c8a2b8eea308","6ae9c1b0-2a7f-4315-a8f6-7e6491c6cb74","6b2ff976-a86c-46ff-9367-7349073cc0be","73b4a014-4822-4620-9d9e-4cc02ebf79ab","875fd11c-f2c7-4f5c-9d85-3053dab0618b","cd20f9be-e4bb-436b-ad0c-563775f7c010","e987972b-877b-44cf-b400-eaef3df7f643"]}},{"type":"Feature","geometry":{"type":"Polygon","coordinates":[[[28.777798566482502,70.85878548329141],[28.804643527831832,70.85878548329141],[28.804643527831832,70.86776859504133],[28.777798566482502,70.86776859504133],[28.777798566482502,70.85878548329141]]]},"properties":{"cell_id":"1072_7888","expected_nets":0.0108,"particle_count":23,"n_nets":17,"contributing_net_ids":["01a0254d-21d3-43e2-a1f8-1df90cc7a881","0b254efb-1769-4e93-a17e-11f0d9834bcc","15e549ea-ffd5-4ec2-98b7-32276621e3f2","17b986f2-2962-4704-b0e1-eabe0cbc5fed","2c38e76b-b975-4368-8686-873e9d17b862","456e18aa-ddf2-494e-b309-badf3802d91f","4962aa82-3d1a-4be7-b9ea-34e28c780540","50ab96ff-2523-45d1-8595-00b37a28f29e","60968c7c-8266-471c-84ae-1f14936bfba6","781d2769-3d71-4ed9-829d-d745be0fbd6e","8f0532fc-ebc6-4b0b-9fb0-4e010db44ea0","9267ffae-e862-4c0c-8303-e43fbba92f68","9e759843-4dd6-4b50-bc24-49bb88f8f082","a5827a71-1d16-4233-aebd-d14b478c5fff","db5609ea-7fcf-45af-bff8-14dbe9b90f83","f8bfcb7e-c7fd-402c-b02c-4f35bae30cbb","fb076de6-0572-43d4-92cd-757bd343d372"]}},{"type":"Feature","geometry":{"type":"Polygon","coordinates":[[[30.146891595298367,70.06827164929932],[30.173736556647697,70.06827164929932],[30.173736556647697,70.07725476104923],[30.146891595298367,70.07725476104923],[30.146891595298367,70.06827164929932]]]},"properties":{"cell_id":"1123_7800","expected_nets":0.0108,"particle_count":43,"n_nets":5,"contributing_net_ids":["0044b29c-5a23-4047-8f64-6763e05133e4","37e8bf79-8d0c-4820-9b6c-98fdaa828590","39d2f659-e666-4b43-ab4a-c4439252e729","444ac6fa-3c86-44c4-a0b0-2e7d79922517","b44ee1c5-8e80-49ac-93f1-e4399df11d7f"]}},{"type":"Feature","geometry":{"type":"Polygon","coordinates":[[[30.60325593823699,70.54437657204456],[30.63010089958632,70.54437657204456],[30.63010089958632,70.55335968379447],[30.60325593823699,70.55335968379447],[30.60325593823699,70.54437657204456]]]},"properties":{"cell_id":"1140_7853","expected_nets":0.0108,"particle_count":17,"n_nets":13,"contributing_net_ids":["0998896f-06e6-4fff-aa6b-85723c189a4e","1cd692f0-e1bd-4f62-9162-4f5a33f16ae9","2e00546b-1350-4f4a-84bd-55da3dcb55ed","480722bd-da61-4875-b683-a16666a03e20","4f1df18f-2aa1-40db-923c-9e7359a62300","5b5fdf6e-34fa-446c-a7f8-338b8f980dea","686eb669-1bde-4980-a523-5e9cf5270174","a5f2d7f3-60b1-400b-8f91-f6403d9e7442","b31191d1-ab4d-46ca-9c4a-de20a2e095a1","bd2b6276-a7fe-4197-a967-101d706af8ed","d78d9010-3d05-4faf-a72b-008ae0f5db62","e7bca5ed-e073-45a9-bcb6-86ee920223fc","f387c842-0089-4044-8b4a-ccc41db5ee20"]}},{"type":"Feature","geometry":{"type":"Polygon","coordinates":[[[29.905286943154394,70.67912324829321],[29.932131904503724,70.67912324829321],[29.932131904503724,70.68810636004312],[29.905286943154394,70.68810636004312],[29.905286943154394,70.67912324829321]]]},"properties":{"cell_id":"1114_7868","expected_nets":0.0107,"particle_count":19,"n_nets":9,"contributing_net_ids":["0998896f-06e6-4fff-aa6b-85723c189a4e","50ab96ff-2523-45d1-8595-00b37a28f29e","568c48d8-7903-40cc-9fda-3bb3c1d00a00","781d2769-3d71-4ed9-829d-d745be0fbd6e","8f0532fc-ebc6-4b0b-9fb0-4e010db44ea0","8f616f35-37f7-4aef-813f-428b192fdd24","a5f2d7f3-60b1-400b-8f91-f6403d9e7442","b31191d1-ab4d-46ca-9c4a-de20a2e095a1","e7bca5ed-e073-45a9-bcb6-86ee920223fc"]}},{"type":"Feature","geometry":{"type":"Polygon","coordinates":[[[27.247635769570653,71.0294646065397],[27.274480730919983,71.0294646065397],[27.274480730919983,71.03844771828962],[27.247635769570653,71.03844771828962],[27.247635769570653,71.0294646065397]]]},"properties":{"cell_id":"1015_7907","expected_nets":0.0105,"particle_count":26,"n_nets":16,"contributing_net_ids":["00fb55ca-9483-401f-8f29-3e596d6d520c","15e549ea-ffd5-4ec2-98b7-32276621e3f2","17b986f2-2962-4704-b0e1-eabe0cbc5fed","2c38e76b-b975-4368-8686-873e9d17b862","2e00546b-1350-4f4a-84bd-55da3dcb55ed","372da560-3ffc-4c03-9e63-083a0c2edeae","501f7877-ea08-4c1e-bb0c-f805d7b93531","568c48d8-7903-40cc-9fda-3bb3c1d00a00","781d2769-3d71-4ed9-829d-d745be0fbd6e","9e759843-4dd6-4b50-bc24-49bb88f8f082","a5827a71-1d16-4233-aebd-d14b478c5fff","d78d9010-3d05-4faf-a72b-008ae0f5db62","e89f3dd1-1609-47c4-b490-a9358c7f09a8","eb7dd3b7-cce2-46a9-92d0-08b1c6f49b7d","eef2472f-e20e-4582-83ca-9fccd623673e","f8bfcb7e-c7fd-402c-b02c-4f35bae30cbb"]}},{"type":"Feature","geometry":{"type":"Polygon","coordinates":[[[29.663682291010417,69.9694574200503],[29.690527252359747,69.9694574200503],[29.690527252359747,69.97844053180022],[29.663682291010417,69.97844053180022],[29.663682291010417,69.9694574200503]]]},"properties":{"cell_id":"1105_7789","expected_nets":0.0105,"particle_count":42,"n_nets":16,"contributing_net_ids":["178a8ce9-4d9c-4e1e-b6b9-6131b016ac1f","183b3a5b-2fd0-4d2a-9c77-77281bb30173","2649e37d-4983-4386-bc52-e0093db3ec65","2a840416-2518-4cd8-9332-09ee6dfac95f","36c0b306-27cf-4788-a28e-37a6791e6842","59cde757-4957-437b-86cd-8d9932cbb5a2","5ca74a64-d88d-45cb-a627-c8a2b8eea308","6ae9c1b0-2a7f-4315-a8f6-7e6491c6cb74","6b2ff976-a86c-46ff-9367-7349073cc0be","6c6c4be3-4036-4a62-8c92-47730a8c7aeb","73b4a014-4822-4620-9d9e-4cc02ebf79ab","875fd11c-f2c7-4f5c-9d85-3053dab0618b","b826b39f-0f3c-499e-baf6-7ac015b5659d","c52841a4-c77e-4497-a4e9-73f605567542","cd20f9be-e4bb-436b-ad0c-563775f7c010","e987972b-877b-44cf-b400-eaef3df7f643"]}},{"type":"Feature","geometry":{"type":"Polygon","coordinates":[[[29.636837329661084,70.06827164929932],[29.663682291010414,70.06827164929932],[29.663682291010414,70.07725476104923],[29.636837329661084,70.07725476104923],[29.636837329661084,70.06827164929932]]]},"properties":{"cell_id":"1104_7800","expected_nets":0.0103,"particle_count":41,"n_nets":14,"contributing_net_ids":["178a8ce9-4d9c-4e1e-b6b9-6131b016ac1f","183b3a5b-2fd0-4d2a-9c77-77281bb30173","2649e37d-4983-4386-bc52-e0093db3ec65","2a840416-2518-4cd8-9332-09ee6dfac95f","36c0b306-27cf-4788-a28e-37a6791e6842","59cde757-4957-437b-86cd-8d9932cbb5a2","5bc9b541-9afc-45ba-95db-3a4685de44a3","5ca74a64-d88d-45cb-a627-c8a2b8eea308","6b2ff976-a86c-46ff-9367-7349073cc0be","6c6c4be3-4036-4a62-8c92-47730a8c7aeb","73b4a014-4822-4620-9d9e-4cc02ebf79ab","875fd11c-f2c7-4f5c-9d85-3053dab0618b","c52841a4-c77e-4497-a4e9-73f605567542","e987972b-877b-44cf-b400-eaef3df7f643"]}},{"type":"Feature","geometry":{"type":"Polygon","coordinates":[[[28.133519494098568,71.08336327703917],[28.160364455447898,71.08336327703917],[28.160364455447898,71.09234638878908],[28.133519494098568,71.09234638878908],[28.133519494098568,71.08336327703917]]]},"properties":{"cell_id":"1048_7913","expected_nets":0.01,"particle_count":26,"n_nets":14,"contributing_net_ids":["01a0254d-21d3-43e2-a1f8-1df90cc7a881","0b254efb-1769-4e93-a17e-11f0d9834bcc","17b986f2-2962-4704-b0e1-eabe0cbc5fed","2e00546b-1350-4f4a-84bd-55da3dcb55ed","2e3e2f82-02e3-45d3-9acb-e62d643605a6","372da560-3ffc-4c03-9e63-083a0c2edeae","4962aa82-3d1a-4be7-b9ea-34e28c780540","50ab96ff-2523-45d1-8595-00b37a28f29e","568c48d8-7903-40cc-9fda-3bb3c1d00a00","781d2769-3d71-4ed9-829d-d745be0fbd6e","92774a0e-6c8c-4eea-b18e-be40e50056f7","d78d9010-3d05-4faf-a72b-008ae0f5db62","eef2472f-e20e-4582-83ca-9fccd623673e","f8bfcb7e-c7fd-402c-b02c-4f35bae30cbb"]}},{"type":"Feature","geometry":{"type":"Polygon","coordinates":[[[28.69726368243451,70.82285303629178],[28.72410864378384,70.82285303629178],[28.72410864378384,70.83183614804169],[28.69726368243451,70.83183614804169],[28.69726368243451,70.82285303629178]]]},"properties":{"cell_id":"1069_7884","expected_nets":0.01,"particle_count":16,"n_nets":14,"contributing_net_ids":["01a0254d-21d3-43e2-a1f8-1df90cc7a881","0b254efb-1769-4e93-a17e-11f0d9834bcc","15e549ea-ffd5-4ec2-98b7-32276621e3f2","372da560-3ffc-4c03-9e63-083a0c2edeae","4962aa82-3d1a-4be7-b9ea-34e28c780540","568c48d8-7903-40cc-9fda-3bb3c1d00a00","781d2769-3d71-4ed9-829d-d745be0fbd6e","86fbc2f8-6e1e-4162-8855-d19e180e5ce9","8f0532fc-ebc6-4b0b-9fb0-4e010db44ea0","92774a0e-6c8c-4eea-b18e-be40e50056f7","a5f2d7f3-60b1-400b-8f91-f6403d9e7442","bd2b6276-a7fe-4197-a967-101d706af8ed","e5dc0a98-2f84-4a90-abe0-8b1a1d0116ed","e7bca5ed-e073-45a9-bcb6-86ee920223fc"]}},{"type":"Feature","geometry":{"type":"Polygon","coordinates":[[[28.912023373229157,70.87675170679124],[28.938868334578487,70.87675170679124],[28.938868334578487,70.88573481854115],[28.912023373229157,70.88573481854115],[28.912023373229157,70.87675170679124]]]},"properties":{"cell_id":"1077_7890","expected_nets":0.01,"particle_count":16,"n_nets":9,"contributing_net_ids":["0b254efb-1769-4e93-a17e-11f0d9834bcc","2e3e2f82-02e3-45d3-9acb-e62d643605a6","50ab96ff-2523-45d1-8595-00b37a28f29e","5b5fdf6e-34fa-446c-a7f8-338b8f980dea","8f616f35-37f7-4aef-813f-428b192fdd24","9267ffae-e862-4c0c-8303-e43fbba92f68","92774a0e-6c8c-4eea-b18e-be40e50056f7","a5f2d7f3-60b1-400b-8f91-f6403d9e7442","d78d9010-3d05-4faf-a72b-008ae0f5db62"]}},{"type":"Feature","geometry":{"type":"Polygon","coordinates":[[[29.153628025373134,70.12217031979878],[29.180472986722464,70.12217031979878],[29.180472986722464,70.1311534315487],[29.153628025373134,70.1311534315487],[29.153628025373134,70.12217031979878]]]},"properties":{"cell_id":"1086_7806","expected_nets":0.01,"particle_count":40,"n_nets":9,"contributing_net_ids":["178a8ce9-4d9c-4e1e-b6b9-6131b016ac1f","183b3a5b-2fd0-4d2a-9c77-77281bb30173","2649e37d-4983-4386-bc52-e0093db3ec65","6ae9c1b0-2a7f-4315-a8f6-7e6491c6cb74","6c6c4be3-4036-4a62-8c92-47730a8c7aeb","73b4a014-4822-4620-9d9e-4cc02ebf79ab","b826b39f-0f3c-499e-baf6-7ac015b5659d","c52841a4-c77e-4497-a4e9-73f605567542","cd20f9be-e4bb-436b-ad0c-563775f7c010"]}},{"type":"Feature","geometry":{"type":"Polygon","coordinates":[[[29.663682291010417,70.07725476104923],[29.690527252359747,70.07725476104923],[29.690527252359747,70.08623787279915],[29.663682291010417,70.08623787279915],[29.663682291010417,70.07725476104923]]]},"properties":{"cell_id":"1105_7801","expected_nets":0.01,"particle_count":40,"n_nets":14,"contributing_net_ids":["178a8ce9-4d9c-4e1e-b6b9-6131b016ac1f","183b3a5b-2fd0-4d2a-9c77-77281bb30173","2649e37d-4983-4386-bc52-e0093db3ec65","2a840416-2518-4cd8-9332-09ee6dfac95f","59cde757-4957-437b-86cd-8d9932cbb5a2","5bc9b541-9afc-45ba-95db-3a4685de44a3","5ca74a64-d88d-45cb-a627-c8a2b8eea308","6ae9c1b0-2a7f-4315-a8f6-7e6491c6cb74","6b2ff976-a86c-46ff-9367-7349073cc0be","6c6c4be3-4036-4a62-8c92-47730a8c7aeb","73b4a014-4822-4620-9d9e-4cc02ebf79ab","875fd11c-f2c7-4f5c-9d85-3053dab0618b","cd20f9be-e4bb-436b-ad0c-563775f7c010","e987972b-877b-44cf-b400-eaef3df7f643"]}},{"type":"Feature","geometry":{"type":"Polygon","coordinates":[[[30.898550513079627,70.24793388429752],[30.925395474428957,70.24793388429752],[30.925395474428957,70.25691699604744],[30.898550513079627,70.25691699604744],[30.898550513079627,70.24793388429752]]]},"properties":{"cell_id":"1151_7820","expected_nets":0.01,"particle_count":13,"n_nets":3,"contributing_net_ids":["43c5d8b6-1fb3-465b-b441-487f33c6a908","bc3ed7a1-c829-44b9-9a0c-f2ea4fcc06b7","cb0ddc2d-92e0-4234-b4cb-6ca7c091c319"]}},{"type":"Feature","geometry":{"type":"Polygon","coordinates":[[[27.91875980330392,71.05641394178943],[27.94560476465325,71.05641394178943],[27.94560476465325,71.06539705353934],[27.91875980330392,71.06539705353934],[27.91875980330392,71.05641394178943]]]},"properties":{"cell_id":"1040_7910","expected_nets":0.0097,"particle_count":19,"n_nets":11,"contributing_net_ids":["01a0254d-21d3-43e2-a1f8-1df90cc7a881","0b254efb-1769-4e93-a17e-11f0d9834bcc","4962aa82-3d1a-4be7-b9ea-34e28c780540","50ab96ff-2523-45d1-8595-00b37a28f29e","568c48d8-7903-40cc-9fda-3bb3c1d00a00","781d2769-3d71-4ed9-829d-d745be0fbd6e","86fbc2f8-6e1e-4162-8855-d19e180e5ce9","8f616f35-37f7-4aef-813f-428b192fdd24","9267ffae-e862-4c0c-8303-e43fbba92f68","e5dc0a98-2f84-4a90-abe0-8b1a1d0116ed","eb7dd3b7-cce2-46a9-92d0-08b1c6f49b7d"]}},{"type":"Feature","geometry":{"type":"Polygon","coordinates":[[[27.94560476465325,71.06539705353934],[27.97244972600258,71.06539705353934],[27.97244972600258,71.07438016528926],[27.94560476465325,71.07438016528926],[27.94560476465325,71.06539705353934]]]},"properties":{"cell_id":"1041_7911","expected_nets":0.0097,"particle_count":15,"n_nets":11,"contributing_net_ids":["0b254efb-1769-4e93-a17e-11f0d9834bcc","2e3e2f82-02e3-45d3-9acb-e62d643605a6","372da560-3ffc-4c03-9e63-083a0c2edeae","50ab96ff-2523-45d1-8595-00b37a28f29e","540f98c5-00b4-431a-bccf-3255f8b4ce5f","781d2769-3d71-4ed9-829d-d745be0fbd6e","8f616f35-37f7-4aef-813f-428b192fdd24","92774a0e-6c8c-4eea-b18e-be40e50056f7","a5827a71-1d16-4233-aebd-d14b478c5fff","d78d9010-3d05-4faf-a72b-008ae0f5db62","eef2472f-e20e-4582-83ca-9fccd623673e"]}},{"type":"Feature","geometry":{"type":"Polygon","coordinates":[[[27.94560476465325,71.07438016528926],[27.97244972600258,71.07438016528926],[27.97244972600258,71.08336327703917],[27.94560476465325,71.08336327703917],[27.94560476465325,71.07438016528926]]]},"properties":{"cell_id":"1041_7912","expected_nets":0.0097,"particle_count":20,"n_nets":15,"contributing_net_ids":["00fb55ca-9483-401f-8f29-3e596d6d520c","01a0254d-21d3-43e2-a1f8-1df90cc7a881","2e00546b-1350-4f4a-84bd-55da3dcb55ed","50ab96ff-2523-45d1-8595-00b37a28f29e","5e862cee-8b9f-45d7-8ca0-daaa28a39706","781d2769-3d71-4ed9-829d-d745be0fbd6e","86fbc2f8-6e1e-4162-8855-d19e180e5ce9","8f616f35-37f7-4aef-813f-428b192fdd24","9267ffae-e862-4c0c-8303-e43fbba92f68","a5827a71-1d16-4233-aebd-d14b478c5fff","b68c38a7-1ccd-4ae6-9801-c4f2ce607946","cabe54b4-68f5-4047-9a69-f3a33abca056","e89f3dd1-1609-47c4-b490-a9358c7f09a8","eb7dd3b7-cce2-46a9-92d0-08b1c6f49b7d","f8bfcb7e-c7fd-402c-b02c-4f35bae30cbb"]}},{"type":"Feature","geometry":{"type":"Polygon","coordinates":[[[29.1267830640238,70.12217031979878],[29.15362802537313,70.12217031979878],[29.15362802537313,70.1311534315487],[29.1267830640238,70.1311534315487],[29.1267830640238,70.12217031979878]]]},"properties":{"cell_id":"1085_7806","expected_nets":0.0097,"particle_count":39,"n_nets":9,"contributing_net_ids":["178a8ce9-4d9c-4e1e-b6b9-6131b016ac1f","183b3a5b-2fd0-4d2a-9c77-77281bb30173","2649e37d-4983-4386-bc52-e0093db3ec65","5bc9b541-9afc-45ba-95db-3a4685de44a3","6ae9c1b0-2a7f-4315-a8f6-7e6491c6cb74","6c6c4be3-4036-4a62-8c92-47730a8c7aeb","c52841a4-c77e-4497-a4e9-73f605567542","cd20f9be-e4bb-436b-ad0c-563775f7c010","e987972b-877b-44cf-b400-eaef3df7f643"]}},{"type":"Feature","geometry":{"type":"Polygon","coordinates":[[[28.858333450530495,70.87675170679124],[28.885178411879824,70.87675170679124],[28.885178411879824,70.88573481854115],[28.858333450530495,70.88573481854115],[28.858333450530495,70.87675170679124]]]},"properties":{"cell_id":"1075_7890","expected_nets":0.0092,"particle_count":16,"n_nets":11,"contributing_net_ids":["17b986f2-2962-4704-b0e1-eabe0cbc5fed","372da560-3ffc-4c03-9e63-083a0c2edeae","50ab96ff-2523-45d1-8595-00b37a28f29e","781d2769-3d71-4ed9-829d-d745be0fbd6e","86fbc2f8-6e1e-4162-8855-d19e180e5ce9","8f0532fc-ebc6-4b0b-9fb0-4e010db44ea0","a5827a71-1d16-4233-aebd-d14b478c5fff","b68c38a7-1ccd-4ae6-9801-c4f2ce607946","cabe54b4-68f5-4047-9a69-f3a33abca056","d78d9010-3d05-4faf-a72b-008ae0f5db62","e5dc0a98-2f84-4a90-abe0-8b1a1d0116ed"]}},{"type":"Feature","geometry":{"type":"Polygon","coordinates":[[[26.549666774488056,70.94861660079052],[26.576511735837386,70.94861660079052],[26.576511735837386,70.95759971254043],[26.549666774488056,70.95759971254043],[26.549666774488056,70.94861660079052]]]},"properties":{"cell_id":"989_7898","expected_nets":0.0092,"particle_count":19,"n_nets":13,"contributing_net_ids":["15e549ea-ffd5-4ec2-98b7-32276621e3f2","17b986f2-2962-4704-b0e1-eabe0cbc5fed","2c38e76b-b975-4368-8686-873e9d17b862","540f98c5-00b4-431a-bccf-3255f8b4ce5f","5b5fdf6e-34fa-446c-a7f8-338b8f980dea","5e862cee-8b9f-45d7-8ca0-daaa28a39706","60968c7c-8266-471c-84ae-1f14936bfba6","86fbc2f8-6e1e-4162-8855-d19e180e5ce9","8f616f35-37f7-4aef-813f-428b192fdd24","b68c38a7-1ccd-4ae6-9801-c4f2ce607946","e5dc0a98-2f84-4a90-abe0-8b1a1d0116ed","eb7dd3b7-cce2-46a9-92d0-08b1c6f49b7d","fb076de6-0572-43d4-92cd-757bd343d372"]}},{"type":"Feature","geometry":{"type":"Polygon","coordinates":[[[28.160364455447898,71.09234638878908],[28.187209416797227,71.09234638878908],[28.187209416797227,71.101329500539],[28.160364455447898,71.101329500539],[28.160364455447898,71.09234638878908]]]},"properties":{"cell_id":"1049_7914","expected_nets":0.009,"particle_count":17,"n_nets":12,"contributing_net_ids":["01a0254d-21d3-43e2-a1f8-1df90cc7a881","0b254efb-1769-4e93-a17e-11f0d9834bcc","2e00546b-1350-4f4a-84bd-55da3dcb55ed","4962aa82-3d1a-4be7-b9ea-34e28c780540","50ab96ff-2523-45d1-8595-00b37a28f29e","781d2769-3d71-4ed9-829d-d745be0fbd6e","92774a0e-6c8c-4eea-b18e-be40e50056f7","b68c38a7-1ccd-4ae6-9801-c4f2ce607946","d78d9010-3d05-4faf-a72b-008ae0f5db62","e5dc0a98-2f84-4a90-abe0-8b1a1d0116ed","eb7dd3b7-cce2-46a9-92d0-08b1c6f49b7d","f8bfcb7e-c7fd-402c-b02c-4f35bae30cbb"]}},{"type":"Feature","geometry":{"type":"Polygon","coordinates":[[[28.777798566482502,70.8498023715415],[28.804643527831832,70.8498023715415],[28.804643527831832,70.85878548329141],[28.777798566482502,70.85878548329141],[28.777798566482502,70.8498023715415]]]},"properties":{"cell_id":"1072_7887","expected_nets":0.009,"particle_count":13,"n_nets":11,"contributing_net_ids":["17b986f2-2962-4704-b0e1-eabe0cbc5fed","372da560-3ffc-4c03-9e63-083a0c2edeae","4962aa82-3d1a-4be7-b9ea-34e28c780540","501f7877-ea08-4c1e-bb0c-f805d7b93531","50ab96ff-2523-45d1-8595-00b37a28f29e","540f98c5-00b4-431a-bccf-3255f8b4ce5f","568c48d8-7903-40cc-9fda-3bb3c1d00a00","5b5fdf6e-34fa-446c-a7f8-338b8f980dea","8f616f35-37f7-4aef-813f-428b192fdd24","9267ffae-e862-4c0c-8303-e43fbba92f68","a5827a71-1d16-4233-aebd-d14b478c5fff"]}},{"type":"Feature","geometry":{"type":"Polygon","coordinates":[[[29.690527252359747,70.07725476104923],[29.717372213709076,70.07725476104923],[29.717372213709076,70.08623787279915],[29.690527252359747,70.08623787279915],[29.690527252359747,70.07725476104923]]]},"properties":{"cell_id":"1106_7801","expected_nets":0.009,"particle_count":36,"n_nets":12,"contributing_net_ids":["178a8ce9-4d9c-4e1e-b6b9-6131b016ac1f","183b3a5b-2fd0-4d2a-9c77-77281bb30173","2a840416-2518-4cd8-9332-09ee6dfac95f","36c0b306-27cf-4788-a28e-37a6791e6842","59cde757-4957-437b-86cd-8d9932cbb5a2","5bc9b541-9afc-45ba-95db-3a4685de44a3","5ca74a64-d88d-45cb-a627-c8a2b8eea308","6c6c4be3-4036-4a62-8c92-47730a8c7aeb","73b4a014-4822-4620-9d9e-4cc02ebf79ab","875fd11c-f2c7-4f5c-9d85-3053dab0618b","cd20f9be-e4bb-436b-ad0c-563775f7c010","e987972b-877b-44cf-b400-eaef3df7f643"]}},{"type":"Feature","geometry":{"type":"Polygon","coordinates":[[[29.287852832119786,70.01437297879986],[29.314697793469115,70.01437297879986],[29.314697793469115,70.02335609054977],[29.287852832119786,70.02335609054977],[29.287852832119786,70.01437297879986]]]},"properties":{"cell_id":"1091_7794","expected_nets":0.0088,"particle_count":35,"n_nets":14,"contributing_net_ids":["178a8ce9-4d9c-4e1e-b6b9-6131b016ac1f","183b3a5b-2fd0-4d2a-9c77-77281bb30173","2649e37d-4983-4386-bc52-e0093db3ec65","2a840416-2518-4cd8-9332-09ee6dfac95f","36c0b306-27cf-4788-a28e-37a6791e6842","5bc9b541-9afc-45ba-95db-3a4685de44a3","5ca74a64-d88d-45cb-a627-c8a2b8eea308","6ae9c1b0-2a7f-4315-a8f6-7e6491c6cb74","6c6c4be3-4036-4a62-8c92-47730a8c7aeb","73b4a014-4822-4620-9d9e-4cc02ebf79ab","875fd11c-f2c7-4f5c-9d85-3053dab0618b","b826b39f-0f3c-499e-baf6-7ac015b5659d","c52841a4-c77e-4497-a4e9-73f605567542","cd20f9be-e4bb-436b-ad0c-563775f7c010"]}},{"type":"Feature","geometry":{"type":"Polygon","coordinates":[[[29.932131904503724,70.68810636004312],[29.958976865853053,70.68810636004312],[29.958976865853053,70.69708947179303],[29.932131904503724,70.69708947179303],[29.932131904503724,70.68810636004312]]]},"properties":{"cell_id":"1115_7869","expected_nets":0.0088,"particle_count":15,"n_nets":13,"contributing_net_ids":["0998896f-06e6-4fff-aa6b-85723c189a4e","0b254efb-1769-4e93-a17e-11f0d9834bcc","15e549ea-ffd5-4ec2-98b7-32276621e3f2","2e00546b-1350-4f4a-84bd-55da3dcb55ed","781d2769-3d71-4ed9-829d-d745be0fbd6e","8f0532fc-ebc6-4b0b-9fb0-4e010db44ea0","9267ffae-e862-4c0c-8303-e43fbba92f68","a5f2d7f3-60b1-400b-8f91-f6403d9e7442","b31191d1-ab4d-46ca-9c4a-de20a2e095a1","b8992d3d-bdb5-448a-9ea1-25b236fc3a05","bd2b6276-a7fe-4197-a967-101d706af8ed","d78d9010-3d05-4faf-a72b-008ae0f5db62","e7bca5ed-e073-45a9-bcb6-86ee920223fc"]}},{"type":"Feature","geometry":{"type":"Polygon","coordinates":[[[27.14025592417333,70.97556593604024],[27.16710088552266,70.97556593604024],[27.16710088552266,70.98454904779015],[27.14025592417333,70.98454904779015],[27.14025592417333,70.97556593604024]]]},"properties":{"cell_id":"1011_7901","expected_nets":0.0085,"particle_count":8,"n_nets":6,"contributing_net_ids":["00fb55ca-9483-401f-8f29-3e596d6d520c","501f7877-ea08-4c1e-bb0c-f805d7b93531","540f98c5-00b4-431a-bccf-3255f8b4ce5f","86fbc2f8-6e1e-4162-8855-d19e180e5ce9","cabe54b4-68f5-4047-9a69-f3a33abca056","d78d9010-3d05-4faf-a72b-008ae0f5db62"]}},{"type":"Feature","geometry":{"type":"Polygon","coordinates":[[[27.220790808221324,71.02048149478979],[27.247635769570653,71.02048149478979],[27.247635769570653,71.0294646065397],[27.220790808221324,71.0294646065397],[27.220790808221324,71.02048149478979]]]},"properties":{"cell_id":"1014_7906","expected_nets":0.0085,"particle_count":20,"n_nets":15,"contributing_net_ids":["00fb55ca-9483-401f-8f29-3e596d6d520c","01a0254d-21d3-43e2-a1f8-1df90cc7a881","0b254efb-1769-4e93-a17e-11f0d9834bcc","15e549ea-ffd5-4ec2-98b7-32276621e3f2","2c38e76b-b975-4368-8686-873e9d17b862","2e3e2f82-02e3-45d3-9acb-e62d643605a6","372da560-3ffc-4c03-9e63-083a0c2edeae","456e18aa-ddf2-494e-b309-badf3802d91f","568c48d8-7903-40cc-9fda-3bb3c1d00a00","92774a0e-6c8c-4eea-b18e-be40e50056f7","9e759843-4dd6-4b50-bc24-49bb88f8f082","a5827a71-1d16-4233-aebd-d14b478c5fff","d78d9010-3d05-4faf-a72b-008ae0f5db62","e5dc0a98-2f84-4a90-abe0-8b1a1d0116ed","eef2472f-e20e-4582-83ca-9fccd623673e"]}},{"type":"Feature","geometry":{"type":"Polygon","coordinates":[[[29.502612522914433,70.08623787279913],[29.529457484263762,70.08623787279913],[29.529457484263762,70.09522098454904],[29.502612522914433,70.09522098454904],[29.502612522914433,70.08623787279913]]]},"properties":{"cell_id":"1099_7802","expected_nets":0.0085,"particle_count":34,"n_nets":14,"contributing_net_ids":["178a8ce9-4d9c-4e1e-b6b9-6131b016ac1f","2649e37d-4983-4386-bc52-e0093db3ec65","2a840416-2518-4cd8-9332-09ee6dfac95f","36c0b306-27cf-4788-a28e-37a6791e6842","59cde757-4957-437b-86cd-8d9932cbb5a2","5bc9b541-9afc-45ba-95db-3a4685de44a3","5ca74a64-d88d-45cb-a627-c8a2b8eea308","6b2ff976-a86c-46ff-9367-7349073cc0be","6c6c4be3-4036-4a62-8c92-47730a8c7aeb","73b4a014-4822-4620-9d9e-4cc02ebf79ab","875fd11c-f2c7-4f5c-9d85-3053dab0618b","c52841a4-c77e-4497-a4e9-73f605567542","cd20f9be-e4bb-436b-ad0c-563775f7c010","e987972b-877b-44cf-b400-eaef3df7f643"]}},{"type":"Feature","geometry":{"type":"Polygon","coordinates":[[[30.898550513079627,70.44556234279554],[30.925395474428957,70.44556234279554],[30.925395474428957,70.45454545454545],[30.898550513079627,70.45454545454545],[30.898550513079627,70.44556234279554]]]},"properties":{"cell_id":"1151_7842","expected_nets":0.0085,"particle_count":13,"n_nets":11,"contributing_net_ids":["4f1df18f-2aa1-40db-923c-9e7359a62300","501f7877-ea08-4c1e-bb0c-f805d7b93531","60968c7c-8266-471c-84ae-1f14936bfba6","686eb669-1bde-4980-a523-5e9cf5270174","6e83e64b-da9b-4221-849e-1847280a05af","8f0532fc-ebc6-4b0b-9fb0-4e010db44ea0","92774a0e-6c8c-4eea-b18e-be40e50056f7","a5827a71-1d16-4233-aebd-d14b478c5fff","e7bca5ed-e073-45a9-bcb6-86ee920223fc","eef2472f-e20e-4582-83ca-9fccd623673e","f8bfcb7e-c7fd-402c-b02c-4f35bae30cbb"]}},{"type":"Feature","geometry":{"type":"Polygon","coordinates":[[[28.026139648701243,71.07438016528926],[28.052984610050572,71.07438016528926],[28.052984610050572,71.08336327703917],[28.026139648701243,71.08336327703917],[28.026139648701243,71.07438016528926]]]},"properties":{"cell_id":"1044_7912","expected_nets":0.0083,"particle_count":9,"n_nets":6,"contributing_net_ids":["372da560-3ffc-4c03-9e63-083a0c2edeae","50ab96ff-2523-45d1-8595-00b37a28f29e","540f98c5-00b4-431a-bccf-3255f8b4ce5f","781d2769-3d71-4ed9-829d-d745be0fbd6e","8f616f35-37f7-4aef-813f-428b192fdd24","fb076de6-0572-43d4-92cd-757bd343d372"]}},{"type":"Feature","geometry":{"type":"Polygon","coordinates":[[[29.717372213709076,70.06827164929932],[29.744217175058406,70.06827164929932],[29.744217175058406,70.07725476104923],[29.717372213709076,70.07725476104923],[29.717372213709076,70.06827164929932]]]},"properties":{"cell_id":"1107_7800","expected_nets":0.0083,"particle_count":33,"n_nets":13,"contributing_net_ids":["178a8ce9-4d9c-4e1e-b6b9-6131b016ac1f","183b3a5b-2fd0-4d2a-9c77-77281bb30173","2649e37d-4983-4386-bc52-e0093db3ec65","59cde757-4957-437b-86cd-8d9932cbb5a2","5bc9b541-9afc-45ba-95db-3a4685de44a3","6ae9c1b0-2a7f-4315-a8f6-7e6491c6cb74","6b2ff976-a86c-46ff-9367-7349073cc0be","6c6c4be3-4036-4a62-8c92-47730a8c7aeb","73b4a014-4822-4620-9d9e-4cc02ebf79ab","875fd11c-f2c7-4f5c-9d85-3053dab0618b","c52841a4-c77e-4497-a4e9-73f605567542","cd20f9be-e4bb-436b-ad0c-563775f7c010","e987972b-877b-44cf-b400-eaef3df7f643"]}},{"type":"Feature","geometry":{"type":"Polygon","coordinates":[[[32.8850776529301,69.77182896155229],[32.91192261427943,69.77182896155229],[32.91192261427943,69.7808120733022],[32.8850776529301,69.7808120733022],[32.8850776529301,69.77182896155229]]]},"properties":{"cell_id":"1225_7767","expected_nets":0.0083,"particle_count":9,"n_nets":6,"contributing_net_ids":["1cd692f0-e1bd-4f62-9162-4f5a33f16ae9","480722bd-da61-4875-b683-a16666a03e20","483df2e5-9e99-4434-a3da-02126b74956e","686eb669-1bde-4980-a523-5e9cf5270174","8f616f35-37f7-4aef-813f-428b192fdd24","f387c842-0089-4044-8b4a-ccc41db5ee20"]}},{"type":"Feature","geometry":{"type":"Polygon","coordinates":[[[27.08656600147467,70.93065037729069],[27.113410962824,70.93065037729069],[27.113410962824,70.9396334890406],[27.08656600147467,70.9396334890406],[27.08656600147467,70.93065037729069]]]},"properties":{"cell_id":"1009_7896","expected_nets":0.0077,"particle_count":20,"n_nets":14,"contributing_net_ids":["0b254efb-1769-4e93-a17e-11f0d9834bcc","17b986f2-2962-4704-b0e1-eabe0cbc5fed","50ab96ff-2523-45d1-8595-00b37a28f29e","568c48d8-7903-40cc-9fda-3bb3c1d00a00","5b5fdf6e-34fa-446c-a7f8-338b8f980dea","60968c7c-8266-471c-84ae-1f14936bfba6","86fbc2f8-6e1e-4162-8855-d19e180e5ce9","92774a0e-6c8c-4eea-b18e-be40e50056f7","bac07fcb-7e10-44cb-894c-88ea9522b8e1","d78d9010-3d05-4faf-a72b-008ae0f5db62","e5dc0a98-2f84-4a90-abe0-8b1a1d0116ed","eb7dd3b7-cce2-46a9-92d0-08b1c6f49b7d","eef2472f-e20e-4582-83ca-9fccd623673e","f8bfcb7e-c7fd-402c-b02c-4f35bae30cbb"]}},{"type":"Feature","geometry":{"type":"Polygon","coordinates":[[[27.408705537666638,71.01149838303988],[27.435550499015967,71.01149838303988],[27.435550499015967,71.02048149478979],[27.408705537666638,71.02048149478979],[27.408705537666638,71.01149838303988]]]},"properties":{"cell_id":"1021_7905","expected_nets":0.0075,"particle_count":8,"n_nets":8,"contributing_net_ids":["01a0254d-21d3-43e2-a1f8-1df90cc7a881","17b986f2-2962-4704-b0e1-eabe0cbc5fed","540f98c5-00b4-431a-bccf-3255f8b4ce5f","781d2769-3d71-4ed9-829d-d745be0fbd6e","86fbc2f8-6e1e-4162-8855-d19e180e5ce9","bac07fcb-7e10-44cb-894c-88ea9522b8e1","d0226f37-d81f-48cd-b36e-9b1c1b6e7345","d78d9010-3d05-4faf-a72b-008ae0f5db62"]}},{"type":"Feature","geometry":{"type":"Polygon","coordinates":[[[28.401969107591874,70.8498023715415],[28.428814068941204,70.8498023715415],[28.428814068941204,70.85878548329141],[28.401969107591874,70.85878548329141],[28.401969107591874,70.8498023715415]]]},"properties":{"cell_id":"1058_7887","expected_nets":0.0075,"particle_count":3,"n_nets":1,"contributing_net_ids":["8f0532fc-ebc6-4b0b-9fb0-4e010db44ea0"]}},{"type":"Feature","geometry":{"type":"Polygon","coordinates":[[[28.455659030290533,70.99353215954007],[28.482503991639863,70.99353215954007],[28.482503991639863,71.00251527128998],[28.455659030290533,71.00251527128998],[28.455659030290533,70.99353215954007]]]},"properties":{"cell_id":"1060_7903","expected_nets":0.0075,"particle_count":4,"n_nets":3,"contributing_net_ids":["4962aa82-3d1a-4be7-b9ea-34e28c780540","50ab96ff-2523-45d1-8595-00b37a28f29e","540f98c5-00b4-431a-bccf-3255f8b4ce5f"]}},{"type":"Feature","geometry":{"type":"Polygon","coordinates":[[[28.482503991639867,70.62522457779374],[28.509348952989196,70.62522457779374],[28.509348952989196,70.63420768954366],[28.482503991639867,70.63420768954366],[28.482503991639867,70.62522457779374]]]},"properties":{"cell_id":"1061_7862","expected_nets":0.0075,"particle_count":3,"n_nets":1,"contributing_net_ids":["8f0532fc-ebc6-4b0b-9fb0-4e010db44ea0"]}},{"type":"Feature","geometry":{"type":"Polygon","coordinates":[[[29.609992368311755,69.97844053180022],[29.636837329661084,69.97844053180022],[29.636837329661084,69.98742364355013],[29.609992368311755,69.98742364355013],[29.609992368311755,69.97844053180022]]]},"properties":{"cell_id":"1103_7790","expected_nets":0.0073,"particle_count":29,"n_nets":14,"contributing_net_ids":["183b3a5b-2fd0-4d2a-9c77-77281bb30173","2649e37d-4983-4386-bc52-e0093db3ec65","2a840416-2518-4cd8-9332-09ee6dfac95f","36c0b306-27cf-4788-a28e-37a6791e6842","59cde757-4957-437b-86cd-8d9932cbb5a2","5ca74a64-d88d-45cb-a627-c8a2b8eea308","6ae9c1b0-2a7f-4315-a8f6-7e6491c6cb74","6b2ff976-a86c-46ff-9367-7349073cc0be","6c6c4be3-4036-4a62-8c92-47730a8c7aeb","73b4a014-4822-4620-9d9e-4cc02ebf79ab","b826b39f-0f3c-499e-baf6-7ac015b5659d","c52841a4-c77e-4497-a4e9-73f605567542","cd20f9be-e4bb-436b-ad0c-563775f7c010","e987972b-877b-44cf-b400-eaef3df7f643"]}},{"type":"Feature","geometry":{"type":"Polygon","coordinates":[[[30.49587609283967,70.54437657204456],[30.522721054189,70.54437657204456],[30.522721054189,70.55335968379447],[30.49587609283967,70.55335968379447],[30.49587609283967,70.54437657204456]]]},"properties":{"cell_id":"1136_7853","expected_nets":0.0073,"particle_count":8,"n_nets":7,"contributing_net_ids":["568c48d8-7903-40cc-9fda-3bb3c1d00a00","8f0532fc-ebc6-4b0b-9fb0-4e010db44ea0","a5f2d7f3-60b1-400b-8f91-f6403d9e7442","b31191d1-ab4d-46ca-9c4a-de20a2e095a1","b8992d3d-bdb5-448a-9ea1-25b236fc3a05","f387c842-0089-4044-8b4a-ccc41db5ee20","fc902618-75c5-4c29-b03e-964ebd1caf5c"]}},{"type":"Feature","geometry":{"type":"Polygon","coordinates":[[[27.972449726002584,71.08336327703917],[27.999294687351913,71.08336327703917],[27.999294687351913,71.09234638878908],[27.972449726002584,71.09234638878908],[27.972449726002584,71.08336327703917]]]},"properties":{"cell_id":"1042_7913","expected_nets":0.007,"particle_count":11,"n_nets":8,"contributing_net_ids":["0b254efb-1769-4e93-a17e-11f0d9834bcc","50ab96ff-2523-45d1-8595-00b37a28f29e","8f616f35-37f7-4aef-813f-428b192fdd24","bd2b6276-a7fe-4197-a967-101d706af8ed","c4c6d9a6-bf57-4182-966d-55046e277ae0","cabe54b4-68f5-4047-9a69-f3a33abca056","e89f3dd1-1609-47c4-b490-a9358c7f09a8","eef2472f-e20e-4582-83ca-9fccd623673e"]}},{"type":"Feature","geometry":{"type":"Polygon","coordinates":[[[27.08656600147467,70.74200503054259],[27.113410962824,70.74200503054259],[27.113410962824,70.7509881422925],[27.08656600147467,70.7509881422925],[27.08656600147467,70.74200503054259]]]},"properties":{"cell_id":"1009_7875","expected_nets":0.0067,"particle_count":14,"n_nets":13,"contributing_net_ids":["0b254efb-1769-4e93-a17e-11f0d9834bcc","372da560-3ffc-4c03-9e63-083a0c2edeae","456e18aa-ddf2-494e-b309-badf3802d91f","4962aa82-3d1a-4be7-b9ea-34e28c780540","5e862cee-8b9f-45d7-8ca0-daaa28a39706","8f616f35-37f7-4aef-813f-428b192fdd24","92774a0e-6c8c-4eea-b18e-be40e50056f7","bd2b6276-a7fe-4197-a967-101d706af8ed","e5dc0a98-2f84-4a90-abe0-8b1a1d0116ed","e89f3dd1-1609-47c4-b490-a9358c7f09a8","eb7dd3b7-cce2-46a9-92d0-08b1c6f49b7d","f8bfcb7e-c7fd-402c-b02c-4f35bae30cbb","fb076de6-0572-43d4-92cd-757bd343d372"]}},{"type":"Feature","geometry":{"type":"Polygon","coordinates":[[[28.106674532749235,71.06539705353934],[28.133519494098564,71.06539705353934],[28.133519494098564,71.07438016528926],[28.106674532749235,71.07438016528926],[28.106674532749235,71.06539705353934]]]},"properties":{"cell_id":"1047_7911","expected_nets":0.0067,"particle_count":9,"n_nets":8,"contributing_net_ids":["2e3e2f82-02e3-45d3-9acb-e62d643605a6","50ab96ff-2523-45d1-8595-00b37a28f29e","540f98c5-00b4-431a-bccf-3255f8b4ce5f","5b5fdf6e-34fa-446c-a7f8-338b8f980dea","781d2769-3d71-4ed9-829d-d745be0fbd6e","8f616f35-37f7-4aef-813f-428b192fdd24","9267ffae-e862-4c0c-8303-e43fbba92f68","eb7dd3b7-cce2-46a9-92d0-08b1c6f49b7d"]}},{"type":"Feature","geometry":{"type":"Polygon","coordinates":[[[29.8247520591064,70.0592885375494],[29.85159702045573,70.0592885375494],[29.85159702045573,70.06827164929932],[29.8247520591064,70.06827164929932],[29.8247520591064,70.0592885375494]]]},"properties":{"cell_id":"1111_7799","expected_nets":0.0067,"particle_count":27,"n_nets":12,"contributing_net_ids":["178a8ce9-4d9c-4e1e-b6b9-6131b016ac1f","183b3a5b-2fd0-4d2a-9c77-77281bb30173","2649e37d-4983-4386-bc52-e0093db3ec65","36c0b306-27cf-4788-a28e-37a6791e6842","59cde757-4957-437b-86cd-8d9932cbb5a2","5ca74a64-d88d-45cb-a627-c8a2b8eea308","6ae9c1b0-2a7f-4315-a8f6-7e6491c6cb74","6b2ff976-a86c-46ff-9367-7349073cc0be","73b4a014-4822-4620-9d9e-4cc02ebf79ab","875fd11c-f2c7-4f5c-9d85-3053dab0618b","cd20f9be-e4bb-436b-ad0c-563775f7c010","e987972b-877b-44cf-b400-eaef3df7f643"]}},{"type":"Feature","geometry":{"type":"Polygon","coordinates":[[[29.636837329661084,70.08623787279913],[29.663682291010414,70.08623787279913],[29.663682291010414,70.09522098454904],[29.636837329661084,70.09522098454904],[29.636837329661084,70.08623787279913]]]},"properties":{"cell_id":"1104_7802","expected_nets":0.0065,"particle_count":26,"n_nets":13,"contributing_net_ids":["178a8ce9-4d9c-4e1e-b6b9-6131b016ac1f","183b3a5b-2fd0-4d2a-9c77-77281bb30173","2649e37d-4983-4386-bc52-e0093db3ec65","2a840416-2518-4cd8-9332-09ee6dfac95f","36c0b306-27cf-4788-a28e-37a6791e6842","5bc9b541-9afc-45ba-95db-3a4685de44a3","6ae9c1b0-2a7f-4315-a8f6-7e6491c6cb74","6b2ff976-a86c-46ff-9367-7349073cc0be","6c6c4be3-4036-4a62-8c92-47730a8c7aeb","73b4a014-4822-4620-9d9e-4cc02ebf79ab","875fd11c-f2c7-4f5c-9d85-3053dab0618b","cd20f9be-e4bb-436b-ad0c-563775f7c010","e987972b-877b-44cf-b400-eaef3df7f643"]}},{"type":"Feature","geometry":{"type":"Polygon","coordinates":[[[30.1737365566477,70.06827164929932],[30.20058151799703,70.06827164929932],[30.20058151799703,70.07725476104923],[30.1737365566477,70.07725476104923],[30.1737365566477,70.06827164929932]]]},"properties":{"cell_id":"1124_7800","expected_nets":0.0065,"particle_count":26,"n_nets":6,"contributing_net_ids":["0044b29c-5a23-4047-8f64-6763e05133e4","37e8bf79-8d0c-4820-9b6c-98fdaa828590","39d2f659-e666-4b43-ab4a-c4439252e729","444ac6fa-3c86-44c4-a0b0-2e7d79922517","59cde757-4957-437b-86cd-8d9932cbb5a2","b44ee1c5-8e80-49ac-93f1-e4399df11d7f"]}},{"type":"Feature","geometry":{"type":"Polygon","coordinates":[[[31.67705439221022,69.70894717930291],[31.70389935355955,69.70894717930291],[31.70389935355955,69.71793029105282],[31.67705439221022,69.71793029105282],[31.67705439221022,69.70894717930291]]]},"properties":{"cell_id":"1180_7760","expected_nets":0.0065,"particle_count":26,"n_nets":11,"contributing_net_ids":["0044b29c-5a23-4047-8f64-6763e05133e4","178a8ce9-4d9c-4e1e-b6b9-6131b016ac1f","183b3a5b-2fd0-4d2a-9c77-77281bb30173","37e8bf79-8d0c-4820-9b6c-98fdaa828590","39d2f659-e666-4b43-ab4a-c4439252e729","444ac6fa-3c86-44c4-a0b0-2e7d79922517","491a8576-d12c-4378-8c01-07c2717e4a07","59cde757-4957-437b-86cd-8d9932cbb5a2","6ae9c1b0-2a7f-4315-a8f6-7e6491c6cb74","cd20f9be-e4bb-436b-ad0c-563775f7c010","e987972b-877b-44cf-b400-eaef3df7f643"]}},{"type":"Feature","geometry":{"type":"Polygon","coordinates":[[[26.60335669718672,70.94861660079052],[26.63020165853605,70.94861660079052],[26.63020165853605,70.95759971254043],[26.60335669718672,70.95759971254043],[26.60335669718672,70.94861660079052]]]},"properties":{"cell_id":"991_7898","expected_nets":0.0065,"particle_count":8,"n_nets":6,"contributing_net_ids":["50ab96ff-2523-45d1-8595-00b37a28f29e","540f98c5-00b4-431a-bccf-3255f8b4ce5f","5e862cee-8b9f-45d7-8ca0-daaa28a39706","8f616f35-37f7-4aef-813f-428b192fdd24","d78d9010-3d05-4faf-a72b-008ae0f5db62","e5dc0a98-2f84-4a90-abe0-8b1a1d0116ed"]}},{"type":"Feature","geometry":{"type":"Polygon","coordinates":[[[29.153628025373134,70.11318720804887],[29.180472986722464,70.11318720804887],[29.180472986722464,70.12217031979878],[29.153628025373134,70.12217031979878],[29.153628025373134,70.11318720804887]]]},"properties":{"cell_id":"1086_7805","expected_nets":0.0063,"particle_count":25,"n_nets":9,"contributing_net_ids":["178a8ce9-4d9c-4e1e-b6b9-6131b016ac1f","183b3a5b-2fd0-4d2a-9c77-77281bb30173","2649e37d-4983-4386-bc52-e0093db3ec65","2a840416-2518-4cd8-9332-09ee6dfac95f","36c0b306-27cf-4788-a28e-37a6791e6842","5bc9b541-9afc-45ba-95db-3a4685de44a3","5ca74a64-d88d-45cb-a627-c8a2b8eea308","6ae9c1b0-2a7f-4315-a8f6-7e6491c6cb74","c52841a4-c77e-4497-a4e9-73f605567542"]}},{"type":"Feature","geometry":{"type":"Polygon","coordinates":[[[30.093201672599708,70.06827164929932],[30.120046633949038,70.06827164929932],[30.120046633949038,70.07725476104923],[30.093201672599708,70.07725476104923],[30.093201672599708,70.06827164929932]]]},"properties":{"cell_id":"1121_7800","expected_nets":0.0063,"particle_count":25,"n_nets":5,"contributing_net_ids":["0044b29c-5a23-4047-8f64-6763e05133e4","39d2f659-e666-4b43-ab4a-c4439252e729","444ac6fa-3c86-44c4-a0b0-2e7d79922517","59cde757-4957-437b-86cd-8d9932cbb5a2","b44ee1c5-8e80-49ac-93f1-e4399df11d7f"]}},{"type":"Feature","geometry":{"type":"Polygon","coordinates":[[[25.66378304996014,70.72403880704276],[25.69062801130947,70.72403880704276],[25.69062801130947,70.73302191879267],[25.66378304996014,70.73302191879267],[25.66378304996014,70.72403880704276]]]},"properties":{"cell_id":"956_7873","expected_nets":0.0063,"particle_count":25,"n_nets":3,"contributing_net_ids":["b68c38a7-1ccd-4ae6-9801-c4f2ce607946","e75a847a-c3de-4b7e-a353-9f70acc6da3e","efe29baa-49f5-4eef-bf00-780fc94fd192"]}},{"type":"Feature","geometry":{"type":"Polygon","coordinates":[[[29.287852832119786,70.11318720804887],[29.314697793469115,70.11318720804887],[29.314697793469115,70.12217031979878],[29.287852832119786,70.12217031979878],[29.287852832119786,70.11318720804887]]]},"properties":{"cell_id":"1091_7805","expected_nets":0.006,"particle_count":24,"n_nets":13,"contributing_net_ids":["183b3a5b-2fd0-4d2a-9c77-77281bb30173","2649e37d-4983-4386-bc52-e0093db3ec65","36c0b306-27cf-4788-a28e-37a6791e6842","5bc9b541-9afc-45ba-95db-3a4685de44a3","5ca74a64-d88d-45cb-a627-c8a2b8eea308","6ae9c1b0-2a7f-4315-a8f6-7e6491c6cb74","6b2ff976-a86c-46ff-9367-7349073cc0be","6c6c4be3-4036-4a62-8c92-47730a8c7aeb","73b4a014-4822-4620-9d9e-4cc02ebf79ab","b826b39f-0f3c-499e-baf6-7ac015b5659d","c52841a4-c77e-4497-a4e9-73f605567542","cd20f9be-e4bb-436b-ad0c-563775f7c010","e987972b-877b-44cf-b400-eaef3df7f643"]}},{"type":"Feature","geometry":{"type":"Polygon","coordinates":[[[29.42207763886644,70.00538986704994],[29.44892260021577,70.00538986704994],[29.44892260021577,70.01437297879986],[29.42207763886644,70.01437297879986],[29.42207763886644,70.00538986704994]]]},"properties":{"cell_id":"1096_7793","expected_nets":0.006,"particle_count":24,"n_nets":11,"contributing_net_ids":["178a8ce9-4d9c-4e1e-b6b9-6131b016ac1f","183b3a5b-2fd0-4d2a-9c77-77281bb30173","2649e37d-4983-4386-bc52-e0093db3ec65","36c0b306-27cf-4788-a28e-37a6791e6842","59cde757-4957-437b-86cd-8d9932cbb5a2","5bc9b541-9afc-45ba-95db-3a4685de44a3","6ae9c1b0-2a7f-4315-a8f6-7e6491c6cb74","6c6c4be3-4036-4a62-8c92-47730a8c7aeb","73b4a014-4822-4620-9d9e-4cc02ebf79ab","875fd11c-f2c7-4f5c-9d85-3053dab0618b","c52841a4-c77e-4497-a4e9-73f605567542"]}},{"type":"Feature","geometry":{"type":"Polygon","coordinates":[[[27.247635769570653,71.03844771828962],[27.274480730919983,71.03844771828962],[27.274480730919983,71.04743083003953],[27.247635769570653,71.04743083003953],[27.247635769570653,71.03844771828962]]]},"properties":{"cell_id":"1015_7908","expected_nets":0.0057,"particle_count":15,"n_nets":13,"contributing_net_ids":["00fb55ca-9483-401f-8f29-3e596d6d520c","0b254efb-1769-4e93-a17e-11f0d9834bcc","15e549ea-ffd5-4ec2-98b7-32276621e3f2","2c38e76b-b975-4368-8686-873e9d17b862","2e00546b-1350-4f4a-84bd-55da3dcb55ed","2e3e2f82-02e3-45d3-9acb-e62d643605a6","456e18aa-ddf2-494e-b309-badf3802d91f","86fbc2f8-6e1e-4162-8855-d19e180e5ce9","9267ffae-e862-4c0c-8303-e43fbba92f68","9e759843-4dd6-4b50-bc24-49bb88f8f082","cabe54b4-68f5-4047-9a69-f3a33abca056","d78d9010-3d05-4faf-a72b-008ae0f5db62","eb7dd3b7-cce2-46a9-92d0-08b1c6f49b7d"]}},{"type":"Feature","geometry":{"type":"Polygon","coordinates":[[[27.91875980330392,71.06539705353934],[27.94560476465325,71.06539705353934],[27.94560476465325,71.07438016528926],[27.91875980330392,71.07438016528926],[27.91875980330392,71.06539705353934]]]},"properties":{"cell_id":"1040_7911","expected_nets":0.0057,"particle_count":17,"n_nets":14,"contributing_net_ids":["2e00546b-1350-4f4a-84bd-55da3dcb55ed","456e18aa-ddf2-494e-b309-badf3802d91f","5b5fdf6e-34fa-446c-a7f8-338b8f980dea","5e862cee-8b9f-45d7-8ca0-daaa28a39706","60968c7c-8266-471c-84ae-1f14936bfba6","781d2769-3d71-4ed9-829d-d745be0fbd6e","8f616f35-37f7-4aef-813f-428b192fdd24","9267ffae-e862-4c0c-8303-e43fbba92f68","a5827a71-1d16-4233-aebd-d14b478c5fff","cabe54b4-68f5-4047-9a69-f3a33abca056","d78d9010-3d05-4faf-a72b-008ae0f5db62","eef2472f-e20e-4582-83ca-9fccd623673e","f8bfcb7e-c7fd-402c-b02c-4f35bae30cbb","fb076de6-0572-43d4-92cd-757bd343d372"]}},{"type":"Feature","geometry":{"type":"Polygon","coordinates":[[[29.04624817997581,70.86776859504133],[29.07309314132514,70.86776859504133],[29.07309314132514,70.87675170679124],[29.04624817997581,70.87675170679124],[29.04624817997581,70.86776859504133]]]},"properties":{"cell_id":"1082_7889","expected_nets":0.0055,"particle_count":7,"n_nets":6,"contributing_net_ids":["0b254efb-1769-4e93-a17e-11f0d9834bcc","781d2769-3d71-4ed9-829d-d745be0fbd6e","8f0532fc-ebc6-4b0b-9fb0-4e010db44ea0","c4c6d9a6-bf57-4182-966d-55046e277ae0","d78d9010-3d05-4faf-a72b-008ae0f5db62","e89f3dd1-1609-47c4-b490-a9358c7f09a8"]}},{"type":"Feature","geometry":{"type":"Polygon","coordinates":[[[29.905286943154394,69.90657563780094],[29.932131904503724,69.90657563780094],[29.932131904503724,69.91555874955085],[29.905286943154394,69.91555874955085],[29.905286943154394,69.90657563780094]]]},"properties":{"cell_id":"1114_7782","expected_nets":0.0055,"particle_count":22,"n_nets":11,"contributing_net_ids":["178a8ce9-4d9c-4e1e-b6b9-6131b016ac1f","183b3a5b-2fd0-4d2a-9c77-77281bb30173","37e8bf79-8d0c-4820-9b6c-98fdaa828590","39d2f659-e666-4b43-ab4a-c4439252e729","444ac6fa-3c86-44c4-a0b0-2e7d79922517","59cde757-4957-437b-86cd-8d9932cbb5a2","5bc9b541-9afc-45ba-95db-3a4685de44a3","6ae9c1b0-2a7f-4315-a8f6-7e6491c6cb74","6b2ff976-a86c-46ff-9367-7349073cc0be","c52841a4-c77e-4497-a4e9-73f605567542","cd20f9be-e4bb-436b-ad0c-563775f7c010"]}},{"type":"Feature","geometry":{"type":"Polygon","coordinates":[[[30.066356711250375,69.8796263025512],[30.093201672599704,69.8796263025512],[30.093201672599704,69.88860941430111],[30.066356711250375,69.88860941430111],[30.066356711250375,69.8796263025512]]]},"properties":{"cell_id":"1120_7779","expected_nets":0.0055,"particle_count":22,"n_nets":10,"contributing_net_ids":["178a8ce9-4d9c-4e1e-b6b9-6131b016ac1f","183b3a5b-2fd0-4d2a-9c77-77281bb30173","2649e37d-4983-4386-bc52-e0093db3ec65","36c0b306-27cf-4788-a28e-37a6791e6842","5ca74a64-d88d-45cb-a627-c8a2b8eea308","6ae9c1b0-2a7f-4315-a8f6-7e6491c6cb74","6b2ff976-a86c-46ff-9367-7349073cc0be","73b4a014-4822-4620-9d9e-4cc02ebf79ab","cd20f9be-e4bb-436b-ad0c-563775f7c010","e987972b-877b-44cf-b400-eaef3df7f643"]}},{"type":"Feature","geometry":{"type":"Polygon","coordinates":[[[26.442286929090734,70.90370104204096],[26.469131890440064,70.90370104204096],[26.469131890440064,70.91268415379088],[26.442286929090734,70.91268415379088],[26.442286929090734,70.90370104204096]]]},"properties":{"cell_id":"985_7893","expected_nets":0.0055,"particle_count":14,"n_nets":13,"contributing_net_ids":["17b986f2-2962-4704-b0e1-eabe0cbc5fed","2c38e76b-b975-4368-8686-873e9d17b862","372da560-3ffc-4c03-9e63-083a0c2edeae","4962aa82-3d1a-4be7-b9ea-34e28c780540","568c48d8-7903-40cc-9fda-3bb3c1d00a00","5e862cee-8b9f-45d7-8ca0-daaa28a39706","60968c7c-8266-471c-84ae-1f14936bfba6","8f616f35-37f7-4aef-813f-428b192fdd24","b68c38a7-1ccd-4ae6-9801-c4f2ce607946","cabe54b4-68f5-4047-9a69-f3a33abca056","e5dc0a98-2f84-4a90-abe0-8b1a1d0116ed","efe29baa-49f5-4eef-bf00-780fc94fd192","f8bfcb7e-c7fd-402c-b02c-4f35bae30cbb"]}},{"type":"Feature","geometry":{"type":"Polygon","coordinates":[[[27.05972104012534,70.71505569529285],[27.08656600147467,70.71505569529285],[27.08656600147467,70.72403880704276],[27.05972104012534,70.72403880704276],[27.05972104012534,70.71505569529285]]]},"properties":{"cell_id":"1008_7872","expected_nets":0.0053,"particle_count":9,"n_nets":9,"contributing_net_ids":["540f98c5-00b4-431a-bccf-3255f8b4ce5f","568c48d8-7903-40cc-9fda-3bb3c1d00a00","5e862cee-8b9f-45d7-8ca0-daaa28a39706","60968c7c-8266-471c-84ae-1f14936bfba6","8f616f35-37f7-4aef-813f-428b192fdd24","9267ffae-e862-4c0c-8303-e43fbba92f68","9e759843-4dd6-4b50-bc24-49bb88f8f082","e89f3dd1-1609-47c4-b490-a9358c7f09a8","f8bfcb7e-c7fd-402c-b02c-4f35bae30cbb"]}},{"type":"Feature","geometry":{"type":"Polygon","coordinates":[[[29.01940321862648,70.86776859504133],[29.04624817997581,70.86776859504133],[29.04624817997581,70.87675170679124],[29.01940321862648,70.87675170679124],[29.01940321862648,70.86776859504133]]]},"properties":{"cell_id":"1081_7889","expected_nets":0.0053,"particle_count":9,"n_nets":6,"contributing_net_ids":["01a0254d-21d3-43e2-a1f8-1df90cc7a881","501f7877-ea08-4c1e-bb0c-f805d7b93531","50ab96ff-2523-45d1-8595-00b37a28f29e","781d2769-3d71-4ed9-829d-d745be0fbd6e","d78d9010-3d05-4faf-a72b-008ae0f5db62","e89f3dd1-1609-47c4-b490-a9358c7f09a8"]}},{"type":"Feature","geometry":{"type":"Polygon","coordinates":[[[29.180472986722464,70.8498023715415],[29.207317948071793,70.8498023715415],[29.207317948071793,70.85878548329141],[29.180472986722464,70.85878548329141],[29.180472986722464,70.8498023715415]]]},"properties":{"cell_id":"1087_7887","expected_nets":0.0053,"particle_count":12,"n_nets":11,"contributing_net_ids":["15e549ea-ffd5-4ec2-98b7-32276621e3f2","2e3e2f82-02e3-45d3-9acb-e62d643605a6","50ab96ff-2523-45d1-8595-00b37a28f29e","568c48d8-7903-40cc-9fda-3bb3c1d00a00","5b5fdf6e-34fa-446c-a7f8-338b8f980dea","781d2769-3d71-4ed9-829d-d745be0fbd6e","8f616f35-37f7-4aef-813f-428b192fdd24","92774a0e-6c8c-4eea-b18e-be40e50056f7","cabe54b4-68f5-4047-9a69-f3a33abca056","e7bca5ed-e073-45a9-bcb6-86ee920223fc","eb7dd3b7-cce2-46a9-92d0-08b1c6f49b7d"]}},{"type":"Feature","geometry":{"type":"Polygon","coordinates":[[[30.066356711250375,70.07725476104923],[30.093201672599704,70.07725476104923],[30.093201672599704,70.08623787279915],[30.066356711250375,70.08623787279915],[30.066356711250375,70.07725476104923]]]},"properties":{"cell_id":"1120_7801","expected_nets":0.0053,"particle_count":21,"n_nets":5,"contributing_net_ids":["0044b29c-5a23-4047-8f64-6763e05133e4","39d2f659-e666-4b43-ab4a-c4439252e729","444ac6fa-3c86-44c4-a0b0-2e7d79922517","59cde757-4957-437b-86cd-8d9932cbb5a2","b44ee1c5-8e80-49ac-93f1-e4399df11d7f"]}},{"type":"Feature","geometry":{"type":"Polygon","coordinates":[[[30.22742647934636,69.87064319080129],[30.25427144069569,69.87064319080129],[30.25427144069569,69.8796263025512],[30.22742647934636,69.8796263025512],[30.22742647934636,69.87064319080129]]]},"properties":{"cell_id":"1126_7778","expected_nets":0.0053,"particle_count":21,"n_nets":11,"contributing_net_ids":["178a8ce9-4d9c-4e1e-b6b9-6131b016ac1f","183b3a5b-2fd0-4d2a-9c77-77281bb30173","2a840416-2518-4cd8-9332-09ee6dfac95f","59cde757-4957-437b-86cd-8d9932cbb5a2","5bc9b541-9afc-45ba-95db-3a4685de44a3","6ae9c1b0-2a7f-4315-a8f6-7e6491c6cb74","6c6c4be3-4036-4a62-8c92-47730a8c7aeb","73b4a014-4822-4620-9d9e-4cc02ebf79ab","875fd11c-f2c7-4f5c-9d85-3053dab0618b","cd20f9be-e4bb-436b-ad0c-563775f7c010","e987972b-877b-44cf-b400-eaef3df7f643"]}},{"type":"Feature","geometry":{"type":"Polygon","coordinates":[[[31.67705439221022,69.71793029105282],[31.70389935355955,69.71793029105282],[31.70389935355955,69.72691340280274],[31.67705439221022,69.72691340280274],[31.67705439221022,69.71793029105282]]]},"properties":{"cell_id":"1180_7761","expected_nets":0.0053,"particle_count":21,"n_nets":8,"contributing_net_ids":["178a8ce9-4d9c-4e1e-b6b9-6131b016ac1f","183b3a5b-2fd0-4d2a-9c77-77281bb30173","39d2f659-e666-4b43-ab4a-c4439252e729","444ac6fa-3c86-44c4-a0b0-2e7d79922517","59cde757-4957-437b-86cd-8d9932cbb5a2","6ae9c1b0-2a7f-4315-a8f6-7e6491c6cb74","cd20f9be-e4bb-436b-ad0c-563775f7c010","e987972b-877b-44cf-b400-eaef3df7f643"]}},{"type":"Feature","geometry":{"type":"Polygon","coordinates":[[[26.657046619885378,70.96658282429033],[26.683891581234708,70.96658282429033],[26.683891581234708,70.97556593604024],[26.657046619885378,70.97556593604024],[26.657046619885378,70.96658282429033]]]},"properties":{"cell_id":"993_7900","expected_nets":0.0053,"particle_count":8,"n_nets":8,"contributing_net_ids":["01a0254d-21d3-43e2-a1f8-1df90cc7a881","2e00546b-1350-4f4a-84bd-55da3dcb55ed","456e18aa-ddf2-494e-b309-badf3802d91f","4962aa82-3d1a-4be7-b9ea-34e28c780540","5e862cee-8b9f-45d7-8ca0-daaa28a39706","8f616f35-37f7-4aef-813f-428b192fdd24","92774a0e-6c8c-4eea-b18e-be40e50056f7","bd2b6276-a7fe-4197-a967-101d706af8ed"]}},{"type":"Feature","geometry":{"type":"Polygon","coordinates":[[[27.08656600147467,70.73302191879267],[27.113410962824,70.73302191879267],[27.113410962824,70.74200503054259],[27.08656600147467,70.74200503054259],[27.08656600147467,70.73302191879267]]]},"properties":{"cell_id":"1009_7874","expected_nets":0.005,"particle_count":10,"n_nets":8,"contributing_net_ids":["15e549ea-ffd5-4ec2-98b7-32276621e3f2","372da560-3ffc-4c03-9e63-083a0c2edeae","501f7877-ea08-4c1e-bb0c-f805d7b93531","5e862cee-8b9f-45d7-8ca0-daaa28a39706","a5827a71-1d16-4233-aebd-d14b478c5fff","bd2b6276-a7fe-4197-a967-101d706af8ed","eef2472f-e20e-4582-83ca-9fccd623673e","fb076de6-0572-43d4-92cd-757bd343d372"]}},{"type":"Feature","geometry":{"type":"Polygon","coordinates":[[[27.274480730919983,71.03844771828962],[27.301325692269312,71.03844771828962],[27.301325692269312,71.04743083003953],[27.274480730919983,71.04743083003953],[27.274480730919983,71.03844771828962]]]},"properties":{"cell_id":"1016_7908","expected_nets":0.005,"particle_count":7,"n_nets":6,"contributing_net_ids":["00fb55ca-9483-401f-8f29-3e596d6d520c","2e00546b-1350-4f4a-84bd-55da3dcb55ed","2e3e2f82-02e3-45d3-9acb-e62d643605a6","92774a0e-6c8c-4eea-b18e-be40e50056f7","9e759843-4dd6-4b50-bc24-49bb88f8f082","d78d9010-3d05-4faf-a72b-008ae0f5db62"]}},{"type":"Feature","geometry":{"type":"Polygon","coordinates":[[[27.542930344413293,71.00251527128998],[27.569775305762622,71.00251527128998],[27.569775305762622,71.01149838303989],[27.542930344413293,71.01149838303989],[27.542930344413293,71.00251527128998]]]},"properties":{"cell_id":"1026_7904","expected_nets":0.005,"particle_count":7,"n_nets":6,"contributing_net_ids":["00fb55ca-9483-401f-8f29-3e596d6d520c","501f7877-ea08-4c1e-bb0c-f805d7b93531","9e759843-4dd6-4b50-bc24-49bb88f8f082","d78d9010-3d05-4faf-a72b-008ae0f5db62","eb7dd3b7-cce2-46a9-92d0-08b1c6f49b7d","fb076de6-0572-43d4-92cd-757bd343d372"]}},{"type":"Feature","geometry":{"type":"Polygon","coordinates":[[[28.21405437814656,70.78692058929214],[28.24089933949589,70.78692058929214],[28.24089933949589,70.79590370104205],[28.21405437814656,70.79590370104205],[28.21405437814656,70.78692058929214]]]},"properties":{"cell_id":"1051_7880","expected_nets":0.005,"particle_count":2,"n_nets":1,"contributing_net_ids":["8f0532fc-ebc6-4b0b-9fb0-4e010db44ea0"]}},{"type":"Feature","geometry":{"type":"Polygon","coordinates":[[[28.294589262194553,70.80488681279195],[28.321434223543882,70.80488681279195],[28.321434223543882,70.81386992454186],[28.294589262194553,70.81386992454186],[28.294589262194553,70.80488681279195]]]},"properties":{"cell_id":"1054_7882","expected_nets":0.005,"particle_count":2,"n_nets":1,"contributing_net_ids":["8f0532fc-ebc6-4b0b-9fb0-4e010db44ea0"]}},{"type":"Feature","geometry":{"type":"Polygon","coordinates":[[[28.321434223543882,70.82285303629178],[28.34827918489321,70.82285303629178],[28.34827918489321,70.83183614804169],[28.321434223543882,70.83183614804169],[28.321434223543882,70.82285303629178]]]},"properties":{"cell_id":"1055_7884","expected_nets":0.005,"particle_count":2,"n_nets":1,"contributing_net_ids":["8f0532fc-ebc6-4b0b-9fb0-4e010db44ea0"]}},{"type":"Feature","geometry":{"type":"Polygon","coordinates":[[[28.37512414624254,70.99353215954007],[28.40196910759187,70.99353215954007],[28.40196910759187,71.00251527128998],[28.37512414624254,71.00251527128998],[28.37512414624254,70.99353215954007]]]},"properties":{"cell_id":"1057_7903","expected_nets":0.005,"particle_count":6,"n_nets":6,"contributing_net_ids":["0b254efb-1769-4e93-a17e-11f0d9834bcc","2e00546b-1350-4f4a-84bd-55da3dcb55ed","540f98c5-00b4-431a-bccf-3255f8b4ce5f","bd2b6276-a7fe-4197-a967-101d706af8ed","e5dc0a98-2f84-4a90-abe0-8b1a1d0116ed","f8bfcb7e-c7fd-402c-b02c-4f35bae30cbb"]}},{"type":"Feature","geometry":{"type":"Polygon","coordinates":[[[28.455659030290533,70.86776859504133],[28.482503991639863,70.86776859504133],[28.482503991639863,70.87675170679124],[28.455659030290533,70.87675170679124],[28.455659030290533,70.86776859504133]]]},"properties":{"cell_id":"1060_7889","expected_nets":0.005,"particle_count":2,"n_nets":1,"contributing_net_ids":["8f0532fc-ebc6-4b0b-9fb0-4e010db44ea0"]}},{"type":"Feature","geometry":{"type":"Polygon","coordinates":[[[28.482503991639867,70.88573481854114],[28.509348952989196,70.88573481854114],[28.509348952989196,70.89471793029105],[28.482503991639867,70.89471793029105],[28.482503991639867,70.88573481854114]]]},"properties":{"cell_id":"1061_7891","expected_nets":0.005,"particle_count":2,"n_nets":1,"contributing_net_ids":["8f0532fc-ebc6-4b0b-9fb0-4e010db44ea0"]}},{"type":"Feature","geometry":{"type":"Polygon","coordinates":[[[28.56303887568786,70.74200503054259],[28.58988383703719,70.74200503054259],[28.58988383703719,70.7509881422925],[28.56303887568786,70.7509881422925],[28.56303887568786,70.74200503054259]]]},"properties":{"cell_id":"1064_7875","expected_nets":0.005,"particle_count":2,"n_nets":1,"contributing_net_ids":["8f0532fc-ebc6-4b0b-9fb0-4e010db44ea0"]}},{"type":"Feature","geometry":{"type":"Polygon","coordinates":[[[28.56303887568786,70.75098814229248],[28.58988383703719,70.75098814229248],[28.58988383703719,70.7599712540424],[28.56303887568786,70.7599712540424],[28.56303887568786,70.75098814229248]]]},"properties":{"cell_id":"1064_7876","expected_nets":0.005,"particle_count":2,"n_nets":1,"contributing_net_ids":["8f0532fc-ebc6-4b0b-9fb0-4e010db44ea0"]}},{"type":"Feature","geometry":{"type":"Polygon","coordinates":[[[28.58988383703719,70.7599712540424],[28.616728798386518,70.7599712540424],[28.616728798386518,70.76895436579231],[28.58988383703719,70.76895436579231],[28.58988383703719,70.7599712540424]]]},"properties":{"cell_id":"1065_7877","expected_nets":0.005,"particle_count":2,"n_nets":1,"contributing_net_ids":["8f0532fc-ebc6-4b0b-9fb0-4e010db44ea0"]}},{"type":"Feature","geometry":{"type":"Polygon","coordinates":[[[28.64357375973585,70.76895436579231],[28.67041872108518,70.76895436579231],[28.67041872108518,70.77793747754222],[28.64357375973585,70.77793747754222],[28.64357375973585,70.76895436579231]]]},"properties":{"cell_id":"1067_7878","expected_nets":0.005,"particle_count":6,"n_nets":6,"contributing_net_ids":["568c48d8-7903-40cc-9fda-3bb3c1d00a00","781d2769-3d71-4ed9-829d-d745be0fbd6e","8f0532fc-ebc6-4b0b-9fb0-4e010db44ea0","9e759843-4dd6-4b50-bc24-49bb88f8f082","bd2b6276-a7fe-4197-a967-101d706af8ed","eb7dd3b7-cce2-46a9-92d0-08b1c6f49b7d"]}},{"type":"Feature","geometry":{"type":"Polygon","coordinates":[[[29.09993810267447,70.13115343154868],[29.1267830640238,70.13115343154868],[29.1267830640238,70.1401365432986],[29.09993810267447,70.1401365432986],[29.09993810267447,70.13115343154868]]]},"properties":{"cell_id":"1084_7807","expected_nets":0.005,"particle_count":20,"n_nets":5,"contributing_net_ids":["178a8ce9-4d9c-4e1e-b6b9-6131b016ac1f","183b3a5b-2fd0-4d2a-9c77-77281bb30173","2649e37d-4983-4386-bc52-e0093db3ec65","6c6c4be3-4036-4a62-8c92-47730a8c7aeb","c52841a4-c77e-4497-a4e9-73f605567542"]}},{"type":"Feature","geometry":{"type":"Polygon","coordinates":[[[29.717372213709076,70.73302191879267],[29.744217175058406,70.73302191879267],[29.744217175058406,70.74200503054259],[29.717372213709076,70.74200503054259],[29.717372213709076,70.73302191879267]]]},"properties":{"cell_id":"1107_7874","expected_nets":0.005,"particle_count":14,"n_nets":9,"contributing_net_ids":["01a0254d-21d3-43e2-a1f8-1df90cc7a881","0998896f-06e6-4fff-aa6b-85723c189a4e","2e00546b-1350-4f4a-84bd-55da3dcb55ed","2e3e2f82-02e3-45d3-9acb-e62d643605a6","50ab96ff-2523-45d1-8595-00b37a28f29e","5b5fdf6e-34fa-446c-a7f8-338b8f980dea","60968c7c-8266-471c-84ae-1f14936bfba6","8f616f35-37f7-4aef-813f-428b192fdd24","b31191d1-ab4d-46ca-9c4a-de20a2e095a1"]}},{"type":"Feature","geometry":{"type":"Polygon","coordinates":[[[33.07299238237542,69.74487962630255],[33.09983734372475,69.74487962630255],[33.09983734372475,69.75386273805246],[33.07299238237542,69.75386273805246],[33.07299238237542,69.74487962630255]]]},"properties":{"cell_id":"1232_7764","expected_nets":0.005,"particle_count":8,"n_nets":5,"contributing_net_ids":["1cd692f0-e1bd-4f62-9162-4f5a33f16ae9","413b3abc-f65b-4b08-bae5-c33750216192","822fb14e-3e5d-4d49-842e-39d6f5621e8b","8f0532fc-ebc6-4b0b-9fb0-4e010db44ea0","f1354829-a446-4ab4-abbf-5bc8f5b270a3"]}},{"type":"Feature","geometry":{"type":"Polygon","coordinates":[[[26.469131890440064,70.92166726554079],[26.495976851789393,70.92166726554079],[26.495976851789393,70.9306503772907],[26.469131890440064,70.9306503772907],[26.469131890440064,70.92166726554079]]]},"properties":{"cell_id":"986_7895","expected_nets":0.005,"particle_count":14,"n_nets":10,"contributing_net_ids":["01a0254d-21d3-43e2-a1f8-1df90cc7a881","2c38e76b-b975-4368-8686-873e9d17b862","372da560-3ffc-4c03-9e63-083a0c2edeae","456e18aa-ddf2-494e-b309-badf3802d91f","5e862cee-8b9f-45d7-8ca0-daaa28a39706","8f616f35-37f7-4aef-813f-428b192fdd24","92774a0e-6c8c-4eea-b18e-be40e50056f7","a5827a71-1d16-4233-aebd-d14b478c5fff","b68c38a7-1ccd-4ae6-9801-c4f2ce607946","eb7dd3b7-cce2-46a9-92d0-08b1c6f49b7d"]}},{"type":"Feature","geometry":{"type":"Polygon","coordinates":[[[27.08656600147467,70.75098814229248],[27.113410962824,70.75098814229248],[27.113410962824,70.7599712540424],[27.08656600147467,70.7599712540424],[27.08656600147467,70.75098814229248]]]},"properties":{"cell_id":"1009_7876","expected_nets":0.0047,"particle_count":9,"n_nets":6,"contributing_net_ids":["4962aa82-3d1a-4be7-b9ea-34e28c780540","568c48d8-7903-40cc-9fda-3bb3c1d00a00","5b5fdf6e-34fa-446c-a7f8-338b8f980dea","e89f3dd1-1609-47c4-b490-a9358c7f09a8","eef2472f-e20e-4582-83ca-9fccd623673e","f8bfcb7e-c7fd-402c-b02c-4f35bae30cbb"]}},{"type":"Feature","geometry":{"type":"Polygon","coordinates":[[[27.113410962824002,70.97556593604024],[27.14025592417333,70.97556593604024],[27.14025592417333,70.98454904779015],[27.113410962824002,70.98454904779015],[27.113410962824002,70.97556593604024]]]},"properties":{"cell_id":"1010_7901","expected_nets":0.0047,"particle_count":14,"n_nets":9,"contributing_net_ids":["00fb55ca-9483-401f-8f29-3e596d6d520c","15e549ea-ffd5-4ec2-98b7-32276621e3f2","456e18aa-ddf2-494e-b309-badf3802d91f","568c48d8-7903-40cc-9fda-3bb3c1d00a00","5b5fdf6e-34fa-446c-a7f8-338b8f980dea","9e759843-4dd6-4b50-bc24-49bb88f8f082","a5827a71-1d16-4233-aebd-d14b478c5fff","eef2472f-e20e-4582-83ca-9fccd623673e","fb076de6-0572-43d4-92cd-757bd343d372"]}},{"type":"Feature","geometry":{"type":"Polygon","coordinates":[[[28.858333450530495,70.86776859504133],[28.885178411879824,70.86776859504133],[28.885178411879824,70.87675170679124],[28.858333450530495,70.87675170679124],[28.858333450530495,70.86776859504133]]]},"properties":{"cell_id":"1075_7889","expected_nets":0.0047,"particle_count":7,"n_nets":6,"contributing_net_ids":["01a0254d-21d3-43e2-a1f8-1df90cc7a881","2e3e2f82-02e3-45d3-9acb-e62d643605a6","50ab96ff-2523-45d1-8595-00b37a28f29e","8f616f35-37f7-4aef-813f-428b192fdd24","9267ffae-e862-4c0c-8303-e43fbba92f68","d78d9010-3d05-4faf-a72b-008ae0f5db62"]}},{"type":"Feature","geometry":{"type":"Polygon","coordinates":[[[29.717372213709076,70.07725476104923],[29.744217175058406,70.07725476104923],[29.744217175058406,70.08623787279915],[29.717372213709076,70.08623787279915],[29.717372213709076,70.07725476104923]]]},"properties":{"cell_id":"1107_7801","expected_nets":0.0047,"particle_count":19,"n_nets":11,"contributing_net_ids":["178a8ce9-4d9c-4e1e-b6b9-6131b016ac1f","183b3a5b-2fd0-4d2a-9c77-77281bb30173","2a840416-2518-4cd8-9332-09ee6dfac95f","59cde757-4957-437b-86cd-8d9932cbb5a2","5bc9b541-9afc-45ba-95db-3a4685de44a3","5ca74a64-d88d-45cb-a627-c8a2b8eea308","6b2ff976-a86c-46ff-9367-7349073cc0be","73b4a014-4822-4620-9d9e-4cc02ebf79ab","875fd11c-f2c7-4f5c-9d85-3053dab0618b","cd20f9be-e4bb-436b-ad0c-563775f7c010","e987972b-877b-44cf-b400-eaef3df7f643"]}},{"type":"Feature","geometry":{"type":"Polygon","coordinates":[[[29.74421717505841,70.0592885375494],[29.77106213640774,70.0592885375494],[29.77106213640774,70.06827164929932],[29.74421717505841,70.06827164929932],[29.74421717505841,70.0592885375494]]]},"properties":{"cell_id":"1108_7799","expected_nets":0.0047,"particle_count":19,"n_nets":9,"contributing_net_ids":["178a8ce9-4d9c-4e1e-b6b9-6131b016ac1f","183b3a5b-2fd0-4d2a-9c77-77281bb30173","2a840416-2518-4cd8-9332-09ee6dfac95f","59cde757-4957-437b-86cd-8d9932cbb5a2","5ca74a64-d88d-45cb-a627-c8a2b8eea308","6ae9c1b0-2a7f-4315-a8f6-7e6491c6cb74","6b2ff976-a86c-46ff-9367-7349073cc0be","cd20f9be-e4bb-436b-ad0c-563775f7c010","e987972b-877b-44cf-b400-eaef3df7f643"]}},{"type":"Feature","geometry":{"type":"Polygon","coordinates":[[[29.85159702045573,70.0592885375494],[29.87844198180506,70.0592885375494],[29.87844198180506,70.06827164929932],[29.85159702045573,70.06827164929932],[29.85159702045573,70.0592885375494]]]},"properties":{"cell_id":"1112_7799","expected_nets":0.0047,"particle_count":19,"n_nets":10,"contributing_net_ids":["183b3a5b-2fd0-4d2a-9c77-77281bb30173","59cde757-4957-437b-86cd-8d9932cbb5a2","5ca74a64-d88d-45cb-a627-c8a2b8eea308","6ae9c1b0-2a7f-4315-a8f6-7e6491c6cb74","6b2ff976-a86c-46ff-9367-7349073cc0be","6c6c4be3-4036-4a62-8c92-47730a8c7aeb","875fd11c-f2c7-4f5c-9d85-3053dab0618b","b44ee1c5-8e80-49ac-93f1-e4399df11d7f","c52841a4-c77e-4497-a4e9-73f605567542","e987972b-877b-44cf-b400-eaef3df7f643"]}},{"type":"Feature","geometry":{"type":"Polygon","coordinates":[[[29.87844198180506,70.0592885375494],[29.90528694315439,70.0592885375494],[29.90528694315439,70.06827164929932],[29.87844198180506,70.06827164929932],[29.87844198180506,70.0592885375494]]]},"properties":{"cell_id":"1113_7799","expected_nets":0.0047,"particle_count":19,"n_nets":10,"contributing_net_ids":["178a8ce9-4d9c-4e1e-b6b9-6131b016ac1f","183b3a5b-2fd0-4d2a-9c77-77281bb30173","2649e37d-4983-4386-bc52-e0093db3ec65","59cde757-4957-437b-86cd-8d9932cbb5a2","5bc9b541-9afc-45ba-95db-3a4685de44a3","5ca74a64-d88d-45cb-a627-c8a2b8eea308","6ae9c1b0-2a7f-4315-a8f6-7e6491c6cb74","6b2ff976-a86c-46ff-9367-7349073cc0be","875fd11c-f2c7-4f5c-9d85-3053dab0618b","e987972b-877b-44cf-b400-eaef3df7f643"]}},{"type":"Feature","geometry":{"type":"Polygon","coordinates":[[[27.623465228461285,71.09234638878908],[27.650310189810615,71.09234638878908],[27.650310189810615,71.101329500539],[27.623465228461285,71.101329500539],[27.623465228461285,71.09234638878908]]]},"properties":{"cell_id":"1029_7914","expected_nets":0.0045,"particle_count":9,"n_nets":7,"contributing_net_ids":["01a0254d-21d3-43e2-a1f8-1df90cc7a881","0b254efb-1769-4e93-a17e-11f0d9834bcc","540f98c5-00b4-431a-bccf-3255f8b4ce5f","781d2769-3d71-4ed9-829d-d745be0fbd6e","b68c38a7-1ccd-4ae6-9801-c4f2ce607946","e5dc0a98-2f84-4a90-abe0-8b1a1d0116ed","f8bfcb7e-c7fd-402c-b02c-4f35bae30cbb"]}},{"type":"Feature","geometry":{"type":"Polygon","coordinates":[[[29.77106213640774,70.0592885375494],[29.79790709775707,70.0592885375494],[29.79790709775707,70.06827164929932],[29.77106213640774,70.06827164929932],[29.77106213640774,70.0592885375494]]]},"properties":{"cell_id":"1109_7799","expected_nets":0.0045,"particle_count":18,"n_nets":11,"contributing_net_ids":["178a8ce9-4d9c-4e1e-b6b9-6131b016ac1f","183b3a5b-2fd0-4d2a-9c77-77281bb30173","2649e37d-4983-4386-bc52-e0093db3ec65","59cde757-4957-437b-86cd-8d9932cbb5a2","5bc9b541-9afc-45ba-95db-3a4685de44a3","5ca74a64-d88d-45cb-a627-c8a2b8eea308","6b2ff976-a86c-46ff-9367-7349073cc0be","6c6c4be3-4036-4a62-8c92-47730a8c7aeb","875fd11c-f2c7-4f5c-9d85-3053dab0618b","cd20f9be-e4bb-436b-ad0c-563775f7c010","e987972b-877b-44cf-b400-eaef3df7f643"]}},{"type":"Feature","geometry":{"type":"Polygon","coordinates":[[[30.281116402045022,69.87064319080129],[30.30796136339435,69.87064319080129],[30.30796136339435,69.8796263025512],[30.281116402045022,69.8796263025512],[30.281116402045022,69.87064319080129]]]},"properties":{"cell_id":"1128_7778","expected_nets":0.0045,"particle_count":18,"n_nets":9,"contributing_net_ids":["178a8ce9-4d9c-4e1e-b6b9-6131b016ac1f","5ca74a64-d88d-45cb-a627-c8a2b8eea308","6ae9c1b0-2a7f-4315-a8f6-7e6491c6cb74","6b2ff976-a86c-46ff-9367-7349073cc0be","73b4a014-4822-4620-9d9e-4cc02ebf79ab","b826b39f-0f3c-499e-baf6-7ac015b5659d","c52841a4-c77e-4497-a4e9-73f605567542","cd20f9be-e4bb-436b-ad0c-563775f7c010","e987972b-877b-44cf-b400-eaef3df7f643"]}},{"type":"Feature","geometry":{"type":"Polygon","coordinates":[[[30.576410976887658,70.53539346029464],[30.603255938236988,70.53539346029464],[30.603255938236988,70.54437657204456],[30.576410976887658,70.54437657204456],[30.576410976887658,70.53539346029464]]]},"properties":{"cell_id":"1139_7852","expected_nets":0.0045,"particle_count":6,"n_nets":5,"contributing_net_ids":["2c38e76b-b975-4368-8686-873e9d17b862","480722bd-da61-4875-b683-a16666a03e20","686eb669-1bde-4980-a523-5e9cf5270174","e7bca5ed-e073-45a9-bcb6-86ee920223fc","f387c842-0089-4044-8b4a-ccc41db5ee20"]}},{"type":"Feature","geometry":{"type":"Polygon","coordinates":[[[30.92539547442896,70.26590010779734],[30.95224043577829,70.26590010779734],[30.95224043577829,70.27488321954725],[30.92539547442896,70.27488321954725],[30.92539547442896,70.26590010779734]]]},"properties":{"cell_id":"1152_7822","expected_nets":0.0045,"particle_count":6,"n_nets":4,"contributing_net_ids":["41f2af17-7063-4598-998e-77215c5496ac","43c5d8b6-1fb3-465b-b441-487f33c6a908","bc3ed7a1-c829-44b9-9a0c-f2ea4fcc06b7","cb0ddc2d-92e0-4234-b4cb-6ca7c091c319"]}},{"type":"Feature","geometry":{"type":"Polygon","coordinates":[[[26.4154419677414,70.89471793029105],[26.44228692909073,70.89471793029105],[26.44228692909073,70.90370104204096],[26.4154419677414,70.90370104204096],[26.4154419677414,70.89471793029105]]]},"properties":{"cell_id":"984_7892","expected_nets":0.0045,"particle_count":15,"n_nets":12,"contributing_net_ids":["01a0254d-21d3-43e2-a1f8-1df90cc7a881","15e549ea-ffd5-4ec2-98b7-32276621e3f2","17b986f2-2962-4704-b0e1-eabe0cbc5fed","501f7877-ea08-4c1e-bb0c-f805d7b93531","5b5fdf6e-34fa-446c-a7f8-338b8f980dea","8f616f35-37f7-4aef-813f-428b192fdd24","b68c38a7-1ccd-4ae6-9801-c4f2ce607946","cabe54b4-68f5-4047-9a69-f3a33abca056","e89f3dd1-1609-47c4-b490-a9358c7f09a8","eb7dd3b7-cce2-46a9-92d0-08b1c6f49b7d","f8bfcb7e-c7fd-402c-b02c-4f35bae30cbb","fb076de6-0572-43d4-92cd-757bd343d372"]}},{"type":"Feature","geometry":{"type":"Polygon","coordinates":[[[27.16710088552266,70.97556593604024],[27.19394584687199,70.97556593604024],[27.19394584687199,70.98454904779015],[27.16710088552266,70.98454904779015],[27.16710088552266,70.97556593604024]]]},"properties":{"cell_id":"1012_7901","expected_nets":0.0043,"particle_count":7,"n_nets":5,"contributing_net_ids":["00fb55ca-9483-401f-8f29-3e596d6d520c","282c4d2e-02c9-404a-87ae-53239fc436fc","372da560-3ffc-4c03-9e63-083a0c2edeae","9e759843-4dd6-4b50-bc24-49bb88f8f082","eb7dd3b7-cce2-46a9-92d0-08b1c6f49b7d"]}},{"type":"Feature","geometry":{"type":"Polygon","coordinates":[[[27.623465228461285,71.1103126122889],[27.650310189810615,71.1103126122889],[27.650310189810615,71.1192957240388],[27.623465228461285,71.1192957240388],[27.623465228461285,71.1103126122889]]]},"properties":{"cell_id":"1029_7916","expected_nets":0.0043,"particle_count":5,"n_nets":3,"contributing_net_ids":["50ab96ff-2523-45d1-8595-00b37a28f29e","781d2769-3d71-4ed9-829d-d745be0fbd6e","8f616f35-37f7-4aef-813f-428b192fdd24"]}},{"type":"Feature","geometry":{"type":"Polygon","coordinates":[[[27.999294687351913,71.06539705353934],[28.026139648701243,71.06539705353934],[28.026139648701243,71.07438016528926],[27.999294687351913,71.07438016528926],[27.999294687351913,71.06539705353934]]]},"properties":{"cell_id":"1043_7911","expected_nets":0.0043,"particle_count":4,"n_nets":3,"contributing_net_ids":["4962aa82-3d1a-4be7-b9ea-34e28c780540","50ab96ff-2523-45d1-8595-00b37a28f29e","5b5fdf6e-34fa-446c-a7f8-338b8f980dea"]}},{"type":"Feature","geometry":{"type":"Polygon","coordinates":[[[28.052984610050576,71.08336327703917],[28.079829571399905,71.08336327703917],[28.079829571399905,71.09234638878908],[28.052984610050576,71.09234638878908],[28.052984610050576,71.08336327703917]]]},"properties":{"cell_id":"1045_7913","expected_nets":0.0043,"particle_count":8,"n_nets":7,"contributing_net_ids":["15e549ea-ffd5-4ec2-98b7-32276621e3f2","50ab96ff-2523-45d1-8595-00b37a28f29e","781d2769-3d71-4ed9-829d-d745be0fbd6e","8f616f35-37f7-4aef-813f-428b192fdd24","9e759843-4dd6-4b50-bc24-49bb88f8f082","e89f3dd1-1609-47c4-b490-a9358c7f09a8","eef2472f-e20e-4582-83ca-9fccd623673e"]}},{"type":"Feature","geometry":{"type":"Polygon","coordinates":[[[28.133519494098568,71.09234638878908],[28.160364455447898,71.09234638878908],[28.160364455447898,71.101329500539],[28.133519494098568,71.101329500539],[28.133519494098568,71.09234638878908]]]},"properties":{"cell_id":"1048_7914","expected_nets":0.0043,"particle_count":4,"n_nets":4,"contributing_net_ids":["00fb55ca-9483-401f-8f29-3e596d6d520c","15e549ea-ffd5-4ec2-98b7-32276621e3f2","4962aa82-3d1a-4be7-b9ea-34e28c780540","d78d9010-3d05-4faf-a72b-008ae0f5db62"]}},{"type":"Feature","geometry":{"type":"Polygon","coordinates":[[[30.254271440695693,70.08623787279913],[30.281116402045022,70.08623787279913],[30.281116402045022,70.09522098454904],[30.254271440695693,70.09522098454904],[30.254271440695693,70.08623787279913]]]},"properties":{"cell_id":"1127_7802","expected_nets":0.0043,"particle_count":17,"n_nets":4,"contributing_net_ids":["37e8bf79-8d0c-4820-9b6c-98fdaa828590","39d2f659-e666-4b43-ab4a-c4439252e729","444ac6fa-3c86-44c4-a0b0-2e7d79922517","491a8576-d12c-4378-8c01-07c2717e4a07"]}},{"type":"Feature","geometry":{"type":"Polygon","coordinates":[[[30.54956601553833,70.53539346029464],[30.576410976887658,70.53539346029464],[30.576410976887658,70.54437657204456],[30.54956601553833,70.54437657204456],[30.54956601553833,70.53539346029464]]]},"properties":{"cell_id":"1138_7852","expected_nets":0.0043,"particle_count":5,"n_nets":5,"contributing_net_ids":["0b254efb-1769-4e93-a17e-11f0d9834bcc","480722bd-da61-4875-b683-a16666a03e20","5b5fdf6e-34fa-446c-a7f8-338b8f980dea","8f0532fc-ebc6-4b0b-9fb0-4e010db44ea0","9e759843-4dd6-4b50-bc24-49bb88f8f082"]}},{"type":"Feature","geometry":{"type":"Polygon","coordinates":[[[30.791170667682305,70.25691699604744],[30.818015629031635,70.25691699604744],[30.818015629031635,70.26590010779735],[30.791170667682305,70.26590010779735],[30.791170667682305,70.25691699604744]]]},"properties":{"cell_id":"1147_7821","expected_nets":0.0043,"particle_count":5,"n_nets":2,"contributing_net_ids":["491a8576-d12c-4378-8c01-07c2717e4a07","bc3ed7a1-c829-44b9-9a0c-f2ea4fcc06b7"]}},{"type":"Feature","geometry":{"type":"Polygon","coordinates":[[[27.999294687351913,71.07438016528926],[28.026139648701243,71.07438016528926],[28.026139648701243,71.08336327703917],[27.999294687351913,71.08336327703917],[27.999294687351913,71.07438016528926]]]},"properties":{"cell_id":"1043_7912","expected_nets":0.004,"particle_count":4,"n_nets":4,"contributing_net_ids":["540f98c5-00b4-431a-bccf-3255f8b4ce5f","8f616f35-37f7-4aef-813f-428b192fdd24","92774a0e-6c8c-4eea-b18e-be40e50056f7","cabe54b4-68f5-4047-9a69-f3a33abca056"]}},{"type":"Feature","geometry":{"type":"Polygon","coordinates":[[[29.073093141325142,70.12217031979878],[29.09993810267447,70.12217031979878],[29.09993810267447,70.1311534315487],[29.073093141325142,70.1311534315487],[29.073093141325142,70.12217031979878]]]},"properties":{"cell_id":"1083_7806","expected_nets":0.004,"particle_count":16,"n_nets":3,"contributing_net_ids":["183b3a5b-2fd0-4d2a-9c77-77281bb30173","2649e37d-4983-4386-bc52-e0093db3ec65","c52841a4-c77e-4497-a4e9-73f605567542"]}},{"type":"Feature","geometry":{"type":"Polygon","coordinates":[[[29.4757675615651,69.99640675530003],[29.50261252291443,69.99640675530003],[29.50261252291443,70.00538986704994],[29.4757675615651,70.00538986704994],[29.4757675615651,69.99640675530003]]]},"properties":{"cell_id":"1098_7792","expected_nets":0.004,"particle_count":16,"n_nets":13,"contributing_net_ids":["178a8ce9-4d9c-4e1e-b6b9-6131b016ac1f","183b3a5b-2fd0-4d2a-9c77-77281bb30173","2649e37d-4983-4386-bc52-e0093db3ec65","2a840416-2518-4cd8-9332-09ee6dfac95f","36c0b306-27cf-4788-a28e-37a6791e6842","59cde757-4957-437b-86cd-8d9932cbb5a2","5bc9b541-9afc-45ba-95db-3a4685de44a3","5ca74a64-d88d-45cb-a627-c8a2b8eea308","6c6c4be3-4036-4a62-8c92-47730a8c7aeb","73b4a014-4822-4620-9d9e-4cc02ebf79ab","875fd11c-f2c7-4f5c-9d85-3053dab0618b","c52841a4-c77e-4497-a4e9-73f605567542","cd20f9be-e4bb-436b-ad0c-563775f7c010"]}},{"type":"Feature","geometry":{"type":"Polygon","coordinates":[[[29.583147406962425,70.70607258354293],[29.609992368311755,70.70607258354293],[29.609992368311755,70.71505569529285],[29.583147406962425,70.71505569529285],[29.583147406962425,70.70607258354293]]]},"properties":{"cell_id":"1102_7871","expected_nets":0.004,"particle_count":7,"n_nets":6,"contributing_net_ids":["2e00546b-1350-4f4a-84bd-55da3dcb55ed","8f0532fc-ebc6-4b0b-9fb0-4e010db44ea0","a5f2d7f3-60b1-400b-8f91-f6403d9e7442","b31191d1-ab4d-46ca-9c4a-de20a2e095a1","cabe54b4-68f5-4047-9a69-f3a33abca056","e7bca5ed-e073-45a9-bcb6-86ee920223fc"]}},{"type":"Feature","geometry":{"type":"Polygon","coordinates":[[[30.146891595298367,69.86166007905139],[30.173736556647697,69.86166007905139],[30.173736556647697,69.8706431908013],[30.146891595298367,69.8706431908013],[30.146891595298367,69.86166007905139]]]},"properties":{"cell_id":"1123_7777","expected_nets":0.004,"particle_count":16,"n_nets":11,"contributing_net_ids":["178a8ce9-4d9c-4e1e-b6b9-6131b016ac1f","183b3a5b-2fd0-4d2a-9c77-77281bb30173","36c0b306-27cf-4788-a28e-37a6791e6842","5bc9b541-9afc-45ba-95db-3a4685de44a3","5ca74a64-d88d-45cb-a627-c8a2b8eea308","6b2ff976-a86c-46ff-9367-7349073cc0be","6c6c4be3-4036-4a62-8c92-47730a8c7aeb","73b4a014-4822-4620-9d9e-4cc02ebf79ab","c52841a4-c77e-4497-a4e9-73f605567542","cd20f9be-e4bb-436b-ad0c-563775f7c010","e987972b-877b-44cf-b400-eaef3df7f643"]}},{"type":"Feature","geometry":{"type":"Polygon","coordinates":[[[30.1737365566477,69.87064319080129],[30.20058151799703,69.87064319080129],[30.20058151799703,69.8796263025512],[30.1737365566477,69.8796263025512],[30.1737365566477,69.87064319080129]]]},"properties":{"cell_id":"1124_7778","expected_nets":0.004,"particle_count":16,"n_nets":10,"contributing_net_ids":["178a8ce9-4d9c-4e1e-b6b9-6131b016ac1f","2649e37d-4983-4386-bc52-e0093db3ec65","59cde757-4957-437b-86cd-8d9932cbb5a2","5ca74a64-d88d-45cb-a627-c8a2b8eea308","6ae9c1b0-2a7f-4315-a8f6-7e6491c6cb74","6b2ff976-a86c-46ff-9367-7349073cc0be","6c6c4be3-4036-4a62-8c92-47730a8c7aeb","c52841a4-c77e-4497-a4e9-73f605567542","cd20f9be-e4bb-436b-ad0c-563775f7c010","e987972b-877b-44cf-b400-eaef3df7f643"]}},{"type":"Feature","geometry":{"type":"Polygon","coordinates":[[[31.032775319826282,70.40064678404599],[31.05962028117561,70.40064678404599],[31.05962028117561,70.4096298957959],[31.032775319826282,70.4096298957959],[31.032775319826282,70.40064678404599]]]},"properties":{"cell_id":"1156_7837","expected_nets":0.004,"particle_count":7,"n_nets":7,"contributing_net_ids":["15e549ea-ffd5-4ec2-98b7-32276621e3f2","1cd692f0-e1bd-4f62-9162-4f5a33f16ae9","4f1df18f-2aa1-40db-923c-9e7359a62300","50ab96ff-2523-45d1-8595-00b37a28f29e","b31191d1-ab4d-46ca-9c4a-de20a2e095a1","f387c842-0089-4044-8b4a-ccc41db5ee20","fc902618-75c5-4c29-b03e-964ebd1caf5c"]}},{"type":"Feature","geometry":{"type":"Polygon","coordinates":[[[31.67705439221022,69.72691340280274],[31.70389935355955,69.72691340280274],[31.70389935355955,69.73589651455265],[31.67705439221022,69.73589651455265],[31.67705439221022,69.72691340280274]]]},"properties":{"cell_id":"1180_7762","expected_nets":0.004,"particle_count":13,"n_nets":7,"contributing_net_ids":["0044b29c-5a23-4047-8f64-6763e05133e4","178a8ce9-4d9c-4e1e-b6b9-6131b016ac1f","2649e37d-4983-4386-bc52-e0093db3ec65","39d2f659-e666-4b43-ab4a-c4439252e729","444ac6fa-3c86-44c4-a0b0-2e7d79922517","9b9bef93-e0fb-425f-b56f-fbf239eaa3e5","cd20f9be-e4bb-436b-ad0c-563775f7c010"]}},{"type":"Feature","geometry":{"type":"Polygon","coordinates":[[[27.355015614967975,71.02048149478979],[27.381860576317305,71.02048149478979],[27.381860576317305,71.0294646065397],[27.355015614967975,71.0294646065397],[27.355015614967975,71.02048149478979]]]},"properties":{"cell_id":"1019_7906","expected_nets":0.0037,"particle_count":7,"n_nets":6,"contributing_net_ids":["00fb55ca-9483-401f-8f29-3e596d6d520c","2e00546b-1350-4f4a-84bd-55da3dcb55ed","372da560-3ffc-4c03-9e63-083a0c2edeae","9e759843-4dd6-4b50-bc24-49bb88f8f082","b68c38a7-1ccd-4ae6-9801-c4f2ce607946","d78d9010-3d05-4faf-a72b-008ae0f5db62"]}},{"type":"Feature","geometry":{"type":"Polygon","coordinates":[[[27.4623954603653,71.05641394178943],[27.48924042171463,71.05641394178943],[27.48924042171463,71.06539705353934],[27.4623954603653,71.06539705353934],[27.4623954603653,71.05641394178943]]]},"properties":{"cell_id":"1023_7910","expected_nets":0.0037,"particle_count":9,"n_nets":9,"contributing_net_ids":["01a0254d-21d3-43e2-a1f8-1df90cc7a881","372da560-3ffc-4c03-9e63-083a0c2edeae","781d2769-3d71-4ed9-829d-d745be0fbd6e","8f616f35-37f7-4aef-813f-428b192fdd24","9e759843-4dd6-4b50-bc24-49bb88f8f082","a5827a71-1d16-4233-aebd-d14b478c5fff","d78d9010-3d05-4faf-a72b-008ae0f5db62","e5dc0a98-2f84-4a90-abe0-8b1a1d0116ed","eef2472f-e20e-4582-83ca-9fccd623673e"]}},{"type":"Feature","geometry":{"type":"Polygon","coordinates":[[[28.831488489181165,70.87675170679124],[28.858333450530495,70.87675170679124],[28.858333450530495,70.88573481854115],[28.831488489181165,70.88573481854115],[28.831488489181165,70.87675170679124]]]},"properties":{"cell_id":"1074_7890","expected_nets":0.0037,"particle_count":12,"n_nets":9,"contributing_net_ids":["01a0254d-21d3-43e2-a1f8-1df90cc7a881","0b254efb-1769-4e93-a17e-11f0d9834bcc","372da560-3ffc-4c03-9e63-083a0c2edeae","456e18aa-ddf2-494e-b309-badf3802d91f","50ab96ff-2523-45d1-8595-00b37a28f29e","a5827a71-1d16-4233-aebd-d14b478c5fff","b68c38a7-1ccd-4ae6-9801-c4f2ce607946","eef2472f-e20e-4582-83ca-9fccd623673e","fb076de6-0572-43d4-92cd-757bd343d372"]}},{"type":"Feature","geometry":{"type":"Polygon","coordinates":[[[29.905286943154394,70.68810636004312],[29.932131904503724,70.68810636004312],[29.932131904503724,70.69708947179303],[29.905286943154394,70.69708947179303],[29.905286943154394,70.68810636004312]]]},"properties":{"cell_id":"1114_7869","expected_nets":0.0037,"particle_count":3,"n_nets":3,"contributing_net_ids":["8f0532fc-ebc6-4b0b-9fb0-4e010db44ea0","d78d9010-3d05-4faf-a72b-008ae0f5db62","e7bca5ed-e073-45a9-bcb6-86ee920223fc"]}},{"type":"Feature","geometry":{"type":"Polygon","coordinates":[[[30.012666788551716,70.06827164929932],[30.039511749901045,70.06827164929932],[30.039511749901045,70.07725476104923],[30.012666788551716,70.07725476104923],[30.012666788551716,70.06827164929932]]]},"properties":{"cell_id":"1118_7800","expected_nets":0.0037,"particle_count":15,"n_nets":5,"contributing_net_ids":["39d2f659-e666-4b43-ab4a-c4439252e729","444ac6fa-3c86-44c4-a0b0-2e7d79922517","59cde757-4957-437b-86cd-8d9932cbb5a2","b44ee1c5-8e80-49ac-93f1-e4399df11d7f","cd20f9be-e4bb-436b-ad0c-563775f7c010"]}},{"type":"Feature","geometry":{"type":"Polygon","coordinates":[[[30.818015629031635,70.43657923104564],[30.844860590380964,70.43657923104564],[30.844860590380964,70.44556234279555],[30.818015629031635,70.44556234279555],[30.818015629031635,70.43657923104564]]]},"properties":{"cell_id":"1148_7841","expected_nets":0.0037,"particle_count":4,"n_nets":4,"contributing_net_ids":["15e549ea-ffd5-4ec2-98b7-32276621e3f2","30aa50a2-cd39-4593-b0af-6c9be6e92f46","b8992d3d-bdb5-448a-9ea1-25b236fc3a05","bd2b6276-a7fe-4197-a967-101d706af8ed"]}},{"type":"Feature","geometry":{"type":"Polygon","coordinates":[[[31.005930358476952,70.27488321954725],[31.032775319826282,70.27488321954725],[31.032775319826282,70.28386633129716],[31.005930358476952,70.28386633129716],[31.005930358476952,70.27488321954725]]]},"properties":{"cell_id":"1155_7823","expected_nets":0.0037,"particle_count":6,"n_nets":4,"contributing_net_ids":["41f2af17-7063-4598-998e-77215c5496ac","43c5d8b6-1fb3-465b-b441-487f33c6a908","bc3ed7a1-c829-44b9-9a0c-f2ea4fcc06b7","cb0ddc2d-92e0-4234-b4cb-6ca7c091c319"]}},{"type":"Feature","geometry":{"type":"Polygon","coordinates":[[[31.70389935355955,69.74487962630255],[31.73074431490888,69.74487962630255],[31.73074431490888,69.75386273805246],[31.70389935355955,69.75386273805246],[31.70389935355955,69.74487962630255]]]},"properties":{"cell_id":"1181_7764","expected_nets":0.0037,"particle_count":15,"n_nets":4,"contributing_net_ids":["39d2f659-e666-4b43-ab4a-c4439252e729","444ac6fa-3c86-44c4-a0b0-2e7d79922517","b44ee1c5-8e80-49ac-93f1-e4399df11d7f","e987972b-877b-44cf-b400-eaef3df7f643"]}},{"type":"Feature","geometry":{"type":"Polygon","coordinates":[[[25.66378304996014,70.9396334890406],[25.69062801130947,70.9396334890406],[25.69062801130947,70.94861660079052],[25.66378304996014,70.94861660079052],[25.66378304996014,70.9396334890406]]]},"properties":{"cell_id":"956_7897","expected_nets":0.0037,"particle_count":15,"n_nets":7,"contributing_net_ids":["0dc85fe8-24ce-4a5b-9c68-10fde23c3974","1856880d-fea0-414e-9d9b-151b7bafb7eb","470db2b9-33e2-459d-b899-d527741f15ff","51ea4374-4f03-4957-b2d3-91e78f0021c5","a95c2f17-baa3-44dd-b464-4313692da315","c4c6d9a6-bf57-4182-966d-55046e277ae0","d9de1f0e-7743-4a5a-950e-71a72e96bff4"]}},{"type":"Feature","geometry":{"type":"Polygon","coordinates":[[[26.146992354248095,70.76895436579231],[26.173837315597424,70.76895436579231],[26.173837315597424,70.77793747754222],[26.146992354248095,70.77793747754222],[26.146992354248095,70.76895436579231]]]},"properties":{"cell_id":"974_7878","expected_nets":0.0037,"particle_count":9,"n_nets":4,"contributing_net_ids":["5e862cee-8b9f-45d7-8ca0-daaa28a39706","8f616f35-37f7-4aef-813f-428b192fdd24","b68c38a7-1ccd-4ae6-9801-c4f2ce607946","e75a847a-c3de-4b7e-a353-9f70acc6da3e"]}},{"type":"Feature","geometry":{"type":"Polygon","coordinates":[[[26.227527238296087,70.80488681279195],[26.254372199645417,70.80488681279195],[26.254372199645417,70.81386992454186],[26.227527238296087,70.81386992454186],[26.227527238296087,70.80488681279195]]]},"properties":{"cell_id":"977_7882","expected_nets":0.0037,"particle_count":6,"n_nets":4,"contributing_net_ids":["5e862cee-8b9f-45d7-8ca0-daaa28a39706","8f616f35-37f7-4aef-813f-428b192fdd24","b68c38a7-1ccd-4ae6-9801-c4f2ce607946","efe29baa-49f5-4eef-bf00-780fc94fd192"]}},{"type":"Feature","geometry":{"type":"Polygon","coordinates":[[[26.442286929090734,70.91268415379088],[26.469131890440064,70.91268415379088],[26.469131890440064,70.92166726554079],[26.442286929090734,70.92166726554079],[26.442286929090734,70.91268415379088]]]},"properties":{"cell_id":"985_7894","expected_nets":0.0037,"particle_count":9,"n_nets":7,"contributing_net_ids":["501f7877-ea08-4c1e-bb0c-f805d7b93531","60968c7c-8266-471c-84ae-1f14936bfba6","86fbc2f8-6e1e-4162-8855-d19e180e5ce9","8f616f35-37f7-4aef-813f-428b192fdd24","9267ffae-e862-4c0c-8303-e43fbba92f68","b68c38a7-1ccd-4ae6-9801-c4f2ce607946","fb076de6-0572-43d4-92cd-757bd343d372"]}},{"type":"Feature","geometry":{"type":"Polygon","coordinates":[[[28.67041872108518,70.77793747754222],[28.69726368243451,70.77793747754222],[28.69726368243451,70.78692058929214],[28.67041872108518,70.78692058929214],[28.67041872108518,70.77793747754222]]]},"properties":{"cell_id":"1068_7879","expected_nets":0.0035,"particle_count":5,"n_nets":4,"contributing_net_ids":["17b986f2-2962-4704-b0e1-eabe0cbc5fed","568c48d8-7903-40cc-9fda-3bb3c1d00a00","8f0532fc-ebc6-4b0b-9fb0-4e010db44ea0","e7bca5ed-e073-45a9-bcb6-86ee920223fc"]}},{"type":"Feature","geometry":{"type":"Polygon","coordinates":[[[29.958976865853053,70.69708947179303],[29.985821827202383,70.69708947179303],[29.985821827202383,70.70607258354295],[29.958976865853053,70.70607258354295],[29.958976865853053,70.69708947179303]]]},"properties":{"cell_id":"1116_7870","expected_nets":0.0035,"particle_count":5,"n_nets":3,"contributing_net_ids":["8f0532fc-ebc6-4b0b-9fb0-4e010db44ea0","a5f2d7f3-60b1-400b-8f91-f6403d9e7442","e7bca5ed-e073-45a9-bcb6-86ee920223fc"]}},{"type":"Feature","geometry":{"type":"Polygon","coordinates":[[[27.274480730919983,70.82285303629178],[27.301325692269312,70.82285303629178],[27.301325692269312,70.83183614804169],[27.274480730919983,70.83183614804169],[27.274480730919983,70.82285303629178]]]},"properties":{"cell_id":"1016_7884","expected_nets":0.0035,"particle_count":9,"n_nets":9,"contributing_net_ids":["0b254efb-1769-4e93-a17e-11f0d9834bcc","15e549ea-ffd5-4ec2-98b7-32276621e3f2","5e862cee-8b9f-45d7-8ca0-daaa28a39706","9267ffae-e862-4c0c-8303-e43fbba92f68","92774a0e-6c8c-4eea-b18e-be40e50056f7","a5827a71-1d16-4233-aebd-d14b478c5fff","bd2b6276-a7fe-4197-a967-101d706af8ed","e89f3dd1-1609-47c4-b490-a9358c7f09a8","fb076de6-0572-43d4-92cd-757bd343d372"]}},{"type":"Feature","geometry":{"type":"Polygon","coordinates":[[[27.89191484195459,71.04743083003953],[27.91875980330392,71.04743083003953],[27.91875980330392,71.05641394178944],[27.89191484195459,71.05641394178944],[27.89191484195459,71.04743083003953]]]},"properties":{"cell_id":"1039_7909","expected_nets":0.0035,"particle_count":8,"n_nets":6,"contributing_net_ids":["50ab96ff-2523-45d1-8595-00b37a28f29e","60968c7c-8266-471c-84ae-1f14936bfba6","781d2769-3d71-4ed9-829d-d745be0fbd6e","92774a0e-6c8c-4eea-b18e-be40e50056f7","a5827a71-1d16-4233-aebd-d14b478c5fff","eb7dd3b7-cce2-46a9-92d0-08b1c6f49b7d"]}},{"type":"Feature","geometry":{"type":"Polygon","coordinates":[[[27.91875980330392,71.04743083003953],[27.94560476465325,71.04743083003953],[27.94560476465325,71.05641394178944],[27.91875980330392,71.05641394178944],[27.91875980330392,71.04743083003953]]]},"properties":{"cell_id":"1040_7909","expected_nets":0.0035,"particle_count":5,"n_nets":4,"contributing_net_ids":["15e549ea-ffd5-4ec2-98b7-32276621e3f2","50ab96ff-2523-45d1-8595-00b37a28f29e","8f616f35-37f7-4aef-813f-428b192fdd24","fb076de6-0572-43d4-92cd-757bd343d372"]}},{"type":"Feature","geometry":{"type":"Polygon","coordinates":[[[28.482503991639867,70.63420768954366],[28.509348952989196,70.63420768954366],[28.509348952989196,70.64319080129357],[28.482503991639867,70.64319080129357],[28.482503991639867,70.63420768954366]]]},"properties":{"cell_id":"1061_7863","expected_nets":0.0035,"particle_count":5,"n_nets":2,"contributing_net_ids":["8f0532fc-ebc6-4b0b-9fb0-4e010db44ea0","a5f2d7f3-60b1-400b-8f91-f6403d9e7442"]}},{"type":"Feature","geometry":{"type":"Polygon","coordinates":[[[29.234162909421126,70.01437297879986],[29.261007870770456,70.01437297879986],[29.261007870770456,70.02335609054977],[29.234162909421126,70.02335609054977],[29.234162909421126,70.01437297879986]]]},"properties":{"cell_id":"1089_7794","expected_nets":0.0035,"particle_count":14,"n_nets":8,"contributing_net_ids":["183b3a5b-2fd0-4d2a-9c77-77281bb30173","2649e37d-4983-4386-bc52-e0093db3ec65","2a840416-2518-4cd8-9332-09ee6dfac95f","36c0b306-27cf-4788-a28e-37a6791e6842","5bc9b541-9afc-45ba-95db-3a4685de44a3","6ae9c1b0-2a7f-4315-a8f6-7e6491c6cb74","6c6c4be3-4036-4a62-8c92-47730a8c7aeb","c52841a4-c77e-4497-a4e9-73f605567542"]}},{"type":"Feature","geometry":{"type":"Polygon","coordinates":[[[29.341542754818448,70.10420409629896],[29.368387716167778,70.10420409629896],[29.368387716167778,70.11318720804887],[29.341542754818448,70.11318720804887],[29.341542754818448,70.10420409629896]]]},"properties":{"cell_id":"1093_7804","expected_nets":0.0035,"particle_count":14,"n_nets":9,"contributing_net_ids":["178a8ce9-4d9c-4e1e-b6b9-6131b016ac1f","2a840416-2518-4cd8-9332-09ee6dfac95f","36c0b306-27cf-4788-a28e-37a6791e6842","5ca74a64-d88d-45cb-a627-c8a2b8eea308","6b2ff976-a86c-46ff-9367-7349073cc0be","6c6c4be3-4036-4a62-8c92-47730a8c7aeb","c52841a4-c77e-4497-a4e9-73f605567542","cd20f9be-e4bb-436b-ad0c-563775f7c010","e987972b-877b-44cf-b400-eaef3df7f643"]}},{"type":"Feature","geometry":{"type":"Polygon","coordinates":[[[29.690527252359747,70.72403880704276],[29.717372213709076,70.72403880704276],[29.717372213709076,70.73302191879267],[29.690527252359747,70.73302191879267],[29.690527252359747,70.72403880704276]]]},"properties":{"cell_id":"1106_7873","expected_nets":0.0035,"particle_count":8,"n_nets":8,"contributing_net_ids":["0998896f-06e6-4fff-aa6b-85723c189a4e","0b254efb-1769-4e93-a17e-11f0d9834bcc","2e3e2f82-02e3-45d3-9acb-e62d643605a6","50ab96ff-2523-45d1-8595-00b37a28f29e","a5f2d7f3-60b1-400b-8f91-f6403d9e7442","d78d9010-3d05-4faf-a72b-008ae0f5db62","e7bca5ed-e073-45a9-bcb6-86ee920223fc","fb076de6-0572-43d4-92cd-757bd343d372"]}},{"type":"Feature","geometry":{"type":"Polygon","coordinates":[[[30.039511749901045,70.06827164929932],[30.066356711250375,70.06827164929932],[30.066356711250375,70.07725476104923],[30.039511749901045,70.07725476104923],[30.039511749901045,70.06827164929932]]]},"properties":{"cell_id":"1119_7800","expected_nets":0.0035,"particle_count":14,"n_nets":6,"contributing_net_ids":["0044b29c-5a23-4047-8f64-6763e05133e4","39d2f659-e666-4b43-ab4a-c4439252e729","444ac6fa-3c86-44c4-a0b0-2e7d79922517","59cde757-4957-437b-86cd-8d9932cbb5a2","6b2ff976-a86c-46ff-9367-7349073cc0be","b44ee1c5-8e80-49ac-93f1-e4399df11d7f"]}},{"type":"Feature","geometry":{"type":"Polygon","coordinates":[[[30.60325593823699,70.23895077254761],[30.63010089958632,70.23895077254761],[30.63010089958632,70.24793388429752],[30.60325593823699,70.24793388429752],[30.60325593823699,70.23895077254761]]]},"properties":{"cell_id":"1140_7819","expected_nets":0.0035,"particle_count":5,"n_nets":2,"contributing_net_ids":["491a8576-d12c-4378-8c01-07c2717e4a07","bc3ed7a1-c829-44b9-9a0c-f2ea4fcc06b7"]}},{"type":"Feature","geometry":{"type":"Polygon","coordinates":[[[30.95224043577829,70.25691699604744],[30.97908539712762,70.25691699604744],[30.97908539712762,70.26590010779735],[30.95224043577829,70.26590010779735],[30.95224043577829,70.25691699604744]]]},"properties":{"cell_id":"1153_7821","expected_nets":0.0035,"particle_count":5,"n_nets":4,"contributing_net_ids":["41f2af17-7063-4598-998e-77215c5496ac","43c5d8b6-1fb3-465b-b441-487f33c6a908","bc3ed7a1-c829-44b9-9a0c-f2ea4fcc06b7","cb0ddc2d-92e0-4234-b4cb-6ca7c091c319"]}},{"type":"Feature","geometry":{"type":"Polygon","coordinates":[[[31.70389935355955,69.73589651455264],[31.73074431490888,69.73589651455264],[31.73074431490888,69.74487962630255],[31.70389935355955,69.74487962630255],[31.70389935355955,69.73589651455264]]]},"properties":{"cell_id":"1181_7763","expected_nets":0.0035,"particle_count":11,"n_nets":8,"contributing_net_ids":["2649e37d-4983-4386-bc52-e0093db3ec65","36c0b306-27cf-4788-a28e-37a6791e6842","37e8bf79-8d0c-4820-9b6c-98fdaa828590","39d2f659-e666-4b43-ab4a-c4439252e729","444ac6fa-3c86-44c4-a0b0-2e7d79922517","5bc9b541-9afc-45ba-95db-3a4685de44a3","9b9bef93-e0fb-425f-b56f-fbf239eaa3e5","b44ee1c5-8e80-49ac-93f1-e4399df11d7f"]}},{"type":"Feature","geometry":{"type":"Polygon","coordinates":[[[31.891814083004864,69.93352497305067],[31.918659044354193,69.93352497305067],[31.918659044354193,69.94250808480058],[31.891814083004864,69.94250808480058],[31.891814083004864,69.93352497305067]]]},"properties":{"cell_id":"1188_7785","expected_nets":0.0035,"particle_count":8,"n_nets":6,"contributing_net_ids":["285cb79f-371f-48f7-ad51-d9c0c62f9384","413b3abc-f65b-4b08-bae5-c33750216192","491a8576-d12c-4378-8c01-07c2717e4a07","9b9bef93-e0fb-425f-b56f-fbf239eaa3e5","af60421e-dd2b-4078-918a-15ff5661dac7","bc3ed7a1-c829-44b9-9a0c-f2ea4fcc06b7"]}},{"type":"Feature","geometry":{"type":"Polygon","coordinates":[[[32.02603888975152,69.80776140855193],[32.05288385110085,69.80776140855193],[32.05288385110085,69.81674452030184],[32.02603888975152,69.81674452030184],[32.02603888975152,69.80776140855193]]]},"properties":{"cell_id":"1193_7771","expected_nets":0.0035,"particle_count":14,"n_nets":4,"contributing_net_ids":["413b3abc-f65b-4b08-bae5-c33750216192","822fb14e-3e5d-4d49-842e-39d6f5621e8b","8a3bdd3c-8344-4b09-8b3a-0f9a3d5dae08","af60421e-dd2b-4078-918a-15ff5661dac7"]}},{"type":"Feature","geometry":{"type":"Polygon","coordinates":[[[33.046147421026085,69.73589651455264],[33.07299238237542,69.73589651455264],[33.07299238237542,69.74487962630255],[33.046147421026085,69.74487962630255],[33.046147421026085,69.73589651455264]]]},"properties":{"cell_id":"1231_7763","expected_nets":0.0035,"particle_count":3,"n_nets":3,"contributing_net_ids":["483df2e5-9e99-4434-a3da-02126b74956e","686eb669-1bde-4980-a523-5e9cf5270174","b5657932-8170-4909-a1a8-90c71647cc2d"]}},{"type":"Feature","geometry":{"type":"Polygon","coordinates":[[[25.824852818056126,70.75098814229248],[25.851697779405455,70.75098814229248],[25.851697779405455,70.7599712540424],[25.824852818056126,70.7599712540424],[25.824852818056126,70.75098814229248]]]},"properties":{"cell_id":"962_7876","expected_nets":0.0035,"particle_count":14,"n_nets":3,"contributing_net_ids":["b68c38a7-1ccd-4ae6-9801-c4f2ce607946","e75a847a-c3de-4b7e-a353-9f70acc6da3e","efe29baa-49f5-4eef-bf00-780fc94fd192"]}},{"type":"Feature","geometry":{"type":"Polygon","coordinates":[[[25.85169777940546,70.7599712540424],[25.87854274075479,70.7599712540424],[25.87854274075479,70.76895436579231],[25.85169777940546,70.76895436579231],[25.85169777940546,70.7599712540424]]]},"properties":{"cell_id":"963_7877","expected_nets":0.0035,"particle_count":8,"n_nets":3,"contributing_net_ids":["8f616f35-37f7-4aef-813f-428b192fdd24","e75a847a-c3de-4b7e-a353-9f70acc6da3e","efe29baa-49f5-4eef-bf00-780fc94fd192"]}},{"type":"Feature","geometry":{"type":"Polygon","coordinates":[[[26.200682276946758,70.77793747754222],[26.227527238296087,70.77793747754222],[26.227527238296087,70.78692058929214],[26.200682276946758,70.78692058929214],[26.200682276946758,70.77793747754222]]]},"properties":{"cell_id":"976_7879","expected_nets":0.0035,"particle_count":5,"n_nets":3,"contributing_net_ids":["470db2b9-33e2-459d-b899-d527741f15ff","8f616f35-37f7-4aef-813f-428b192fdd24","e75a847a-c3de-4b7e-a353-9f70acc6da3e"]}},{"type":"Feature","geometry":{"type":"Polygon","coordinates":[[[26.227527238296087,70.79590370104204],[26.254372199645417,70.79590370104204],[26.254372199645417,70.80488681279195],[26.227527238296087,70.80488681279195],[26.227527238296087,70.79590370104204]]]},"properties":{"cell_id":"977_7881","expected_nets":0.0035,"particle_count":5,"n_nets":3,"contributing_net_ids":["5e862cee-8b9f-45d7-8ca0-daaa28a39706","8f616f35-37f7-4aef-813f-428b192fdd24","e75a847a-c3de-4b7e-a353-9f70acc6da3e"]}},{"type":"Feature","geometry":{"type":"Polygon","coordinates":[[[27.08656600147467,70.9396334890406],[27.113410962824,70.9396334890406],[27.113410962824,70.94861660079052],[27.08656600147467,70.94861660079052],[27.08656600147467,70.9396334890406]]]},"properties":{"cell_id":"1009_7897","expected_nets":0.0033,"particle_count":5,"n_nets":5,"contributing_net_ids":["00fb55ca-9483-401f-8f29-3e596d6d520c","2e3e2f82-02e3-45d3-9acb-e62d643605a6","372da560-3ffc-4c03-9e63-083a0c2edeae","d78d9010-3d05-4faf-a72b-008ae0f5db62","fb076de6-0572-43d4-92cd-757bd343d372"]}},{"type":"Feature","geometry":{"type":"Polygon","coordinates":[[[27.113410962824002,70.94861660079052],[27.14025592417333,70.94861660079052],[27.14025592417333,70.95759971254043],[27.113410962824002,70.95759971254043],[27.113410962824002,70.94861660079052]]]},"properties":{"cell_id":"1010_7898","expected_nets":0.0033,"particle_count":5,"n_nets":5,"contributing_net_ids":["00fb55ca-9483-401f-8f29-3e596d6d520c","2c38e76b-b975-4368-8686-873e9d17b862","60968c7c-8266-471c-84ae-1f14936bfba6","8f616f35-37f7-4aef-813f-428b192fdd24","fb076de6-0572-43d4-92cd-757bd343d372"]}},{"type":"Feature","geometry":{"type":"Polygon","coordinates":[[[27.247635769570653,70.94861660079052],[27.274480730919983,70.94861660079052],[27.274480730919983,70.95759971254043],[27.247635769570653,70.95759971254043],[27.247635769570653,70.94861660079052]]]},"properties":{"cell_id":"1015_7898","expected_nets":0.0033,"particle_count":8,"n_nets":8,"contributing_net_ids":["00fb55ca-9483-401f-8f29-3e596d6d520c","0b254efb-1769-4e93-a17e-11f0d9834bcc","17b986f2-2962-4704-b0e1-eabe0cbc5fed","2e3e2f82-02e3-45d3-9acb-e62d643605a6","568c48d8-7903-40cc-9fda-3bb3c1d00a00","86fbc2f8-6e1e-4162-8855-d19e180e5ce9","9267ffae-e862-4c0c-8303-e43fbba92f68","9e759843-4dd6-4b50-bc24-49bb88f8f082"]}},{"type":"Feature","geometry":{"type":"Polygon","coordinates":[[[29.79790709775707,70.06827164929932],[29.824752059106398,70.06827164929932],[29.824752059106398,70.07725476104923],[29.79790709775707,70.07725476104923],[29.79790709775707,70.06827164929932]]]},"properties":{"cell_id":"1110_7800","expected_nets":0.0033,"particle_count":13,"n_nets":9,"contributing_net_ids":["178a8ce9-4d9c-4e1e-b6b9-6131b016ac1f","2a840416-2518-4cd8-9332-09ee6dfac95f","5ca74a64-d88d-45cb-a627-c8a2b8eea308","6ae9c1b0-2a7f-4315-a8f6-7e6491c6cb74","6b2ff976-a86c-46ff-9367-7349073cc0be","6c6c4be3-4036-4a62-8c92-47730a8c7aeb","875fd11c-f2c7-4f5c-9d85-3053dab0618b","cd20f9be-e4bb-436b-ad0c-563775f7c010","e987972b-877b-44cf-b400-eaef3df7f643"]}},{"type":"Feature","geometry":{"type":"Polygon","coordinates":[[[30.012666788551716,69.8796263025512],[30.039511749901045,69.8796263025512],[30.039511749901045,69.88860941430111],[30.012666788551716,69.88860941430111],[30.012666788551716,69.8796263025512]]]},"properties":{"cell_id":"1118_7779","expected_nets":0.0033,"particle_count":13,"n_nets":9,"contributing_net_ids":["178a8ce9-4d9c-4e1e-b6b9-6131b016ac1f","59cde757-4957-437b-86cd-8d9932cbb5a2","5bc9b541-9afc-45ba-95db-3a4685de44a3","6ae9c1b0-2a7f-4315-a8f6-7e6491c6cb74","6b2ff976-a86c-46ff-9367-7349073cc0be","6c6c4be3-4036-4a62-8c92-47730a8c7aeb","b826b39f-0f3c-499e-baf6-7ac015b5659d","cd20f9be-e4bb-436b-ad0c-563775f7c010","e987972b-877b-44cf-b400-eaef3df7f643"]}},{"type":"Feature","geometry":{"type":"Polygon","coordinates":[[[30.093201672599708,70.07725476104923],[30.120046633949038,70.07725476104923],[30.120046633949038,70.08623787279915],[30.093201672599708,70.08623787279915],[30.093201672599708,70.07725476104923]]]},"properties":{"cell_id":"1121_7801","expected_nets":0.0033,"particle_count":13,"n_nets":5,"contributing_net_ids":["0044b29c-5a23-4047-8f64-6763e05133e4","37e8bf79-8d0c-4820-9b6c-98fdaa828590","39d2f659-e666-4b43-ab4a-c4439252e729","444ac6fa-3c86-44c4-a0b0-2e7d79922517","59cde757-4957-437b-86cd-8d9932cbb5a2"]}},{"type":"Feature","geometry":{"type":"Polygon","coordinates":[[[30.146891595298367,70.67912324829321],[30.173736556647697,70.67912324829321],[30.173736556647697,70.68810636004312],[30.146891595298367,70.68810636004312],[30.146891595298367,70.67912324829321]]]},"properties":{"cell_id":"1123_7868","expected_nets":0.0033,"particle_count":4,"n_nets":4,"contributing_net_ids":["0998896f-06e6-4fff-aa6b-85723c189a4e","60968c7c-8266-471c-84ae-1f14936bfba6","8f0532fc-ebc6-4b0b-9fb0-4e010db44ea0","cabe54b4-68f5-4047-9a69-f3a33abca056"]}},{"type":"Feature","geometry":{"type":"Polygon","coordinates":[[[30.54956601553833,70.23895077254761],[30.576410976887658,70.23895077254761],[30.576410976887658,70.24793388429752],[30.54956601553833,70.24793388429752],[30.54956601553833,70.23895077254761]]]},"properties":{"cell_id":"1138_7819","expected_nets":0.0033,"particle_count":7,"n_nets":3,"contributing_net_ids":["413b3abc-f65b-4b08-bae5-c33750216192","491a8576-d12c-4378-8c01-07c2717e4a07","bc3ed7a1-c829-44b9-9a0c-f2ea4fcc06b7"]}},{"type":"Feature","geometry":{"type":"Polygon","coordinates":[[[30.871705551730297,70.24793388429752],[30.898550513079627,70.24793388429752],[30.898550513079627,70.25691699604744],[30.871705551730297,70.25691699604744],[30.871705551730297,70.24793388429752]]]},"properties":{"cell_id":"1150_7820","expected_nets":0.0033,"particle_count":4,"n_nets":2,"contributing_net_ids":["bc3ed7a1-c829-44b9-9a0c-f2ea4fcc06b7","cb0ddc2d-92e0-4234-b4cb-6ca7c091c319"]}},{"type":"Feature","geometry":{"type":"Polygon","coordinates":[[[31.891814083004864,69.91555874955084],[31.918659044354193,69.91555874955084],[31.918659044354193,69.92454186130075],[31.891814083004864,69.92454186130075],[31.891814083004864,69.91555874955084]]]},"properties":{"cell_id":"1188_7783","expected_nets":0.0033,"particle_count":10,"n_nets":5,"contributing_net_ids":["413b3abc-f65b-4b08-bae5-c33750216192","43c5d8b6-1fb3-465b-b441-487f33c6a908","491a8576-d12c-4378-8c01-07c2717e4a07","bc3ed7a1-c829-44b9-9a0c-f2ea4fcc06b7","cb0ddc2d-92e0-4234-b4cb-6ca7c091c319"]}},{"type":"Feature","geometry":{"type":"Polygon","coordinates":[[[31.945504005703526,69.85267696730148],[31.972348967052856,69.85267696730148],[31.972348967052856,69.86166007905139],[31.945504005703526,69.86166007905139],[31.945504005703526,69.85267696730148]]]},"properties":{"cell_id":"1190_7776","expected_nets":0.0033,"particle_count":13,"n_nets":3,"contributing_net_ids":["413b3abc-f65b-4b08-bae5-c33750216192","8a3bdd3c-8344-4b09-8b3a-0f9a3d5dae08","cb0ddc2d-92e0-4234-b4cb-6ca7c091c319"]}},{"type":"Feature","geometry":{"type":"Polygon","coordinates":[[[32.992457498327425,69.74487962630255],[33.01930245967676,69.74487962630255],[33.01930245967676,69.75386273805246],[32.992457498327425,69.75386273805246],[32.992457498327425,69.74487962630255]]]},"properties":{"cell_id":"1229_7764","expected_nets":0.0033,"particle_count":7,"n_nets":7,"contributing_net_ids":["01a0254d-21d3-43e2-a1f8-1df90cc7a881","1cd692f0-e1bd-4f62-9162-4f5a33f16ae9","480722bd-da61-4875-b683-a16666a03e20","4f1df18f-2aa1-40db-923c-9e7359a62300","5b5fdf6e-34fa-446c-a7f8-338b8f980dea","686eb669-1bde-4980-a523-5e9cf5270174","8a3bdd3c-8344-4b09-8b3a-0f9a3d5dae08"]}},{"type":"Feature","geometry":{"type":"Polygon","coordinates":[[[25.341643513768176,71.12827883578872],[25.368488475117505,71.12827883578872],[25.368488475117505,71.13726194753863],[25.341643513768176,71.13726194753863],[25.341643513768176,71.12827883578872]]]},"properties":{"cell_id":"944_7918","expected_nets":0.0033,"particle_count":13,"n_nets":1,"contributing_net_ids":["c4c6d9a6-bf57-4182-966d-55046e277ae0"]}},{"type":"Feature","geometry":{"type":"Polygon","coordinates":[[[25.744317934008134,70.74200503054259],[25.771162895357463,70.74200503054259],[25.771162895357463,70.7509881422925],[25.744317934008134,70.7509881422925],[25.744317934008134,70.74200503054259]]]},"properties":{"cell_id":"959_7875","expected_nets":0.0033,"particle_count":13,"n_nets":3,"contributing_net_ids":["b68c38a7-1ccd-4ae6-9801-c4f2ce607946","e75a847a-c3de-4b7e-a353-9f70acc6da3e","efe29baa-49f5-4eef-bf00-780fc94fd192"]}},{"type":"Feature","geometry":{"type":"Polygon","coordinates":[[[25.95907762480278,70.62522457779374],[25.98592258615211,70.62522457779374],[25.98592258615211,70.63420768954366],[25.95907762480278,70.63420768954366],[25.95907762480278,70.62522457779374]]]},"properties":{"cell_id":"967_7862","expected_nets":0.0033,"particle_count":4,"n_nets":2,"contributing_net_ids":["8f616f35-37f7-4aef-813f-428b192fdd24","e75a847a-c3de-4b7e-a353-9f70acc6da3e"]}},{"type":"Feature","geometry":{"type":"Polygon","coordinates":[[[26.4154419677414,70.88573481854114],[26.44228692909073,70.88573481854114],[26.44228692909073,70.89471793029105],[26.4154419677414,70.89471793029105],[26.4154419677414,70.88573481854114]]]},"properties":{"cell_id":"984_7891","expected_nets":0.0033,"particle_count":13,"n_nets":7,"contributing_net_ids":["17b986f2-2962-4704-b0e1-eabe0cbc5fed","501f7877-ea08-4c1e-bb0c-f805d7b93531","86fbc2f8-6e1e-4162-8855-d19e180e5ce9","9267ffae-e862-4c0c-8303-e43fbba92f68","b68c38a7-1ccd-4ae6-9801-c4f2ce607946","cabe54b4-68f5-4047-9a69-f3a33abca056","e5dc0a98-2f84-4a90-abe0-8b1a1d0116ed"]}},{"type":"Feature","geometry":{"type":"Polygon","coordinates":[[[26.522821813138727,70.9396334890406],[26.549666774488056,70.9396334890406],[26.549666774488056,70.94861660079052],[26.522821813138727,70.94861660079052],[26.522821813138727,70.9396334890406]]]},"properties":{"cell_id":"988_7897","expected_nets":0.0033,"particle_count":8,"n_nets":8,"contributing_net_ids":["5e862cee-8b9f-45d7-8ca0-daaa28a39706","781d2769-3d71-4ed9-829d-d745be0fbd6e","92774a0e-6c8c-4eea-b18e-be40e50056f7","b68c38a7-1ccd-4ae6-9801-c4f2ce607946","bd2b6276-a7fe-4197-a967-101d706af8ed","e5dc0a98-2f84-4a90-abe0-8b1a1d0116ed","eef2472f-e20e-4582-83ca-9fccd623673e","fb076de6-0572-43d4-92cd-757bd343d372"]}},{"type":"Feature","geometry":{"type":"Polygon","coordinates":[[[27.4623954603653,71.00251527128998],[27.48924042171463,71.00251527128998],[27.48924042171463,71.01149838303989],[27.4623954603653,71.01149838303989],[27.4623954603653,71.00251527128998]]]},"properties":{"cell_id":"1023_7904","expected_nets":0.003,"particle_count":4,"n_nets":4,"contributing_net_ids":["5b5fdf6e-34fa-446c-a7f8-338b8f980dea","781d2769-3d71-4ed9-829d-d745be0fbd6e","bac07fcb-7e10-44cb-894c-88ea9522b8e1","d78d9010-3d05-4faf-a72b-008ae0f5db62"]}},{"type":"Feature","geometry":{"type":"Polygon","coordinates":[[[27.48924042171463,71.04743083003953],[27.51608538306396,71.04743083003953],[27.51608538306396,71.05641394178944],[27.48924042171463,71.05641394178944],[27.48924042171463,71.04743083003953]]]},"properties":{"cell_id":"1024_7909","expected_nets":0.003,"particle_count":3,"n_nets":3,"contributing_net_ids":["540f98c5-00b4-431a-bccf-3255f8b4ce5f","781d2769-3d71-4ed9-829d-d745be0fbd6e","92774a0e-6c8c-4eea-b18e-be40e50056f7"]}},{"type":"Feature","geometry":{"type":"Polygon","coordinates":[[[28.187209416797227,71.08336327703917],[28.214054378146557,71.08336327703917],[28.214054378146557,71.09234638878908],[28.187209416797227,71.09234638878908],[28.187209416797227,71.08336327703917]]]},"properties":{"cell_id":"1050_7913","expected_nets":0.003,"particle_count":6,"n_nets":5,"contributing_net_ids":["17b986f2-2962-4704-b0e1-eabe0cbc5fed","2e00546b-1350-4f4a-84bd-55da3dcb55ed","86fbc2f8-6e1e-4162-8855-d19e180e5ce9","8f616f35-37f7-4aef-813f-428b192fdd24","92774a0e-6c8c-4eea-b18e-be40e50056f7"]}},{"type":"Feature","geometry":{"type":"Polygon","coordinates":[[[29.74421717505841,70.72403880704276],[29.77106213640774,70.72403880704276],[29.77106213640774,70.73302191879267],[29.74421717505841,70.73302191879267],[29.74421717505841,70.72403880704276]]]},"properties":{"cell_id":"1108_7873","expected_nets":0.003,"particle_count":3,"n_nets":3,"contributing_net_ids":["8f0532fc-ebc6-4b0b-9fb0-4e010db44ea0","a5f2d7f3-60b1-400b-8f91-f6403d9e7442","f8bfcb7e-c7fd-402c-b02c-4f35bae30cbb"]}},{"type":"Feature","geometry":{"type":"Polygon","coordinates":[[[29.932131904503724,70.0592885375494],[29.958976865853053,70.0592885375494],[29.958976865853053,70.06827164929932],[29.932131904503724,70.06827164929932],[29.932131904503724,70.0592885375494]]]},"properties":{"cell_id":"1115_7799","expected_nets":0.003,"particle_count":12,"n_nets":9,"contributing_net_ids":["178a8ce9-4d9c-4e1e-b6b9-6131b016ac1f","183b3a5b-2fd0-4d2a-9c77-77281bb30173","2649e37d-4983-4386-bc52-e0093db3ec65","2a840416-2518-4cd8-9332-09ee6dfac95f","444ac6fa-3c86-44c4-a0b0-2e7d79922517","59cde757-4957-437b-86cd-8d9932cbb5a2","6b2ff976-a86c-46ff-9367-7349073cc0be","cd20f9be-e4bb-436b-ad0c-563775f7c010","e987972b-877b-44cf-b400-eaef3df7f643"]}},{"type":"Feature","geometry":{"type":"Polygon","coordinates":[[[30.093201672599708,70.0592885375494],[30.120046633949038,70.0592885375494],[30.120046633949038,70.06827164929932],[30.093201672599708,70.06827164929932],[30.093201672599708,70.0592885375494]]]},"properties":{"cell_id":"1121_7799","expected_nets":0.003,"particle_count":12,"n_nets":3,"contributing_net_ids":["0044b29c-5a23-4047-8f64-6763e05133e4","39d2f659-e666-4b43-ab4a-c4439252e729","444ac6fa-3c86-44c4-a0b0-2e7d79922517"]}},{"type":"Feature","geometry":{"type":"Polygon","coordinates":[[[30.22742647934636,70.08623787279913],[30.25427144069569,70.08623787279913],[30.25427144069569,70.09522098454904],[30.22742647934636,70.09522098454904],[30.22742647934636,70.08623787279913]]]},"properties":{"cell_id":"1126_7802","expected_nets":0.003,"particle_count":12,"n_nets":6,"contributing_net_ids":["0044b29c-5a23-4047-8f64-6763e05133e4","37e8bf79-8d0c-4820-9b6c-98fdaa828590","39d2f659-e666-4b43-ab4a-c4439252e729","444ac6fa-3c86-44c4-a0b0-2e7d79922517","491a8576-d12c-4378-8c01-07c2717e4a07","b44ee1c5-8e80-49ac-93f1-e4399df11d7f"]}},{"type":"Feature","geometry":{"type":"Polygon","coordinates":[[[30.97908539712762,70.28386633129716],[31.00593035847695,70.28386633129716],[31.00593035847695,70.29284944304707],[30.97908539712762,70.29284944304707],[30.97908539712762,70.28386633129716]]]},"properties":{"cell_id":"1154_7824","expected_nets":0.003,"particle_count":3,"n_nets":2,"contributing_net_ids":["41f2af17-7063-4598-998e-77215c5496ac","bc3ed7a1-c829-44b9-9a0c-f2ea4fcc06b7"]}},{"type":"Feature","geometry":{"type":"Polygon","coordinates":[[[31.972348967052856,69.86166007905139],[31.999193928402185,69.86166007905139],[31.999193928402185,69.8706431908013],[31.972348967052856,69.8706431908013],[31.972348967052856,69.86166007905139]]]},"properties":{"cell_id":"1191_7777","expected_nets":0.003,"particle_count":9,"n_nets":3,"contributing_net_ids":["285cb79f-371f-48f7-ad51-d9c0c62f9384","413b3abc-f65b-4b08-bae5-c33750216192","bc3ed7a1-c829-44b9-9a0c-f2ea4fcc06b7"]}},{"type":"Feature","geometry":{"type":"Polygon","coordinates":[[[32.80454276888211,69.77182896155229],[32.83138773023144,69.77182896155229],[32.83138773023144,69.7808120733022],[32.80454276888211,69.7808120733022],[32.80454276888211,69.77182896155229]]]},"properties":{"cell_id":"1222_7767","expected_nets":0.003,"particle_count":3,"n_nets":2,"contributing_net_ids":["686eb669-1bde-4980-a523-5e9cf5270174","fc902618-75c5-4c29-b03e-964ebd1caf5c"]}},{"type":"Feature","geometry":{"type":"Polygon","coordinates":[[[25.261108629720184,71.08336327703917],[25.287953591069513,71.08336327703917],[25.287953591069513,71.09234638878908],[25.261108629720184,71.09234638878908],[25.261108629720184,71.08336327703917]]]},"properties":{"cell_id":"941_7913","expected_nets":0.003,"particle_count":12,"n_nets":1,"contributing_net_ids":["c4c6d9a6-bf57-4182-966d-55046e277ae0"]}},{"type":"Feature","geometry":{"type":"Polygon","coordinates":[[[26.254372199645417,70.81386992454186],[26.281217160994746,70.81386992454186],[26.281217160994746,70.82285303629178],[26.254372199645417,70.82285303629178],[26.254372199645417,70.81386992454186]]]},"properties":{"cell_id":"978_7883","expected_nets":0.003,"particle_count":3,"n_nets":1,"contributing_net_ids":["8f616f35-37f7-4aef-813f-428b192fdd24"]}},{"type":"Feature","geometry":{"type":"Polygon","coordinates":[[[26.63020165853605,70.94861660079052],[26.657046619885378,70.94861660079052],[26.657046619885378,70.95759971254043],[26.63020165853605,70.95759971254043],[26.63020165853605,70.94861660079052]]]},"properties":{"cell_id":"992_7898","expected_nets":0.003,"particle_count":2,"n_nets":1,"contributing_net_ids":["4962aa82-3d1a-4be7-b9ea-34e28c780540"]}},{"type":"Feature","geometry":{"type":"Polygon","coordinates":[[[27.381860576317308,71.01149838303988],[27.408705537666638,71.01149838303988],[27.408705537666638,71.02048149478979],[27.381860576317308,71.02048149478979],[27.381860576317308,71.01149838303988]]]},"properties":{"cell_id":"1020_7905","expected_nets":0.0027,"particle_count":5,"n_nets":4,"contributing_net_ids":["8f616f35-37f7-4aef-813f-428b192fdd24","9e759843-4dd6-4b50-bc24-49bb88f8f082","d78d9010-3d05-4faf-a72b-008ae0f5db62","e89f3dd1-1609-47c4-b490-a9358c7f09a8"]}},{"type":"Feature","geometry":{"type":"Polygon","coordinates":[[[27.48924042171463,71.03844771828962],[27.51608538306396,71.03844771828962],[27.51608538306396,71.04743083003953],[27.48924042171463,71.04743083003953],[27.48924042171463,71.03844771828962]]]},"properties":{"cell_id":"1024_7908","expected_nets":0.0027,"particle_count":5,"n_nets":4,"contributing_net_ids":["2e00546b-1350-4f4a-84bd-55da3dcb55ed","60968c7c-8266-471c-84ae-1f14936bfba6","9e759843-4dd6-4b50-bc24-49bb88f8f082","d78d9010-3d05-4faf-a72b-008ae0f5db62"]}},{"type":"Feature","geometry":{"type":"Polygon","coordinates":[[[27.542930344413293,70.99353215954007],[27.569775305762622,70.99353215954007],[27.569775305762622,71.00251527128998],[27.542930344413293,71.00251527128998],[27.542930344413293,70.99353215954007]]]},"properties":{"cell_id":"1026_7903","expected_nets":0.0027,"particle_count":8,"n_nets":7,"contributing_net_ids":["0b254efb-1769-4e93-a17e-11f0d9834bcc","2c38e76b-b975-4368-8686-873e9d17b862","50ab96ff-2523-45d1-8595-00b37a28f29e","60968c7c-8266-471c-84ae-1f14936bfba6","781d2769-3d71-4ed9-829d-d745be0fbd6e","9267ffae-e862-4c0c-8303-e43fbba92f68","e5dc0a98-2f84-4a90-abe0-8b1a1d0116ed"]}},{"type":"Feature","geometry":{"type":"Polygon","coordinates":[[[27.730845073858607,71.1103126122889],[27.757690035207936,71.1103126122889],[27.757690035207936,71.1192957240388],[27.730845073858607,71.1192957240388],[27.730845073858607,71.1103126122889]]]},"properties":{"cell_id":"1033_7916","expected_nets":0.0027,"particle_count":3,"n_nets":3,"contributing_net_ids":["50ab96ff-2523-45d1-8595-00b37a28f29e","781d2769-3d71-4ed9-829d-d745be0fbd6e","bac07fcb-7e10-44cb-894c-88ea9522b8e1"]}},{"type":"Feature","geometry":{"type":"Polygon","coordinates":[[[28.21405437814656,71.08336327703917],[28.24089933949589,71.08336327703917],[28.24089933949589,71.09234638878908],[28.21405437814656,71.09234638878908],[28.21405437814656,71.08336327703917]]]},"properties":{"cell_id":"1051_7913","expected_nets":0.0027,"particle_count":5,"n_nets":4,"contributing_net_ids":["01a0254d-21d3-43e2-a1f8-1df90cc7a881","0b254efb-1769-4e93-a17e-11f0d9834bcc","50ab96ff-2523-45d1-8595-00b37a28f29e","a5827a71-1d16-4233-aebd-d14b478c5fff"]}},{"type":"Feature","geometry":{"type":"Polygon","coordinates":[[[28.321434223543882,70.99353215954007],[28.34827918489321,70.99353215954007],[28.34827918489321,71.00251527128998],[28.321434223543882,71.00251527128998],[28.321434223543882,70.99353215954007]]]},"properties":{"cell_id":"1055_7903","expected_nets":0.0027,"particle_count":2,"n_nets":2,"contributing_net_ids":["15e549ea-ffd5-4ec2-98b7-32276621e3f2","540f98c5-00b4-431a-bccf-3255f8b4ce5f"]}},{"type":"Feature","geometry":{"type":"Polygon","coordinates":[[[28.34827918489321,70.99353215954007],[28.37512414624254,70.99353215954007],[28.37512414624254,71.00251527128998],[28.34827918489321,71.00251527128998],[28.34827918489321,70.99353215954007]]]},"properties":{"cell_id":"1056_7903","expected_nets":0.0027,"particle_count":2,"n_nets":2,"contributing_net_ids":["540f98c5-00b4-431a-bccf-3255f8b4ce5f","781d2769-3d71-4ed9-829d-d745be0fbd6e"]}},{"type":"Feature","geometry":{"type":"Polygon","coordinates":[[[28.428814068941204,70.85878548329141],[28.455659030290533,70.85878548329141],[28.455659030290533,70.86776859504133],[28.428814068941204,70.86776859504133],[28.428814068941204,70.85878548329141]]]},"properties":{"cell_id":"1059_7888","expected_nets":0.0027,"particle_count":2,"n_nets":2,"contributing_net_ids":["8f0532fc-ebc6-4b0b-9fb0-4e010db44ea0","a5f2d7f3-60b1-400b-8f91-f6403d9e7442"]}},{"type":"Feature","geometry":{"type":"Polygon","coordinates":[[[28.428814068941204,70.99353215954007],[28.455659030290533,70.99353215954007],[28.455659030290533,71.00251527128998],[28.428814068941204,71.00251527128998],[28.428814068941204,70.99353215954007]]]},"properties":{"cell_id":"1059_7903","expected_nets":0.0027,"particle_count":3,"n_nets":3,"contributing_net_ids":["50ab96ff-2523-45d1-8595-00b37a28f29e","781d2769-3d71-4ed9-829d-d745be0fbd6e","bd2b6276-a7fe-4197-a967-101d706af8ed"]}},{"type":"Feature","geometry":{"type":"Polygon","coordinates":[[[28.67041872108518,70.81386992454186],[28.69726368243451,70.81386992454186],[28.69726368243451,70.82285303629178],[28.67041872108518,70.82285303629178],[28.67041872108518,70.81386992454186]]]},"properties":{"cell_id":"1068_7883","expected_nets":0.0027,"particle_count":8,"n_nets":6,"contributing_net_ids":["01a0254d-21d3-43e2-a1f8-1df90cc7a881","15e549ea-ffd5-4ec2-98b7-32276621e3f2","50ab96ff-2523-45d1-8595-00b37a28f29e","86fbc2f8-6e1e-4162-8855-d19e180e5ce9","92774a0e-6c8c-4eea-b18e-be40e50056f7","eb7dd3b7-cce2-46a9-92d0-08b1c6f49b7d"]}},{"type":"Feature","geometry":{"type":"Polygon","coordinates":[[[29.31469779346912,70.11318720804887],[29.341542754818448,70.11318720804887],[29.341542754818448,70.12217031979878],[29.31469779346912,70.12217031979878],[29.31469779346912,70.11318720804887]]]},"properties":{"cell_id":"1092_7805","expected_nets":0.0027,"particle_count":11,"n_nets":8,"contributing_net_ids":["178a8ce9-4d9c-4e1e-b6b9-6131b016ac1f","2a840416-2518-4cd8-9332-09ee6dfac95f","5ca74a64-d88d-45cb-a627-c8a2b8eea308","6ae9c1b0-2a7f-4315-a8f6-7e6491c6cb74","875fd11c-f2c7-4f5c-9d85-3053dab0618b","c52841a4-c77e-4497-a4e9-73f605567542","cd20f9be-e4bb-436b-ad0c-563775f7c010","e987972b-877b-44cf-b400-eaef3df7f643"]}},{"type":"Feature","geometry":{"type":"Polygon","coordinates":[[[29.583147406962425,69.97844053180022],[29.609992368311755,69.97844053180022],[29.609992368311755,69.98742364355013],[29.583147406962425,69.98742364355013],[29.583147406962425,69.97844053180022]]]},"properties":{"cell_id":"1102_7790","expected_nets":0.0027,"particle_count":11,"n_nets":7,"contributing_net_ids":["178a8ce9-4d9c-4e1e-b6b9-6131b016ac1f","183b3a5b-2fd0-4d2a-9c77-77281bb30173","2649e37d-4983-4386-bc52-e0093db3ec65","5bc9b541-9afc-45ba-95db-3a4685de44a3","6ae9c1b0-2a7f-4315-a8f6-7e6491c6cb74","6c6c4be3-4036-4a62-8c92-47730a8c7aeb","73b4a014-4822-4620-9d9e-4cc02ebf79ab"]}},{"type":"Feature","geometry":{"type":"Polygon","coordinates":[[[29.609992368311755,70.71505569529285],[29.636837329661084,70.71505569529285],[29.636837329661084,70.72403880704276],[29.609992368311755,70.72403880704276],[29.609992368311755,70.71505569529285]]]},"properties":{"cell_id":"1103_7872","expected_nets":0.0027,"particle_count":2,"n_nets":2,"contributing_net_ids":["0b254efb-1769-4e93-a17e-11f0d9834bcc","8f0532fc-ebc6-4b0b-9fb0-4e010db44ea0"]}},{"type":"Feature","geometry":{"type":"Polygon","coordinates":[[[29.958976865853053,70.0592885375494],[29.985821827202383,70.0592885375494],[29.985821827202383,70.06827164929932],[29.958976865853053,70.06827164929932],[29.958976865853053,70.0592885375494]]]},"properties":{"cell_id":"1116_7799","expected_nets":0.0027,"particle_count":11,"n_nets":6,"contributing_net_ids":["37e8bf79-8d0c-4820-9b6c-98fdaa828590","444ac6fa-3c86-44c4-a0b0-2e7d79922517","59cde757-4957-437b-86cd-8d9932cbb5a2","6b2ff976-a86c-46ff-9367-7349073cc0be","b44ee1c5-8e80-49ac-93f1-e4399df11d7f","cd20f9be-e4bb-436b-ad0c-563775f7c010"]}},{"type":"Feature","geometry":{"type":"Polygon","coordinates":[[[30.20058151799703,69.8796263025512],[30.22742647934636,69.8796263025512],[30.22742647934636,69.88860941430111],[30.20058151799703,69.88860941430111],[30.20058151799703,69.8796263025512]]]},"properties":{"cell_id":"1125_7779","expected_nets":0.0027,"particle_count":11,"n_nets":7,"contributing_net_ids":["2a840416-2518-4cd8-9332-09ee6dfac95f","5bc9b541-9afc-45ba-95db-3a4685de44a3","5ca74a64-d88d-45cb-a627-c8a2b8eea308","6b2ff976-a86c-46ff-9367-7349073cc0be","6c6c4be3-4036-4a62-8c92-47730a8c7aeb","cd20f9be-e4bb-436b-ad0c-563775f7c010","e987972b-877b-44cf-b400-eaef3df7f643"]}},{"type":"Feature","geometry":{"type":"Polygon","coordinates":[[[30.22742647934636,70.11318720804887],[30.25427144069569,70.11318720804887],[30.25427144069569,70.12217031979878],[30.22742647934636,70.12217031979878],[30.22742647934636,70.11318720804887]]]},"properties":{"cell_id":"1126_7805","expected_nets":0.0027,"particle_count":11,"n_nets":5,"contributing_net_ids":["0044b29c-5a23-4047-8f64-6763e05133e4","37e8bf79-8d0c-4820-9b6c-98fdaa828590","39d2f659-e666-4b43-ab4a-c4439252e729","444ac6fa-3c86-44c4-a0b0-2e7d79922517","b44ee1c5-8e80-49ac-93f1-e4399df11d7f"]}},{"type":"Feature","geometry":{"type":"Polygon","coordinates":[[[30.764325706332976,70.25691699604744],[30.791170667682305,70.25691699604744],[30.791170667682305,70.26590010779735],[30.764325706332976,70.26590010779735],[30.764325706332976,70.25691699604744]]]},"properties":{"cell_id":"1146_7821","expected_nets":0.0027,"particle_count":5,"n_nets":2,"contributing_net_ids":["491a8576-d12c-4378-8c01-07c2717e4a07","bc3ed7a1-c829-44b9-9a0c-f2ea4fcc06b7"]}},{"type":"Feature","geometry":{"type":"Polygon","coordinates":[[[25.798007856706796,70.75098814229248],[25.824852818056126,70.75098814229248],[25.824852818056126,70.7599712540424],[25.798007856706796,70.7599712540424],[25.798007856706796,70.75098814229248]]]},"properties":{"cell_id":"961_7876","expected_nets":0.0027,"particle_count":11,"n_nets":3,"contributing_net_ids":["b68c38a7-1ccd-4ae6-9801-c4f2ce607946","e75a847a-c3de-4b7e-a353-9f70acc6da3e","efe29baa-49f5-4eef-bf00-780fc94fd192"]}},{"type":"Feature","geometry":{"type":"Polygon","coordinates":[[[26.30806212234408,70.84081925979159],[26.33490708369341,70.84081925979159],[26.33490708369341,70.8498023715415],[26.30806212234408,70.8498023715415],[26.30806212234408,70.84081925979159]]]},"properties":{"cell_id":"980_7886","expected_nets":0.0027,"particle_count":5,"n_nets":2,"contributing_net_ids":["8f616f35-37f7-4aef-813f-428b192fdd24","b68c38a7-1ccd-4ae6-9801-c4f2ce607946"]}},{"type":"Feature","geometry":{"type":"Polygon","coordinates":[[[26.33490708369341,70.85878548329141],[26.36175204504274,70.85878548329141],[26.36175204504274,70.86776859504133],[26.33490708369341,70.86776859504133],[26.33490708369341,70.85878548329141]]]},"properties":{"cell_id":"981_7888","expected_nets":0.0027,"particle_count":5,"n_nets":3,"contributing_net_ids":["5e862cee-8b9f-45d7-8ca0-daaa28a39706","8f616f35-37f7-4aef-813f-428b192fdd24","b68c38a7-1ccd-4ae6-9801-c4f2ce607946"]}},{"type":"Feature","geometry":{"type":"Polygon","coordinates":[[[26.469131890440064,70.91268415379088],[26.495976851789393,70.91268415379088],[26.495976851789393,70.92166726554079],[26.469131890440064,70.92166726554079],[26.469131890440064,70.91268415379088]]]},"properties":{"cell_id":"986_7894","expected_nets":0.0027,"particle_count":8,"n_nets":7,"contributing_net_ids":["01a0254d-21d3-43e2-a1f8-1df90cc7a881","17b986f2-2962-4704-b0e1-eabe0cbc5fed","501f7877-ea08-4c1e-bb0c-f805d7b93531","8f616f35-37f7-4aef-813f-428b192fdd24","b68c38a7-1ccd-4ae6-9801-c4f2ce607946","cabe54b4-68f5-4047-9a69-f3a33abca056","fb076de6-0572-43d4-92cd-757bd343d372"]}},{"type":"Feature","geometry":{"type":"Polygon","coordinates":[[[26.495976851789393,70.93065037729069],[26.522821813138723,70.93065037729069],[26.522821813138723,70.9396334890406],[26.495976851789393,70.9396334890406],[26.495976851789393,70.93065037729069]]]},"properties":{"cell_id":"987_7896","expected_nets":0.0027,"particle_count":11,"n_nets":8,"contributing_net_ids":["15e549ea-ffd5-4ec2-98b7-32276621e3f2","501f7877-ea08-4c1e-bb0c-f805d7b93531","5e862cee-8b9f-45d7-8ca0-daaa28a39706","60968c7c-8266-471c-84ae-1f14936bfba6","b68c38a7-1ccd-4ae6-9801-c4f2ce607946","cabe54b4-68f5-4047-9a69-f3a33abca056","e89f3dd1-1609-47c4-b490-a9358c7f09a8","f8bfcb7e-c7fd-402c-b02c-4f35bae30cbb"]}},{"type":"Feature","geometry":{"type":"Polygon","coordinates":[[[26.495976851789393,70.9396334890406],[26.522821813138723,70.9396334890406],[26.522821813138723,70.94861660079052],[26.495976851789393,70.94861660079052],[26.495976851789393,70.9396334890406]]]},"properties":{"cell_id":"987_7897","expected_nets":0.0027,"particle_count":2,"n_nets":2,"contributing_net_ids":["540f98c5-00b4-431a-bccf-3255f8b4ce5f","86fbc2f8-6e1e-4162-8855-d19e180e5ce9"]}},{"type":"Feature","geometry":{"type":"Polygon","coordinates":[[[27.08656600147467,70.72403880704276],[27.113410962824,70.72403880704276],[27.113410962824,70.73302191879267],[27.08656600147467,70.73302191879267],[27.08656600147467,70.72403880704276]]]},"properties":{"cell_id":"1009_7873","expected_nets":0.0025,"particle_count":4,"n_nets":4,"contributing_net_ids":["50ab96ff-2523-45d1-8595-00b37a28f29e","5b5fdf6e-34fa-446c-a7f8-338b8f980dea","8f616f35-37f7-4aef-813f-428b192fdd24","fb076de6-0572-43d4-92cd-757bd343d372"]}},{"type":"Feature","geometry":{"type":"Polygon","coordinates":[[[27.14025592417333,70.90370104204096],[27.16710088552266,70.90370104204096],[27.16710088552266,70.91268415379088],[27.14025592417333,70.91268415379088],[27.14025592417333,70.90370104204096]]]},"properties":{"cell_id":"1011_7893","expected_nets":0.0025,"particle_count":2,"n_nets":2,"contributing_net_ids":["00fb55ca-9483-401f-8f29-3e596d6d520c","d78d9010-3d05-4faf-a72b-008ae0f5db62"]}},{"type":"Feature","geometry":{"type":"Polygon","coordinates":[[[27.193945846871994,70.78692058929214],[27.220790808221324,70.78692058929214],[27.220790808221324,70.79590370104205],[27.193945846871994,70.79590370104205],[27.193945846871994,70.78692058929214]]]},"properties":{"cell_id":"1013_7880","expected_nets":0.0025,"particle_count":1,"n_nets":1,"contributing_net_ids":["540f98c5-00b4-431a-bccf-3255f8b4ce5f"]}},{"type":"Feature","geometry":{"type":"Polygon","coordinates":[[[27.220790808221324,70.99353215954007],[27.247635769570653,70.99353215954007],[27.247635769570653,71.00251527128998],[27.220790808221324,71.00251527128998],[27.220790808221324,70.99353215954007]]]},"properties":{"cell_id":"1014_7903","expected_nets":0.0025,"particle_count":5,"n_nets":4,"contributing_net_ids":["00fb55ca-9483-401f-8f29-3e596d6d520c","2e3e2f82-02e3-45d3-9acb-e62d643605a6","92774a0e-6c8c-4eea-b18e-be40e50056f7","9e759843-4dd6-4b50-bc24-49bb88f8f082"]}},{"type":"Feature","geometry":{"type":"Polygon","coordinates":[[[27.301325692269316,70.9396334890406],[27.328170653618646,70.9396334890406],[27.328170653618646,70.94861660079052],[27.301325692269316,70.94861660079052],[27.301325692269316,70.9396334890406]]]},"properties":{"cell_id":"1017_7897","expected_nets":0.0025,"particle_count":7,"n_nets":6,"contributing_net_ids":["0b254efb-1769-4e93-a17e-11f0d9834bcc","92774a0e-6c8c-4eea-b18e-be40e50056f7","9e759843-4dd6-4b50-bc24-49bb88f8f082","cabe54b4-68f5-4047-9a69-f3a33abca056","d78d9010-3d05-4faf-a72b-008ae0f5db62","f8bfcb7e-c7fd-402c-b02c-4f35bae30cbb"]}},{"type":"Feature","geometry":{"type":"Polygon","coordinates":[[[27.301325692269316,70.94861660079052],[27.328170653618646,70.94861660079052],[27.328170653618646,70.95759971254043],[27.301325692269316,70.95759971254043],[27.301325692269316,70.94861660079052]]]},"properties":{"cell_id":"1017_7898","expected_nets":0.0025,"particle_count":7,"n_nets":7,"contributing_net_ids":["01a0254d-21d3-43e2-a1f8-1df90cc7a881","0b254efb-1769-4e93-a17e-11f0d9834bcc","2c38e76b-b975-4368-8686-873e9d17b862","cabe54b4-68f5-4047-9a69-f3a33abca056","d78d9010-3d05-4faf-a72b-008ae0f5db62","eb7dd3b7-cce2-46a9-92d0-08b1c6f49b7d","f8bfcb7e-c7fd-402c-b02c-4f35bae30cbb"]}},{"type":"Feature","geometry":{"type":"Polygon","coordinates":[[[27.89191484195459,71.03844771828962],[27.91875980330392,71.03844771828962],[27.91875980330392,71.04743083003953],[27.89191484195459,71.04743083003953],[27.89191484195459,71.03844771828962]]]},"properties":{"cell_id":"1039_7908","expected_nets":0.0025,"particle_count":5,"n_nets":5,"contributing_net_ids":["00fb55ca-9483-401f-8f29-3e596d6d520c","17b986f2-2962-4704-b0e1-eabe0cbc5fed","2e3e2f82-02e3-45d3-9acb-e62d643605a6","372da560-3ffc-4c03-9e63-083a0c2edeae","92774a0e-6c8c-4eea-b18e-be40e50056f7"]}},{"type":"Feature","geometry":{"type":"Polygon","coordinates":[[[28.106674532749235,71.08336327703917],[28.133519494098564,71.08336327703917],[28.133519494098564,71.09234638878908],[28.106674532749235,71.09234638878908],[28.106674532749235,71.08336327703917]]]},"properties":{"cell_id":"1047_7913","expected_nets":0.0025,"particle_count":7,"n_nets":4,"contributing_net_ids":["15e549ea-ffd5-4ec2-98b7-32276621e3f2","781d2769-3d71-4ed9-829d-d745be0fbd6e","8f616f35-37f7-4aef-813f-428b192fdd24","92774a0e-6c8c-4eea-b18e-be40e50056f7"]}},{"type":"Feature","geometry":{"type":"Polygon","coordinates":[[[28.24089933949589,70.78692058929214],[28.26774430084522,70.78692058929214],[28.26774430084522,70.79590370104205],[28.24089933949589,70.79590370104205],[28.24089933949589,70.78692058929214]]]},"properties":{"cell_id":"1052_7880","expected_nets":0.0025,"particle_count":1,"n_nets":1,"contributing_net_ids":["8f0532fc-ebc6-4b0b-9fb0-4e010db44ea0"]}},{"type":"Feature","geometry":{"type":"Polygon","coordinates":[[[28.34827918489321,70.82285303629178],[28.37512414624254,70.82285303629178],[28.37512414624254,70.83183614804169],[28.34827918489321,70.83183614804169],[28.34827918489321,70.82285303629178]]]},"properties":{"cell_id":"1056_7884","expected_nets":0.0025,"particle_count":1,"n_nets":1,"contributing_net_ids":["8f0532fc-ebc6-4b0b-9fb0-4e010db44ea0"]}},{"type":"Feature","geometry":{"type":"Polygon","coordinates":[[[28.34827918489321,70.83183614804169],[28.37512414624254,70.83183614804169],[28.37512414624254,70.8408192597916],[28.34827918489321,70.8408192597916],[28.34827918489321,70.83183614804169]]]},"properties":{"cell_id":"1056_7885","expected_nets":0.0025,"particle_count":1,"n_nets":1,"contributing_net_ids":["8f0532fc-ebc6-4b0b-9fb0-4e010db44ea0"]}},{"type":"Feature","geometry":{"type":"Polygon","coordinates":[[[28.401969107591874,70.56234279554438],[28.428814068941204,70.56234279554438],[28.428814068941204,70.5713259072943],[28.401969107591874,70.5713259072943],[28.401969107591874,70.56234279554438]]]},"properties":{"cell_id":"1058_7855","expected_nets":0.0025,"particle_count":1,"n_nets":1,"contributing_net_ids":["8f0532fc-ebc6-4b0b-9fb0-4e010db44ea0"]}},{"type":"Feature","geometry":{"type":"Polygon","coordinates":[[[28.428814068941204,70.5892921307941],[28.455659030290533,70.5892921307941],[28.455659030290533,70.59827524254402],[28.428814068941204,70.59827524254402],[28.428814068941204,70.5892921307941]]]},"properties":{"cell_id":"1059_7858","expected_nets":0.0025,"particle_count":1,"n_nets":1,"contributing_net_ids":["8f0532fc-ebc6-4b0b-9fb0-4e010db44ea0"]}},{"type":"Feature","geometry":{"type":"Polygon","coordinates":[[[28.482503991639867,70.89471793029105],[28.509348952989196,70.89471793029105],[28.509348952989196,70.90370104204096],[28.482503991639867,70.90370104204096],[28.482503991639867,70.89471793029105]]]},"properties":{"cell_id":"1061_7892","expected_nets":0.0025,"particle_count":1,"n_nets":1,"contributing_net_ids":["8f0532fc-ebc6-4b0b-9fb0-4e010db44ea0"]}},{"type":"Feature","geometry":{"type":"Polygon","coordinates":[[[28.509348952989196,70.65217391304348],[28.536193914338526,70.65217391304348],[28.536193914338526,70.6611570247934],[28.509348952989196,70.6611570247934],[28.509348952989196,70.65217391304348]]]},"properties":{"cell_id":"1062_7865","expected_nets":0.0025,"particle_count":1,"n_nets":1,"contributing_net_ids":["8f0532fc-ebc6-4b0b-9fb0-4e010db44ea0"]}},{"type":"Feature","geometry":{"type":"Polygon","coordinates":[[[28.509348952989196,70.66115702479338],[28.536193914338526,70.66115702479338],[28.536193914338526,70.6701401365433],[28.509348952989196,70.6701401365433],[28.509348952989196,70.66115702479338]]]},"properties":{"cell_id":"1062_7866","expected_nets":0.0025,"particle_count":1,"n_nets":1,"contributing_net_ids":["8f0532fc-ebc6-4b0b-9fb0-4e010db44ea0"]}},{"type":"Feature","geometry":{"type":"Polygon","coordinates":[[[28.56303887568786,70.6701401365433],[28.58988383703719,70.6701401365433],[28.58988383703719,70.67912324829321],[28.56303887568786,70.67912324829321],[28.56303887568786,70.6701401365433]]]},"properties":{"cell_id":"1064_7867","expected_nets":0.0025,"particle_count":1,"n_nets":1,"contributing_net_ids":["8f0532fc-ebc6-4b0b-9fb0-4e010db44ea0"]}},{"type":"Feature","geometry":{"type":"Polygon","coordinates":[[[29.44892260021577,70.72403880704276],[29.4757675615651,70.72403880704276],[29.4757675615651,70.73302191879267],[29.44892260021577,70.73302191879267],[29.44892260021577,70.72403880704276]]]},"properties":{"cell_id":"1097_7873","expected_nets":0.0025,"particle_count":1,"n_nets":1,"contributing_net_ids":["8f0532fc-ebc6-4b0b-9fb0-4e010db44ea0"]}},{"type":"Feature","geometry":{"type":"Polygon","coordinates":[[[29.4757675615651,70.72403880704276],[29.50261252291443,70.72403880704276],[29.50261252291443,70.73302191879267],[29.4757675615651,70.73302191879267],[29.4757675615651,70.72403880704276]]]},"properties":{"cell_id":"1098_7873","expected_nets":0.0025,"particle_count":1,"n_nets":1,"contributing_net_ids":["8f0532fc-ebc6-4b0b-9fb0-4e010db44ea0"]}},{"type":"Feature","geometry":{"type":"Polygon","coordinates":[[[29.529457484263762,70.09522098454904],[29.556302445613092,70.09522098454904],[29.556302445613092,70.10420409629896],[29.529457484263762,70.10420409629896],[29.529457484263762,70.09522098454904]]]},"properties":{"cell_id":"1100_7803","expected_nets":0.0025,"particle_count":10,"n_nets":8,"contributing_net_ids":["178a8ce9-4d9c-4e1e-b6b9-6131b016ac1f","183b3a5b-2fd0-4d2a-9c77-77281bb30173","36c0b306-27cf-4788-a28e-37a6791e6842","5bc9b541-9afc-45ba-95db-3a4685de44a3","5ca74a64-d88d-45cb-a627-c8a2b8eea308","6c6c4be3-4036-4a62-8c92-47730a8c7aeb","73b4a014-4822-4620-9d9e-4cc02ebf79ab","e987972b-877b-44cf-b400-eaef3df7f643"]}},{"type":"Feature","geometry":{"type":"Polygon","coordinates":[[[29.609992368311755,69.9694574200503],[29.636837329661084,69.9694574200503],[29.636837329661084,69.97844053180022],[29.609992368311755,69.97844053180022],[29.609992368311755,69.9694574200503]]]},"properties":{"cell_id":"1103_7789","expected_nets":0.0025,"particle_count":10,"n_nets":8,"contributing_net_ids":["2649e37d-4983-4386-bc52-e0093db3ec65","5bc9b541-9afc-45ba-95db-3a4685de44a3","5ca74a64-d88d-45cb-a627-c8a2b8eea308","6c6c4be3-4036-4a62-8c92-47730a8c7aeb","73b4a014-4822-4620-9d9e-4cc02ebf79ab","875fd11c-f2c7-4f5c-9d85-3053dab0618b","c52841a4-c77e-4497-a4e9-73f605567542","e987972b-877b-44cf-b400-eaef3df7f643"]}},{"type":"Feature","geometry":{"type":"Polygon","coordinates":[[[29.905286943154394,70.0592885375494],[29.932131904503724,70.0592885375494],[29.932131904503724,70.06827164929932],[29.905286943154394,70.06827164929932],[29.905286943154394,70.0592885375494]]]},"properties":{"cell_id":"1114_7799","expected_nets":0.0025,"particle_count":10,"n_nets":7,"contributing_net_ids":["183b3a5b-2fd0-4d2a-9c77-77281bb30173","2649e37d-4983-4386-bc52-e0093db3ec65","59cde757-4957-437b-86cd-8d9932cbb5a2","5bc9b541-9afc-45ba-95db-3a4685de44a3","5ca74a64-d88d-45cb-a627-c8a2b8eea308","6b2ff976-a86c-46ff-9367-7349073cc0be","e987972b-877b-44cf-b400-eaef3df7f643"]}},{"type":"Feature","geometry":{"type":"Polygon","coordinates":[[[30.254271440695693,69.87064319080129],[30.281116402045022,69.87064319080129],[30.281116402045022,69.8796263025512],[30.254271440695693,69.8796263025512],[30.254271440695693,69.87064319080129]]]},"properties":{"cell_id":"1127_7778","expected_nets":0.0025,"particle_count":10,"n_nets":8,"contributing_net_ids":["178a8ce9-4d9c-4e1e-b6b9-6131b016ac1f","183b3a5b-2fd0-4d2a-9c77-77281bb30173","59cde757-4957-437b-86cd-8d9932cbb5a2","5ca74a64-d88d-45cb-a627-c8a2b8eea308","875fd11c-f2c7-4f5c-9d85-3053dab0618b","c52841a4-c77e-4497-a4e9-73f605567542","cd20f9be-e4bb-436b-ad0c-563775f7c010","e987972b-877b-44cf-b400-eaef3df7f643"]}},{"type":"Feature","geometry":{"type":"Polygon","coordinates":[[[30.254271440695693,70.11318720804887],[30.281116402045022,70.11318720804887],[30.281116402045022,70.12217031979878],[30.254271440695693,70.12217031979878],[30.254271440695693,70.11318720804887]]]},"properties":{"cell_id":"1127_7805","expected_nets":0.0025,"particle_count":10,"n_nets":5,"contributing_net_ids":["0044b29c-5a23-4047-8f64-6763e05133e4","37e8bf79-8d0c-4820-9b6c-98fdaa828590","39d2f659-e666-4b43-ab4a-c4439252e729","444ac6fa-3c86-44c4-a0b0-2e7d79922517","b44ee1c5-8e80-49ac-93f1-e4399df11d7f"]}},{"type":"Feature","geometry":{"type":"Polygon","coordinates":[[[30.576410976887658,69.81674452030184],[30.603255938236988,69.81674452030184],[30.603255938236988,69.82572763205175],[30.576410976887658,69.82572763205175],[30.576410976887658,69.81674452030184]]]},"properties":{"cell_id":"1139_7772","expected_nets":0.0025,"particle_count":10,"n_nets":8,"contributing_net_ids":["178a8ce9-4d9c-4e1e-b6b9-6131b016ac1f","2649e37d-4983-4386-bc52-e0093db3ec65","5bc9b541-9afc-45ba-95db-3a4685de44a3","6b2ff976-a86c-46ff-9367-7349073cc0be","822fb14e-3e5d-4d49-842e-39d6f5621e8b","af60421e-dd2b-4078-918a-15ff5661dac7","c52841a4-c77e-4497-a4e9-73f605567542","cd20f9be-e4bb-436b-ad0c-563775f7c010"]}},{"type":"Feature","geometry":{"type":"Polygon","coordinates":[[[30.63010089958632,70.24793388429752],[30.65694586093565,70.24793388429752],[30.65694586093565,70.25691699604744],[30.63010089958632,70.25691699604744],[30.63010089958632,70.24793388429752]]]},"properties":{"cell_id":"1141_7820","expected_nets":0.0025,"particle_count":7,"n_nets":3,"contributing_net_ids":["413b3abc-f65b-4b08-bae5-c33750216192","491a8576-d12c-4378-8c01-07c2717e4a07","bc3ed7a1-c829-44b9-9a0c-f2ea4fcc06b7"]}},{"type":"Feature","geometry":{"type":"Polygon","coordinates":[[[30.683790822284983,70.23895077254761],[30.710635783634313,70.23895077254761],[30.710635783634313,70.24793388429752],[30.683790822284983,70.24793388429752],[30.683790822284983,70.23895077254761]]]},"properties":{"cell_id":"1143_7819","expected_nets":0.0025,"particle_count":7,"n_nets":2,"contributing_net_ids":["491a8576-d12c-4378-8c01-07c2717e4a07","bc3ed7a1-c829-44b9-9a0c-f2ea4fcc06b7"]}},{"type":"Feature","geometry":{"type":"Polygon","coordinates":[[[31.70389935355955,69.72691340280274],[31.73074431490888,69.72691340280274],[31.73074431490888,69.73589651455265],[31.70389935355955,69.73589651455265],[31.70389935355955,69.72691340280274]]]},"properties":{"cell_id":"1181_7762","expected_nets":0.0025,"particle_count":10,"n_nets":7,"contributing_net_ids":["183b3a5b-2fd0-4d2a-9c77-77281bb30173","444ac6fa-3c86-44c4-a0b0-2e7d79922517","5bc9b541-9afc-45ba-95db-3a4685de44a3","5ca74a64-d88d-45cb-a627-c8a2b8eea308","73b4a014-4822-4620-9d9e-4cc02ebf79ab","b44ee1c5-8e80-49ac-93f1-e4399df11d7f","cd20f9be-e4bb-436b-ad0c-563775f7c010"]}},{"type":"Feature","geometry":{"type":"Polygon","coordinates":[[[31.999193928402185,69.82572763205174],[32.02603888975152,69.82572763205174],[32.02603888975152,69.83471074380165],[31.999193928402185,69.83471074380165],[31.999193928402185,69.82572763205174]]]},"properties":{"cell_id":"1192_7773","expected_nets":0.0025,"particle_count":4,"n_nets":3,"contributing_net_ids":["413b3abc-f65b-4b08-bae5-c33750216192","9b9bef93-e0fb-425f-b56f-fbf239eaa3e5","cb0ddc2d-92e0-4234-b4cb-6ca7c091c319"]}},{"type":"Feature","geometry":{"type":"Polygon","coordinates":[[[25.771162895357467,70.52641034854473],[25.798007856706796,70.52641034854473],[25.798007856706796,70.53539346029464],[25.771162895357467,70.53539346029464],[25.771162895357467,70.52641034854473]]]},"properties":{"cell_id":"960_7851","expected_nets":0.0025,"particle_count":10,"n_nets":3,"contributing_net_ids":["b68c38a7-1ccd-4ae6-9801-c4f2ce607946","e75a847a-c3de-4b7e-a353-9f70acc6da3e","efe29baa-49f5-4eef-bf00-780fc94fd192"]}},{"type":"Feature","geometry":{"type":"Polygon","coordinates":[[[26.173837315597424,70.77793747754222],[26.200682276946754,70.77793747754222],[26.200682276946754,70.78692058929214],[26.173837315597424,70.78692058929214],[26.173837315597424,70.77793747754222]]]},"properties":{"cell_id":"975_7879","expected_nets":0.0025,"particle_count":4,"n_nets":3,"contributing_net_ids":["5e862cee-8b9f-45d7-8ca0-daaa28a39706","8f616f35-37f7-4aef-813f-428b192fdd24","efe29baa-49f5-4eef-bf00-780fc94fd192"]}},{"type":"Feature","geometry":{"type":"Polygon","coordinates":[[[26.200682276946758,71.05641394178943],[26.227527238296087,71.05641394178943],[26.227527238296087,71.06539705353934],[26.200682276946758,71.06539705353934],[26.200682276946758,71.05641394178943]]]},"properties":{"cell_id":"976_7910","expected_nets":0.0025,"particle_count":10,"n_nets":8,"contributing_net_ids":["17b986f2-2962-4704-b0e1-eabe0cbc5fed","2c38e76b-b975-4368-8686-873e9d17b862","372da560-3ffc-4c03-9e63-083a0c2edeae","86fbc2f8-6e1e-4162-8855-d19e180e5ce9","92774a0e-6c8c-4eea-b18e-be40e50056f7","b68c38a7-1ccd-4ae6-9801-c4f2ce607946","eef2472f-e20e-4582-83ca-9fccd623673e","fb076de6-0572-43d4-92cd-757bd343d372"]}},{"type":"Feature","geometry":{"type":"Polygon","coordinates":[[[26.683891581234708,70.96658282429033],[26.710736542584037,70.96658282429033],[26.710736542584037,70.97556593604024],[26.683891581234708,70.97556593604024],[26.683891581234708,70.96658282429033]]]},"properties":{"cell_id":"994_7900","expected_nets":0.0025,"particle_count":1,"n_nets":1,"contributing_net_ids":["540f98c5-00b4-431a-bccf-3255f8b4ce5f"]}},{"type":"Feature","geometry":{"type":"Polygon","coordinates":[[[27.14025592417333,70.77793747754222],[27.16710088552266,70.77793747754222],[27.16710088552266,70.78692058929214],[27.14025592417333,70.78692058929214],[27.14025592417333,70.77793747754222]]]},"properties":{"cell_id":"1011_7879","expected_nets":0.0023,"particle_count":4,"n_nets":4,"contributing_net_ids":["2e00546b-1350-4f4a-84bd-55da3dcb55ed","501f7877-ea08-4c1e-bb0c-f805d7b93531","5e862cee-8b9f-45d7-8ca0-daaa28a39706","bd2b6276-a7fe-4197-a967-101d706af8ed"]}},{"type":"Feature","geometry":{"type":"Polygon","coordinates":[[[27.16710088552266,70.79590370104204],[27.19394584687199,70.79590370104204],[27.19394584687199,70.80488681279195],[27.16710088552266,70.80488681279195],[27.16710088552266,70.79590370104204]]]},"properties":{"cell_id":"1012_7881","expected_nets":0.0023,"particle_count":4,"n_nets":4,"contributing_net_ids":["568c48d8-7903-40cc-9fda-3bb3c1d00a00","5e862cee-8b9f-45d7-8ca0-daaa28a39706","9e759843-4dd6-4b50-bc24-49bb88f8f082","bd2b6276-a7fe-4197-a967-101d706af8ed"]}},{"type":"Feature","geometry":{"type":"Polygon","coordinates":[[[27.274480730919983,70.79590370104204],[27.301325692269312,70.79590370104204],[27.301325692269312,70.80488681279195],[27.274480730919983,70.80488681279195],[27.274480730919983,70.79590370104204]]]},"properties":{"cell_id":"1016_7881","expected_nets":0.0023,"particle_count":4,"n_nets":4,"contributing_net_ids":["501f7877-ea08-4c1e-bb0c-f805d7b93531","5e862cee-8b9f-45d7-8ca0-daaa28a39706","bd2b6276-a7fe-4197-a967-101d706af8ed","e89f3dd1-1609-47c4-b490-a9358c7f09a8"]}},{"type":"Feature","geometry":{"type":"Polygon","coordinates":[[[27.51608538306396,71.09234638878908],[27.54293034441329,71.09234638878908],[27.54293034441329,71.101329500539],[27.51608538306396,71.101329500539],[27.51608538306396,71.09234638878908]]]},"properties":{"cell_id":"1025_7914","expected_nets":0.0023,"particle_count":6,"n_nets":5,"contributing_net_ids":["17b986f2-2962-4704-b0e1-eabe0cbc5fed","2e00546b-1350-4f4a-84bd-55da3dcb55ed","2e3e2f82-02e3-45d3-9acb-e62d643605a6","781d2769-3d71-4ed9-829d-d745be0fbd6e","d78d9010-3d05-4faf-a72b-008ae0f5db62"]}},{"type":"Feature","geometry":{"type":"Polygon","coordinates":[[[28.99255825727715,70.12217031979878],[29.01940321862648,70.12217031979878],[29.01940321862648,70.1311534315487],[28.99255825727715,70.1311534315487],[28.99255825727715,70.12217031979878]]]},"properties":{"cell_id":"1080_7806","expected_nets":0.0023,"particle_count":9,"n_nets":1,"contributing_net_ids":["c52841a4-c77e-4497-a4e9-73f605567542"]}},{"type":"Feature","geometry":{"type":"Polygon","coordinates":[[[29.609992368311755,70.70607258354293],[29.636837329661084,70.70607258354293],[29.636837329661084,70.71505569529285],[29.609992368311755,70.71505569529285],[29.609992368311755,70.70607258354293]]]},"properties":{"cell_id":"1103_7871","expected_nets":0.0023,"particle_count":6,"n_nets":6,"contributing_net_ids":["2e00546b-1350-4f4a-84bd-55da3dcb55ed","5e862cee-8b9f-45d7-8ca0-daaa28a39706","9267ffae-e862-4c0c-8303-e43fbba92f68","a5f2d7f3-60b1-400b-8f91-f6403d9e7442","d78d9010-3d05-4faf-a72b-008ae0f5db62","e5dc0a98-2f84-4a90-abe0-8b1a1d0116ed"]}},{"type":"Feature","geometry":{"type":"Polygon","coordinates":[[[29.74421717505841,70.06827164929932],[29.77106213640774,70.06827164929932],[29.77106213640774,70.07725476104923],[29.74421717505841,70.07725476104923],[29.74421717505841,70.06827164929932]]]},"properties":{"cell_id":"1108_7800","expected_nets":0.0023,"particle_count":9,"n_nets":6,"contributing_net_ids":["183b3a5b-2fd0-4d2a-9c77-77281bb30173","59cde757-4957-437b-86cd-8d9932cbb5a2","5ca74a64-d88d-45cb-a627-c8a2b8eea308","6ae9c1b0-2a7f-4315-a8f6-7e6491c6cb74","cd20f9be-e4bb-436b-ad0c-563775f7c010","e987972b-877b-44cf-b400-eaef3df7f643"]}},{"type":"Feature","geometry":{"type":"Polygon","coordinates":[[[30.65694586093565,70.24793388429752],[30.68379082228498,70.24793388429752],[30.68379082228498,70.25691699604744],[30.65694586093565,70.25691699604744],[30.65694586093565,70.24793388429752]]]},"properties":{"cell_id":"1142_7820","expected_nets":0.0023,"particle_count":9,"n_nets":2,"contributing_net_ids":["413b3abc-f65b-4b08-bae5-c33750216192","491a8576-d12c-4378-8c01-07c2717e4a07"]}},{"type":"Feature","geometry":{"type":"Polygon","coordinates":[[[30.844860590380968,70.25691699604744],[30.871705551730297,70.25691699604744],[30.871705551730297,70.26590010779735],[30.844860590380968,70.26590010779735],[30.844860590380968,70.25691699604744]]]},"properties":{"cell_id":"1149_7821","expected_nets":0.0023,"particle_count":3,"n_nets":2,"contributing_net_ids":["491a8576-d12c-4378-8c01-07c2717e4a07","bc3ed7a1-c829-44b9-9a0c-f2ea4fcc06b7"]}},{"type":"Feature","geometry":{"type":"Polygon","coordinates":[[[31.05962028117561,70.40064678404599],[31.08646524252494,70.40064678404599],[31.08646524252494,70.4096298957959],[31.05962028117561,70.4096298957959],[31.05962028117561,70.40064678404599]]]},"properties":{"cell_id":"1157_7837","expected_nets":0.0023,"particle_count":3,"n_nets":3,"contributing_net_ids":["15e549ea-ffd5-4ec2-98b7-32276621e3f2","686eb669-1bde-4980-a523-5e9cf5270174","fc902618-75c5-4c29-b03e-964ebd1caf5c"]}},{"type":"Feature","geometry":{"type":"Polygon","coordinates":[[[31.086465242524945,70.36471433704635],[31.113310203874274,70.36471433704635],[31.113310203874274,70.37369744879626],[31.086465242524945,70.37369744879626],[31.086465242524945,70.36471433704635]]]},"properties":{"cell_id":"1158_7833","expected_nets":0.0023,"particle_count":3,"n_nets":2,"contributing_net_ids":["43c5d8b6-1fb3-465b-b441-487f33c6a908","bc3ed7a1-c829-44b9-9a0c-f2ea4fcc06b7"]}},{"type":"Feature","geometry":{"type":"Polygon","coordinates":[[[31.113310203874274,70.38268056054618],[31.140155165223604,70.38268056054618],[31.140155165223604,70.39166367229609],[31.113310203874274,70.39166367229609],[31.113310203874274,70.38268056054618]]]},"properties":{"cell_id":"1159_7835","expected_nets":0.0023,"particle_count":3,"n_nets":3,"contributing_net_ids":["43c5d8b6-1fb3-465b-b441-487f33c6a908","483df2e5-9e99-4434-a3da-02126b74956e","f387c842-0089-4044-8b4a-ccc41db5ee20"]}},{"type":"Feature","geometry":{"type":"Polygon","coordinates":[[[32.96561253697809,69.74487962630255],[32.992457498327425,69.74487962630255],[32.992457498327425,69.75386273805246],[32.96561253697809,69.75386273805246],[32.96561253697809,69.74487962630255]]]},"properties":{"cell_id":"1228_7764","expected_nets":0.0023,"particle_count":6,"n_nets":5,"contributing_net_ids":["1cd692f0-e1bd-4f62-9162-4f5a33f16ae9","2e3e2f82-02e3-45d3-9acb-e62d643605a6","6e83e64b-da9b-4221-849e-1847280a05af","822fb14e-3e5d-4d49-842e-39d6f5621e8b","8f616f35-37f7-4aef-813f-428b192fdd24"]}},{"type":"Feature","geometry":{"type":"Polygon","coordinates":[[[25.287953591069513,71.07438016528926],[25.314798552418843,71.07438016528926],[25.314798552418843,71.08336327703917],[25.287953591069513,71.08336327703917],[25.287953591069513,71.07438016528926]]]},"properties":{"cell_id":"942_7912","expected_nets":0.0023,"particle_count":9,"n_nets":1,"contributing_net_ids":["c4c6d9a6-bf57-4182-966d-55046e277ae0"]}},{"type":"Feature","geometry":{"type":"Polygon","coordinates":[[[25.58324816591215,70.71505569529285],[25.61009312726148,70.71505569529285],[25.61009312726148,70.72403880704276],[25.58324816591215,70.72403880704276],[25.58324816591215,70.71505569529285]]]},"properties":{"cell_id":"953_7872","expected_nets":0.0023,"particle_count":9,"n_nets":3,"contributing_net_ids":["b68c38a7-1ccd-4ae6-9801-c4f2ce607946","e75a847a-c3de-4b7e-a353-9f70acc6da3e","efe29baa-49f5-4eef-bf00-780fc94fd192"]}},{"type":"Feature","geometry":{"type":"Polygon","coordinates":[[[25.798007856706796,70.66115702479338],[25.824852818056126,70.66115702479338],[25.824852818056126,70.6701401365433],[25.798007856706796,70.6701401365433],[25.798007856706796,70.66115702479338]]]},"properties":{"cell_id":"961_7866","expected_nets":0.0023,"particle_count":9,"n_nets":3,"contributing_net_ids":["b68c38a7-1ccd-4ae6-9801-c4f2ce607946","e75a847a-c3de-4b7e-a353-9f70acc6da3e","efe29baa-49f5-4eef-bf00-780fc94fd192"]}},{"type":"Feature","geometry":{"type":"Polygon","coordinates":[[[25.87854274075479,70.96658282429033],[25.905387702104118,70.96658282429033],[25.905387702104118,70.97556593604024],[25.87854274075479,70.97556593604024],[25.87854274075479,70.96658282429033]]]},"properties":{"cell_id":"964_7900","expected_nets":0.0023,"particle_count":9,"n_nets":3,"contributing_net_ids":["0dc85fe8-24ce-4a5b-9c68-10fde23c3974","470db2b9-33e2-459d-b899-d527741f15ff","d9de1f0e-7743-4a5a-950e-71a72e96bff4"]}},{"type":"Feature","geometry":{"type":"Polygon","coordinates":[[[26.30806212234408,70.8498023715415],[26.33490708369341,70.8498023715415],[26.33490708369341,70.85878548329141],[26.30806212234408,70.85878548329141],[26.30806212234408,70.8498023715415]]]},"properties":{"cell_id":"980_7887","expected_nets":0.0023,"particle_count":3,"n_nets":2,"contributing_net_ids":["8f616f35-37f7-4aef-813f-428b192fdd24","efe29baa-49f5-4eef-bf00-780fc94fd192"]}},{"type":"Feature","geometry":{"type":"Polygon","coordinates":[[[26.38859700639207,70.88573481854114],[26.4154419677414,70.88573481854114],[26.4154419677414,70.89471793029105],[26.38859700639207,70.89471793029105],[26.38859700639207,70.88573481854114]]]},"properties":{"cell_id":"983_7891","expected_nets":0.0023,"particle_count":9,"n_nets":7,"contributing_net_ids":["01a0254d-21d3-43e2-a1f8-1df90cc7a881","15e549ea-ffd5-4ec2-98b7-32276621e3f2","17b986f2-2962-4704-b0e1-eabe0cbc5fed","501f7877-ea08-4c1e-bb0c-f805d7b93531","568c48d8-7903-40cc-9fda-3bb3c1d00a00","b68c38a7-1ccd-4ae6-9801-c4f2ce607946","e5dc0a98-2f84-4a90-abe0-8b1a1d0116ed"]}},{"type":"Feature","geometry":{"type":"Polygon","coordinates":[[[27.08656600147467,70.94861660079052],[27.113410962824,70.94861660079052],[27.113410962824,70.95759971254043],[27.08656600147467,70.95759971254043],[27.08656600147467,70.94861660079052]]]},"properties":{"cell_id":"1009_7898","expected_nets":0.002,"particle_count":8,"n_nets":8,"contributing_net_ids":["15e549ea-ffd5-4ec2-98b7-32276621e3f2","282c4d2e-02c9-404a-87ae-53239fc436fc","2e00546b-1350-4f4a-84bd-55da3dcb55ed","456e18aa-ddf2-494e-b309-badf3802d91f","501f7877-ea08-4c1e-bb0c-f805d7b93531","781d2769-3d71-4ed9-829d-d745be0fbd6e","86fbc2f8-6e1e-4162-8855-d19e180e5ce9","e89f3dd1-1609-47c4-b490-a9358c7f09a8"]}},{"type":"Feature","geometry":{"type":"Polygon","coordinates":[[[27.16710088552266,70.96658282429033],[27.19394584687199,70.96658282429033],[27.19394584687199,70.97556593604024],[27.16710088552266,70.97556593604024],[27.16710088552266,70.96658282429033]]]},"properties":{"cell_id":"1012_7900","expected_nets":0.002,"particle_count":3,"n_nets":3,"contributing_net_ids":["00fb55ca-9483-401f-8f29-3e596d6d520c","0b254efb-1769-4e93-a17e-11f0d9834bcc","cabe54b4-68f5-4047-9a69-f3a33abca056"]}},{"type":"Feature","geometry":{"type":"Polygon","coordinates":[[[27.274480730919983,70.78692058929214],[27.301325692269312,70.78692058929214],[27.301325692269312,70.79590370104205],[27.274480730919983,70.79590370104205],[27.274480730919983,70.78692058929214]]]},"properties":{"cell_id":"1016_7880","expected_nets":0.002,"particle_count":3,"n_nets":3,"contributing_net_ids":["2e00546b-1350-4f4a-84bd-55da3dcb55ed","4962aa82-3d1a-4be7-b9ea-34e28c780540","86fbc2f8-6e1e-4162-8855-d19e180e5ce9"]}},{"type":"Feature","geometry":{"type":"Polygon","coordinates":[[[27.569775305762622,71.00251527128998],[27.596620267111952,71.00251527128998],[27.596620267111952,71.01149838303989],[27.569775305762622,71.01149838303989],[27.569775305762622,71.00251527128998]]]},"properties":{"cell_id":"1027_7904","expected_nets":0.002,"particle_count":3,"n_nets":3,"contributing_net_ids":["00fb55ca-9483-401f-8f29-3e596d6d520c","0b254efb-1769-4e93-a17e-11f0d9834bcc","eb7dd3b7-cce2-46a9-92d0-08b1c6f49b7d"]}},{"type":"Feature","geometry":{"type":"Polygon","coordinates":[[[27.623465228461285,71.12827883578872],[27.650310189810615,71.12827883578872],[27.650310189810615,71.13726194753863],[27.623465228461285,71.13726194753863],[27.623465228461285,71.12827883578872]]]},"properties":{"cell_id":"1029_7918","expected_nets":0.002,"particle_count":5,"n_nets":5,"contributing_net_ids":["01a0254d-21d3-43e2-a1f8-1df90cc7a881","781d2769-3d71-4ed9-829d-d745be0fbd6e","8f616f35-37f7-4aef-813f-428b192fdd24","92774a0e-6c8c-4eea-b18e-be40e50056f7","e89f3dd1-1609-47c4-b490-a9358c7f09a8"]}},{"type":"Feature","geometry":{"type":"Polygon","coordinates":[[[28.079829571399905,71.06539705353934],[28.106674532749235,71.06539705353934],[28.106674532749235,71.07438016528926],[28.079829571399905,71.07438016528926],[28.079829571399905,71.06539705353934]]]},"properties":{"cell_id":"1046_7911","expected_nets":0.002,"particle_count":3,"n_nets":3,"contributing_net_ids":["5b5fdf6e-34fa-446c-a7f8-338b8f980dea","bd2b6276-a7fe-4197-a967-101d706af8ed","e5dc0a98-2f84-4a90-abe0-8b1a1d0116ed"]}},{"type":"Feature","geometry":{"type":"Polygon","coordinates":[[[28.67041872108518,70.78692058929214],[28.69726368243451,70.78692058929214],[28.69726368243451,70.79590370104205],[28.67041872108518,70.79590370104205],[28.67041872108518,70.78692058929214]]]},"properties":{"cell_id":"1068_7880","expected_nets":0.002,"particle_count":3,"n_nets":3,"contributing_net_ids":["456e18aa-ddf2-494e-b309-badf3802d91f","4962aa82-3d1a-4be7-b9ea-34e28c780540","cabe54b4-68f5-4047-9a69-f3a33abca056"]}},{"type":"Feature","geometry":{"type":"Polygon","coordinates":[[[29.04624817997581,70.12217031979878],[29.07309314132514,70.12217031979878],[29.07309314132514,70.1311534315487],[29.04624817997581,70.1311534315487],[29.04624817997581,70.12217031979878]]]},"properties":{"cell_id":"1082_7806","expected_nets":0.002,"particle_count":8,"n_nets":4,"contributing_net_ids":["183b3a5b-2fd0-4d2a-9c77-77281bb30173","2649e37d-4983-4386-bc52-e0093db3ec65","6ae9c1b0-2a7f-4315-a8f6-7e6491c6cb74","c52841a4-c77e-4497-a4e9-73f605567542"]}},{"type":"Feature","geometry":{"type":"Polygon","coordinates":[[[29.153628025373134,70.8498023715415],[29.180472986722464,70.8498023715415],[29.180472986722464,70.85878548329141],[29.153628025373134,70.85878548329141],[29.153628025373134,70.8498023715415]]]},"properties":{"cell_id":"1086_7887","expected_nets":0.002,"particle_count":2,"n_nets":2,"contributing_net_ids":["50ab96ff-2523-45d1-8595-00b37a28f29e","8f616f35-37f7-4aef-813f-428b192fdd24"]}},{"type":"Feature","geometry":{"type":"Polygon","coordinates":[[[29.39523267751711,70.00538986704994],[29.42207763886644,70.00538986704994],[29.42207763886644,70.01437297879986],[29.39523267751711,70.01437297879986],[29.39523267751711,70.00538986704994]]]},"properties":{"cell_id":"1095_7793","expected_nets":0.002,"particle_count":8,"n_nets":5,"contributing_net_ids":["2a840416-2518-4cd8-9332-09ee6dfac95f","36c0b306-27cf-4788-a28e-37a6791e6842","5bc9b541-9afc-45ba-95db-3a4685de44a3","6ae9c1b0-2a7f-4315-a8f6-7e6491c6cb74","c52841a4-c77e-4497-a4e9-73f605567542"]}},{"type":"Feature","geometry":{"type":"Polygon","coordinates":[[[29.77106213640774,70.06827164929932],[29.79790709775707,70.06827164929932],[29.79790709775707,70.07725476104923],[29.77106213640774,70.07725476104923],[29.77106213640774,70.06827164929932]]]},"properties":{"cell_id":"1109_7800","expected_nets":0.002,"particle_count":8,"n_nets":6,"contributing_net_ids":["183b3a5b-2fd0-4d2a-9c77-77281bb30173","2649e37d-4983-4386-bc52-e0093db3ec65","59cde757-4957-437b-86cd-8d9932cbb5a2","6ae9c1b0-2a7f-4315-a8f6-7e6491c6cb74","6b2ff976-a86c-46ff-9367-7349073cc0be","e987972b-877b-44cf-b400-eaef3df7f643"]}},{"type":"Feature","geometry":{"type":"Polygon","coordinates":[[[30.1737365566477,70.10420409629896],[30.20058151799703,70.10420409629896],[30.20058151799703,70.11318720804887],[30.1737365566477,70.11318720804887],[30.1737365566477,70.10420409629896]]]},"properties":{"cell_id":"1124_7804","expected_nets":0.002,"particle_count":8,"n_nets":5,"contributing_net_ids":["0044b29c-5a23-4047-8f64-6763e05133e4","37e8bf79-8d0c-4820-9b6c-98fdaa828590","39d2f659-e666-4b43-ab4a-c4439252e729","444ac6fa-3c86-44c4-a0b0-2e7d79922517","b44ee1c5-8e80-49ac-93f1-e4399df11d7f"]}},{"type":"Feature","geometry":{"type":"Polygon","coordinates":[[[30.254271440695693,70.07725476104923],[30.281116402045022,70.07725476104923],[30.281116402045022,70.08623787279915],[30.254271440695693,70.08623787279915],[30.254271440695693,70.07725476104923]]]},"properties":{"cell_id":"1127_7801","expected_nets":0.002,"particle_count":8,"n_nets":2,"contributing_net_ids":["37e8bf79-8d0c-4820-9b6c-98fdaa828590","39d2f659-e666-4b43-ab4a-c4439252e729"]}},{"type":"Feature","geometry":{"type":"Polygon","coordinates":[[[30.281116402045022,70.12217031979878],[30.30796136339435,70.12217031979878],[30.30796136339435,70.1311534315487],[30.281116402045022,70.1311534315487],[30.281116402045022,70.12217031979878]]]},"properties":{"cell_id":"1128_7806","expected_nets":0.002,"particle_count":8,"n_nets":4,"contributing_net_ids":["37e8bf79-8d0c-4820-9b6c-98fdaa828590","39d2f659-e666-4b43-ab4a-c4439252e729","444ac6fa-3c86-44c4-a0b0-2e7d79922517","b44ee1c5-8e80-49ac-93f1-e4399df11d7f"]}},{"type":"Feature","geometry":{"type":"Polygon","coordinates":[[[30.576410976887658,69.80776140855193],[30.603255938236988,69.80776140855193],[30.603255938236988,69.81674452030184],[30.576410976887658,69.81674452030184],[30.576410976887658,69.80776140855193]]]},"properties":{"cell_id":"1139_7771","expected_nets":0.002,"particle_count":8,"n_nets":8,"contributing_net_ids":["183b3a5b-2fd0-4d2a-9c77-77281bb30173","37e8bf79-8d0c-4820-9b6c-98fdaa828590","59cde757-4957-437b-86cd-8d9932cbb5a2","5bc9b541-9afc-45ba-95db-3a4685de44a3","5ca74a64-d88d-45cb-a627-c8a2b8eea308","6b2ff976-a86c-46ff-9367-7349073cc0be","af60421e-dd2b-4078-918a-15ff5661dac7","cd20f9be-e4bb-436b-ad0c-563775f7c010"]}},{"type":"Feature","geometry":{"type":"Polygon","coordinates":[[[31.542829585463565,69.82572763205174],[31.569674546812895,69.82572763205174],[31.569674546812895,69.83471074380165],[31.542829585463565,69.83471074380165],[31.542829585463565,69.82572763205174]]]},"properties":{"cell_id":"1175_7773","expected_nets":0.002,"particle_count":5,"n_nets":4,"contributing_net_ids":["37e8bf79-8d0c-4820-9b6c-98fdaa828590","413b3abc-f65b-4b08-bae5-c33750216192","822fb14e-3e5d-4d49-842e-39d6f5621e8b","9b9bef93-e0fb-425f-b56f-fbf239eaa3e5"]}},{"type":"Feature","geometry":{"type":"Polygon","coordinates":[[[31.70389935355955,69.699964067553],[31.73074431490888,69.699964067553],[31.73074431490888,69.70894717930291],[31.70389935355955,69.70894717930291],[31.70389935355955,69.699964067553]]]},"properties":{"cell_id":"1181_7759","expected_nets":0.002,"particle_count":8,"n_nets":8,"contributing_net_ids":["183b3a5b-2fd0-4d2a-9c77-77281bb30173","2649e37d-4983-4386-bc52-e0093db3ec65","37e8bf79-8d0c-4820-9b6c-98fdaa828590","39d2f659-e666-4b43-ab4a-c4439252e729","444ac6fa-3c86-44c4-a0b0-2e7d79922517","491a8576-d12c-4378-8c01-07c2717e4a07","59cde757-4957-437b-86cd-8d9932cbb5a2","b44ee1c5-8e80-49ac-93f1-e4399df11d7f"]}},{"type":"Feature","geometry":{"type":"Polygon","coordinates":[[[31.70389935355955,69.76284584980237],[31.73074431490888,69.76284584980237],[31.73074431490888,69.77182896155229],[31.70389935355955,69.77182896155229],[31.70389935355955,69.76284584980237]]]},"properties":{"cell_id":"1181_7766","expected_nets":0.002,"particle_count":8,"n_nets":6,"contributing_net_ids":["39d2f659-e666-4b43-ab4a-c4439252e729","413b3abc-f65b-4b08-bae5-c33750216192","444ac6fa-3c86-44c4-a0b0-2e7d79922517","59cde757-4957-437b-86cd-8d9932cbb5a2","b44ee1c5-8e80-49ac-93f1-e4399df11d7f","cd20f9be-e4bb-436b-ad0c-563775f7c010"]}},{"type":"Feature","geometry":{"type":"Polygon","coordinates":[[[31.75758927625821,69.82572763205174],[31.784434237607538,69.82572763205174],[31.784434237607538,69.83471074380165],[31.75758927625821,69.83471074380165],[31.75758927625821,69.82572763205174]]]},"properties":{"cell_id":"1183_7773","expected_nets":0.002,"particle_count":5,"n_nets":3,"contributing_net_ids":["413b3abc-f65b-4b08-bae5-c33750216192","41f2af17-7063-4598-998e-77215c5496ac","cb0ddc2d-92e0-4234-b4cb-6ca7c091c319"]}},{"type":"Feature","geometry":{"type":"Polygon","coordinates":[[[31.972348967052856,69.87064319080129],[31.999193928402185,69.87064319080129],[31.999193928402185,69.8796263025512],[31.972348967052856,69.8796263025512],[31.972348967052856,69.87064319080129]]]},"properties":{"cell_id":"1191_7778","expected_nets":0.002,"particle_count":5,"n_nets":3,"contributing_net_ids":["413b3abc-f65b-4b08-bae5-c33750216192","8a3bdd3c-8344-4b09-8b3a-0f9a3d5dae08","9b9bef93-e0fb-425f-b56f-fbf239eaa3e5"]}},{"type":"Feature","geometry":{"type":"Polygon","coordinates":[[[25.287953591069513,71.1103126122889],[25.314798552418843,71.1103126122889],[25.314798552418843,71.1192957240388],[25.287953591069513,71.1192957240388],[25.287953591069513,71.1103126122889]]]},"properties":{"cell_id":"942_7916","expected_nets":0.002,"particle_count":8,"n_nets":1,"contributing_net_ids":["c4c6d9a6-bf57-4182-966d-55046e277ae0"]}},{"type":"Feature","geometry":{"type":"Polygon","coordinates":[[[25.636938088610812,70.9396334890406],[25.66378304996014,70.9396334890406],[25.66378304996014,70.94861660079052],[25.636938088610812,70.94861660079052],[25.636938088610812,70.9396334890406]]]},"properties":{"cell_id":"955_7897","expected_nets":0.002,"particle_count":8,"n_nets":3,"contributing_net_ids":["0dc85fe8-24ce-4a5b-9c68-10fde23c3974","470db2b9-33e2-459d-b899-d527741f15ff","d9de1f0e-7743-4a5a-950e-71a72e96bff4"]}},{"type":"Feature","geometry":{"type":"Polygon","coordinates":[[[25.771162895357467,70.6701401365433],[25.798007856706796,70.6701401365433],[25.798007856706796,70.67912324829321],[25.771162895357467,70.67912324829321],[25.771162895357467,70.6701401365433]]]},"properties":{"cell_id":"960_7867","expected_nets":0.002,"particle_count":8,"n_nets":3,"contributing_net_ids":["b68c38a7-1ccd-4ae6-9801-c4f2ce607946","e75a847a-c3de-4b7e-a353-9f70acc6da3e","efe29baa-49f5-4eef-bf00-780fc94fd192"]}},{"type":"Feature","geometry":{"type":"Polygon","coordinates":[[[26.120147392898765,70.74200503054259],[26.146992354248095,70.74200503054259],[26.146992354248095,70.7509881422925],[26.120147392898765,70.7509881422925],[26.120147392898765,70.74200503054259]]]},"properties":{"cell_id":"973_7875","expected_nets":0.002,"particle_count":2,"n_nets":1,"contributing_net_ids":["8f616f35-37f7-4aef-813f-428b192fdd24"]}},{"type":"Feature","geometry":{"type":"Polygon","coordinates":[[[26.200682276946758,70.78692058929214],[26.227527238296087,70.78692058929214],[26.227527238296087,70.79590370104205],[26.200682276946758,70.79590370104205],[26.200682276946758,70.78692058929214]]]},"properties":{"cell_id":"976_7880","expected_nets":0.002,"particle_count":2,"n_nets":1,"contributing_net_ids":["8f616f35-37f7-4aef-813f-428b192fdd24"]}},{"type":"Feature","geometry":{"type":"Polygon","coordinates":[[[27.193945846871994,70.89471793029105],[27.220790808221324,70.89471793029105],[27.220790808221324,70.90370104204096],[27.193945846871994,70.90370104204096],[27.193945846871994,70.89471793029105]]]},"properties":{"cell_id":"1013_7892","expected_nets":0.0018,"particle_count":2,"n_nets":2,"contributing_net_ids":["00fb55ca-9483-401f-8f29-3e596d6d520c","9e759843-4dd6-4b50-bc24-49bb88f8f082"]}},{"type":"Feature","geometry":{"type":"Polygon","coordinates":[[[27.301325692269316,71.0294646065397],[27.328170653618646,71.0294646065397],[27.328170653618646,71.03844771828962],[27.301325692269316,71.03844771828962],[27.301325692269316,71.0294646065397]]]},"properties":{"cell_id":"1017_7907","expected_nets":0.0018,"particle_count":7,"n_nets":5,"contributing_net_ids":["2e3e2f82-02e3-45d3-9acb-e62d643605a6","9267ffae-e862-4c0c-8303-e43fbba92f68","9e759843-4dd6-4b50-bc24-49bb88f8f082","eb7dd3b7-cce2-46a9-92d0-08b1c6f49b7d","eef2472f-e20e-4582-83ca-9fccd623673e"]}},{"type":"Feature","geometry":{"type":"Polygon","coordinates":[[[27.865069880605258,71.04743083003953],[27.891914841954588,71.04743083003953],[27.891914841954588,71.05641394178944],[27.865069880605258,71.05641394178944],[27.865069880605258,71.04743083003953]]]},"properties":{"cell_id":"1038_7909","expected_nets":0.0018,"particle_count":2,"n_nets":2,"contributing_net_ids":["00fb55ca-9483-401f-8f29-3e596d6d520c","60968c7c-8266-471c-84ae-1f14936bfba6"]}},{"type":"Feature","geometry":{"type":"Polygon","coordinates":[[[28.401969107591874,70.99353215954007],[28.428814068941204,70.99353215954007],[28.428814068941204,71.00251527128998],[28.401969107591874,71.00251527128998],[28.401969107591874,70.99353215954007]]]},"properties":{"cell_id":"1058_7903","expected_nets":0.0018,"particle_count":4,"n_nets":3,"contributing_net_ids":["50ab96ff-2523-45d1-8595-00b37a28f29e","60968c7c-8266-471c-84ae-1f14936bfba6","fb076de6-0572-43d4-92cd-757bd343d372"]}},{"type":"Feature","geometry":{"type":"Polygon","coordinates":[[[28.482503991639867,70.98454904779015],[28.509348952989196,70.98454904779015],[28.509348952989196,70.99353215954007],[28.482503991639867,70.99353215954007],[28.482503991639867,70.98454904779015]]]},"properties":{"cell_id":"1061_7902","expected_nets":0.0018,"particle_count":2,"n_nets":2,"contributing_net_ids":["5b5fdf6e-34fa-446c-a7f8-338b8f980dea","bd2b6276-a7fe-4197-a967-101d706af8ed"]}},{"type":"Feature","geometry":{"type":"Polygon","coordinates":[[[28.67041872108518,70.79590370104204],[28.69726368243451,70.79590370104204],[28.69726368243451,70.80488681279195],[28.67041872108518,70.80488681279195],[28.67041872108518,70.79590370104204]]]},"properties":{"cell_id":"1068_7881","expected_nets":0.0018,"particle_count":2,"n_nets":2,"contributing_net_ids":["00fb55ca-9483-401f-8f29-3e596d6d520c","17b986f2-2962-4704-b0e1-eabe0cbc5fed"]}},{"type":"Feature","geometry":{"type":"Polygon","coordinates":[[[29.01940321862648,70.12217031979878],[29.04624817997581,70.12217031979878],[29.04624817997581,70.1311534315487],[29.01940321862648,70.1311534315487],[29.01940321862648,70.12217031979878]]]},"properties":{"cell_id":"1081_7806","expected_nets":0.0018,"particle_count":7,"n_nets":2,"contributing_net_ids":["2649e37d-4983-4386-bc52-e0093db3ec65","c52841a4-c77e-4497-a4e9-73f605567542"]}},{"type":"Feature","geometry":{"type":"Polygon","coordinates":[[[29.31469779346912,70.01437297879986],[29.341542754818448,70.01437297879986],[29.341542754818448,70.02335609054977],[29.31469779346912,70.02335609054977],[29.31469779346912,70.01437297879986]]]},"properties":{"cell_id":"1092_7794","expected_nets":0.0018,"particle_count":7,"n_nets":7,"contributing_net_ids":["183b3a5b-2fd0-4d2a-9c77-77281bb30173","2a840416-2518-4cd8-9332-09ee6dfac95f","36c0b306-27cf-4788-a28e-37a6791e6842","5bc9b541-9afc-45ba-95db-3a4685de44a3","6ae9c1b0-2a7f-4315-a8f6-7e6491c6cb74","6c6c4be3-4036-4a62-8c92-47730a8c7aeb","c52841a4-c77e-4497-a4e9-73f605567542"]}},{"type":"Feature","geometry":{"type":"Polygon","coordinates":[[[29.905286943154394,69.89759252605103],[29.932131904503724,69.89759252605103],[29.932131904503724,69.90657563780094],[29.905286943154394,69.90657563780094],[29.905286943154394,69.89759252605103]]]},"properties":{"cell_id":"1114_7781","expected_nets":0.0018,"particle_count":7,"n_nets":7,"contributing_net_ids":["178a8ce9-4d9c-4e1e-b6b9-6131b016ac1f","36c0b306-27cf-4788-a28e-37a6791e6842","37e8bf79-8d0c-4820-9b6c-98fdaa828590","59cde757-4957-437b-86cd-8d9932cbb5a2","5bc9b541-9afc-45ba-95db-3a4685de44a3","6b2ff976-a86c-46ff-9367-7349073cc0be","e987972b-877b-44cf-b400-eaef3df7f643"]}},{"type":"Feature","geometry":{"type":"Polygon","coordinates":[[[30.20058151799703,70.10420409629896],[30.22742647934636,70.10420409629896],[30.22742647934636,70.11318720804887],[30.20058151799703,70.11318720804887],[30.20058151799703,70.10420409629896]]]},"properties":{"cell_id":"1125_7804","expected_nets":0.0018,"particle_count":7,"n_nets":4,"contributing_net_ids":["37e8bf79-8d0c-4820-9b6c-98fdaa828590","39d2f659-e666-4b43-ab4a-c4439252e729","444ac6fa-3c86-44c4-a0b0-2e7d79922517","b44ee1c5-8e80-49ac-93f1-e4399df11d7f"]}},{"type":"Feature","geometry":{"type":"Polygon","coordinates":[[[30.442186170141007,70.20301832554797],[30.469031131490336,70.20301832554797],[30.469031131490336,70.21200143729789],[30.442186170141007,70.21200143729789],[30.442186170141007,70.20301832554797]]]},"properties":{"cell_id":"1134_7815","expected_nets":0.0018,"particle_count":4,"n_nets":4,"contributing_net_ids":["37e8bf79-8d0c-4820-9b6c-98fdaa828590","39d2f659-e666-4b43-ab4a-c4439252e729","491a8576-d12c-4378-8c01-07c2717e4a07","bc3ed7a1-c829-44b9-9a0c-f2ea4fcc06b7"]}},{"type":"Feature","geometry":{"type":"Polygon","coordinates":[[[30.710635783634313,70.23895077254761],[30.737480744983642,70.23895077254761],[30.737480744983642,70.24793388429752],[30.710635783634313,70.24793388429752],[30.710635783634313,70.23895077254761]]]},"properties":{"cell_id":"1144_7819","expected_nets":0.0018,"particle_count":4,"n_nets":2,"contributing_net_ids":["491a8576-d12c-4378-8c01-07c2717e4a07","bc3ed7a1-c829-44b9-9a0c-f2ea4fcc06b7"]}},{"type":"Feature","geometry":{"type":"Polygon","coordinates":[[[30.737480744983642,70.25691699604744],[30.764325706332972,70.25691699604744],[30.764325706332972,70.26590010779735],[30.737480744983642,70.26590010779735],[30.737480744983642,70.25691699604744]]]},"properties":{"cell_id":"1145_7821","expected_nets":0.0018,"particle_count":4,"n_nets":2,"contributing_net_ids":["491a8576-d12c-4378-8c01-07c2717e4a07","bc3ed7a1-c829-44b9-9a0c-f2ea4fcc06b7"]}},{"type":"Feature","geometry":{"type":"Polygon","coordinates":[[[31.032775319826282,70.28386633129716],[31.05962028117561,70.28386633129716],[31.05962028117561,70.29284944304707],[31.032775319826282,70.29284944304707],[31.032775319826282,70.28386633129716]]]},"properties":{"cell_id":"1156_7824","expected_nets":0.0018,"particle_count":4,"n_nets":2,"contributing_net_ids":["41f2af17-7063-4598-998e-77215c5496ac","cb0ddc2d-92e0-4234-b4cb-6ca7c091c319"]}},{"type":"Feature","geometry":{"type":"Polygon","coordinates":[[[31.05962028117561,70.39166367229609],[31.08646524252494,70.39166367229609],[31.08646524252494,70.400646784046],[31.05962028117561,70.400646784046],[31.05962028117561,70.39166367229609]]]},"properties":{"cell_id":"1157_7836","expected_nets":0.0018,"particle_count":4,"n_nets":4,"contributing_net_ids":["483df2e5-9e99-4434-a3da-02126b74956e","4f1df18f-2aa1-40db-923c-9e7359a62300","cb0ddc2d-92e0-4234-b4cb-6ca7c091c319","e7bca5ed-e073-45a9-bcb6-86ee920223fc"]}},{"type":"Feature","geometry":{"type":"Polygon","coordinates":[[[31.75758927625821,69.68199784405319],[31.784434237607538,69.68199784405319],[31.784434237607538,69.6909809558031],[31.75758927625821,69.6909809558031],[31.75758927625821,69.68199784405319]]]},"properties":{"cell_id":"1183_7757","expected_nets":0.0018,"particle_count":7,"n_nets":2,"contributing_net_ids":["39d2f659-e666-4b43-ab4a-c4439252e729","444ac6fa-3c86-44c4-a0b0-2e7d79922517"]}},{"type":"Feature","geometry":{"type":"Polygon","coordinates":[[[31.75758927625821,69.81674452030184],[31.784434237607538,69.81674452030184],[31.784434237607538,69.82572763205175],[31.75758927625821,69.82572763205175],[31.75758927625821,69.81674452030184]]]},"properties":{"cell_id":"1183_7772","expected_nets":0.0018,"particle_count":4,"n_nets":3,"contributing_net_ids":["413b3abc-f65b-4b08-bae5-c33750216192","8a3bdd3c-8344-4b09-8b3a-0f9a3d5dae08","9b9bef93-e0fb-425f-b56f-fbf239eaa3e5"]}},{"type":"Feature","geometry":{"type":"Polygon","coordinates":[[[31.891814083004864,69.90657563780094],[31.918659044354193,69.90657563780094],[31.918659044354193,69.91555874955085],[31.891814083004864,69.91555874955085],[31.891814083004864,69.90657563780094]]]},"properties":{"cell_id":"1188_7782","expected_nets":0.0018,"particle_count":4,"n_nets":4,"contributing_net_ids":["413b3abc-f65b-4b08-bae5-c33750216192","9b9bef93-e0fb-425f-b56f-fbf239eaa3e5","af60421e-dd2b-4078-918a-15ff5661dac7","cb0ddc2d-92e0-4234-b4cb-6ca7c091c319"]}},{"type":"Feature","geometry":{"type":"Polygon","coordinates":[[[25.55640320456282,70.4096298957959],[25.58324816591215,70.4096298957959],[25.58324816591215,70.41861300754582],[25.55640320456282,70.41861300754582],[25.55640320456282,70.4096298957959]]]},"properties":{"cell_id":"952_7838","expected_nets":0.0018,"particle_count":7,"n_nets":3,"contributing_net_ids":["b68c38a7-1ccd-4ae6-9801-c4f2ce607946","e75a847a-c3de-4b7e-a353-9f70acc6da3e","efe29baa-49f5-4eef-bf00-780fc94fd192"]}},{"type":"Feature","geometry":{"type":"Polygon","coordinates":[[[25.610093127261482,70.72403880704276],[25.636938088610812,70.72403880704276],[25.636938088610812,70.73302191879267],[25.610093127261482,70.73302191879267],[25.610093127261482,70.72403880704276]]]},"properties":{"cell_id":"954_7873","expected_nets":0.0018,"particle_count":7,"n_nets":3,"contributing_net_ids":["b68c38a7-1ccd-4ae6-9801-c4f2ce607946","e75a847a-c3de-4b7e-a353-9f70acc6da3e","efe29baa-49f5-4eef-bf00-780fc94fd192"]}},{"type":"Feature","geometry":{"type":"Polygon","coordinates":[[[25.636938088610812,70.73302191879267],[25.66378304996014,70.73302191879267],[25.66378304996014,70.74200503054259],[25.636938088610812,70.74200503054259],[25.636938088610812,70.73302191879267]]]},"properties":{"cell_id":"955_7874","expected_nets":0.0018,"particle_count":7,"n_nets":3,"contributing_net_ids":["b68c38a7-1ccd-4ae6-9801-c4f2ce607946","e75a847a-c3de-4b7e-a353-9f70acc6da3e","efe29baa-49f5-4eef-bf00-780fc94fd192"]}},{"type":"Feature","geometry":{"type":"Polygon","coordinates":[[[25.66378304996014,70.73302191879267],[25.69062801130947,70.73302191879267],[25.69062801130947,70.74200503054259],[25.66378304996014,70.74200503054259],[25.66378304996014,70.73302191879267]]]},"properties":{"cell_id":"956_7874","expected_nets":0.0018,"particle_count":7,"n_nets":3,"contributing_net_ids":["b68c38a7-1ccd-4ae6-9801-c4f2ce607946","e75a847a-c3de-4b7e-a353-9f70acc6da3e","efe29baa-49f5-4eef-bf00-780fc94fd192"]}},{"type":"Feature","geometry":{"type":"Polygon","coordinates":[[[25.690628011309474,70.9396334890406],[25.717472972658804,70.9396334890406],[25.717472972658804,70.94861660079052],[25.690628011309474,70.94861660079052],[25.690628011309474,70.9396334890406]]]},"properties":{"cell_id":"957_7897","expected_nets":0.0018,"particle_count":7,"n_nets":5,"contributing_net_ids":["0dc85fe8-24ce-4a5b-9c68-10fde23c3974","1856880d-fea0-414e-9d9b-151b7bafb7eb","470db2b9-33e2-459d-b899-d527741f15ff","51ea4374-4f03-4957-b2d3-91e78f0021c5","a95c2f17-baa3-44dd-b464-4313692da315"]}},{"type":"Feature","geometry":{"type":"Polygon","coordinates":[[[25.798007856706796,70.53539346029464],[25.824852818056126,70.53539346029464],[25.824852818056126,70.54437657204456],[25.798007856706796,70.54437657204456],[25.798007856706796,70.53539346029464]]]},"properties":{"cell_id":"961_7852","expected_nets":0.0018,"particle_count":7,"n_nets":3,"contributing_net_ids":["b68c38a7-1ccd-4ae6-9801-c4f2ce607946","e75a847a-c3de-4b7e-a353-9f70acc6da3e","efe29baa-49f5-4eef-bf00-780fc94fd192"]}},{"type":"Feature","geometry":{"type":"Polygon","coordinates":[[[25.905387702104118,70.95759971254043],[25.932232663453448,70.95759971254043],[25.932232663453448,70.96658282429034],[25.905387702104118,70.96658282429034],[25.905387702104118,70.95759971254043]]]},"properties":{"cell_id":"965_7899","expected_nets":0.0018,"particle_count":7,"n_nets":5,"contributing_net_ids":["0dc85fe8-24ce-4a5b-9c68-10fde23c3974","470db2b9-33e2-459d-b899-d527741f15ff","51ea4374-4f03-4957-b2d3-91e78f0021c5","a95c2f17-baa3-44dd-b464-4313692da315","d9de1f0e-7743-4a5a-950e-71a72e96bff4"]}},{"type":"Feature","geometry":{"type":"Polygon","coordinates":[[[26.012767547501443,71.1192957240388],[26.039612508850773,71.1192957240388],[26.039612508850773,71.12827883578872],[26.012767547501443,71.12827883578872],[26.012767547501443,71.1192957240388]]]},"properties":{"cell_id":"969_7917","expected_nets":0.0018,"particle_count":7,"n_nets":5,"contributing_net_ids":["15e549ea-ffd5-4ec2-98b7-32276621e3f2","86fbc2f8-6e1e-4162-8855-d19e180e5ce9","9267ffae-e862-4c0c-8303-e43fbba92f68","eb7dd3b7-cce2-46a9-92d0-08b1c6f49b7d","f8bfcb7e-c7fd-402c-b02c-4f35bae30cbb"]}},{"type":"Feature","geometry":{"type":"Polygon","coordinates":[[[26.173837315597424,71.00251527128998],[26.200682276946754,71.00251527128998],[26.200682276946754,71.01149838303989],[26.173837315597424,71.01149838303989],[26.173837315597424,71.00251527128998]]]},"properties":{"cell_id":"975_7904","expected_nets":0.0018,"particle_count":4,"n_nets":4,"contributing_net_ids":["15e549ea-ffd5-4ec2-98b7-32276621e3f2","8f616f35-37f7-4aef-813f-428b192fdd24","efe29baa-49f5-4eef-bf00-780fc94fd192","f8bfcb7e-c7fd-402c-b02c-4f35bae30cbb"]}},{"type":"Feature","geometry":{"type":"Polygon","coordinates":[[[26.522821813138727,70.94861660079052],[26.549666774488056,70.94861660079052],[26.549666774488056,70.95759971254043],[26.522821813138727,70.95759971254043],[26.522821813138727,70.94861660079052]]]},"properties":{"cell_id":"988_7898","expected_nets":0.0018,"particle_count":4,"n_nets":4,"contributing_net_ids":["372da560-3ffc-4c03-9e63-083a0c2edeae","568c48d8-7903-40cc-9fda-3bb3c1d00a00","8f616f35-37f7-4aef-813f-428b192fdd24","b68c38a7-1ccd-4ae6-9801-c4f2ce607946"]}},{"type":"Feature","geometry":{"type":"Polygon","coordinates":[[[27.14025592417333,70.89471793029105],[27.16710088552266,70.89471793029105],[27.16710088552266,70.90370104204096],[27.14025592417333,70.90370104204096],[27.14025592417333,70.89471793029105]]]},"properties":{"cell_id":"1011_7892","expected_nets":0.0015,"particle_count":1,"n_nets":1,"contributing_net_ids":["00fb55ca-9483-401f-8f29-3e596d6d520c"]}},{"type":"Feature","geometry":{"type":"Polygon","coordinates":[[[27.193945846871994,70.95759971254043],[27.220790808221324,70.95759971254043],[27.220790808221324,70.96658282429034],[27.193945846871994,70.96658282429034],[27.193945846871994,70.95759971254043]]]},"properties":{"cell_id":"1013_7899","expected_nets":0.0015,"particle_count":3,"n_nets":3,"contributing_net_ids":["372da560-3ffc-4c03-9e63-083a0c2edeae","d78d9010-3d05-4faf-a72b-008ae0f5db62","e89f3dd1-1609-47c4-b490-a9358c7f09a8"]}},{"type":"Feature","geometry":{"type":"Polygon","coordinates":[[[27.247635769570653,70.77793747754222],[27.274480730919983,70.77793747754222],[27.274480730919983,70.78692058929214],[27.247635769570653,70.78692058929214],[27.247635769570653,70.77793747754222]]]},"properties":{"cell_id":"1015_7879","expected_nets":0.0015,"particle_count":6,"n_nets":6,"contributing_net_ids":["0b254efb-1769-4e93-a17e-11f0d9834bcc","568c48d8-7903-40cc-9fda-3bb3c1d00a00","9267ffae-e862-4c0c-8303-e43fbba92f68","e5dc0a98-2f84-4a90-abe0-8b1a1d0116ed","eef2472f-e20e-4582-83ca-9fccd623673e","f8bfcb7e-c7fd-402c-b02c-4f35bae30cbb"]}},{"type":"Feature","geometry":{"type":"Polygon","coordinates":[[[27.301325692269316,71.02048149478979],[27.328170653618646,71.02048149478979],[27.328170653618646,71.0294646065397],[27.301325692269316,71.0294646065397],[27.301325692269316,71.02048149478979]]]},"properties":{"cell_id":"1017_7906","expected_nets":0.0015,"particle_count":1,"n_nets":1,"contributing_net_ids":["00fb55ca-9483-401f-8f29-3e596d6d520c"]}},{"type":"Feature","geometry":{"type":"Polygon","coordinates":[[[27.355015614967975,70.83183614804169],[27.381860576317305,70.83183614804169],[27.381860576317305,70.8408192597916],[27.355015614967975,70.8408192597916],[27.355015614967975,70.83183614804169]]]},"properties":{"cell_id":"1019_7885","expected_nets":0.0015,"particle_count":1,"n_nets":1,"contributing_net_ids":["bd2b6276-a7fe-4197-a967-101d706af8ed"]}},{"type":"Feature","geometry":{"type":"Polygon","coordinates":[[[27.435550499015967,71.01149838303988],[27.462395460365297,71.01149838303988],[27.462395460365297,71.02048149478979],[27.435550499015967,71.02048149478979],[27.435550499015967,71.01149838303988]]]},"properties":{"cell_id":"1022_7905","expected_nets":0.0015,"particle_count":3,"n_nets":3,"contributing_net_ids":["0b254efb-1769-4e93-a17e-11f0d9834bcc","8f616f35-37f7-4aef-813f-428b192fdd24","e5dc0a98-2f84-4a90-abe0-8b1a1d0116ed"]}},{"type":"Feature","geometry":{"type":"Polygon","coordinates":[[[27.48924042171463,71.07438016528926],[27.51608538306396,71.07438016528926],[27.51608538306396,71.08336327703917],[27.48924042171463,71.08336327703917],[27.48924042171463,71.07438016528926]]]},"properties":{"cell_id":"1024_7912","expected_nets":0.0015,"particle_count":6,"n_nets":6,"contributing_net_ids":["9267ffae-e862-4c0c-8303-e43fbba92f68","9e759843-4dd6-4b50-bc24-49bb88f8f082","cabe54b4-68f5-4047-9a69-f3a33abca056","e89f3dd1-1609-47c4-b490-a9358c7f09a8","eb7dd3b7-cce2-46a9-92d0-08b1c6f49b7d","fb076de6-0572-43d4-92cd-757bd343d372"]}},{"type":"Feature","geometry":{"type":"Polygon","coordinates":[[[27.51608538306396,70.99353215954007],[27.54293034441329,70.99353215954007],[27.54293034441329,71.00251527128998],[27.51608538306396,71.00251527128998],[27.51608538306396,70.99353215954007]]]},"properties":{"cell_id":"1025_7903","expected_nets":0.0015,"particle_count":6,"n_nets":5,"contributing_net_ids":["372da560-3ffc-4c03-9e63-083a0c2edeae","781d2769-3d71-4ed9-829d-d745be0fbd6e","9e759843-4dd6-4b50-bc24-49bb88f8f082","cabe54b4-68f5-4047-9a69-f3a33abca056","e89f3dd1-1609-47c4-b490-a9358c7f09a8"]}},{"type":"Feature","geometry":{"type":"Polygon","coordinates":[[[27.623465228461285,71.10132950053898],[27.650310189810615,71.10132950053898],[27.650310189810615,71.1103126122889],[27.623465228461285,71.1103126122889],[27.623465228461285,71.10132950053898]]]},"properties":{"cell_id":"1029_7915","expected_nets":0.0015,"particle_count":6,"n_nets":4,"contributing_net_ids":["0b254efb-1769-4e93-a17e-11f0d9834bcc","781d2769-3d71-4ed9-829d-d745be0fbd6e","c4c6d9a6-bf57-4182-966d-55046e277ae0","eb7dd3b7-cce2-46a9-92d0-08b1c6f49b7d"]}},{"type":"Feature","geometry":{"type":"Polygon","coordinates":[[[27.999294687351913,71.05641394178943],[28.026139648701243,71.05641394178943],[28.026139648701243,71.06539705353934],[27.999294687351913,71.06539705353934],[27.999294687351913,71.05641394178943]]]},"properties":{"cell_id":"1043_7910","expected_nets":0.0015,"particle_count":1,"n_nets":1,"contributing_net_ids":["bd2b6276-a7fe-4197-a967-101d706af8ed"]}},{"type":"Feature","geometry":{"type":"Polygon","coordinates":[[[28.724108643783843,70.82285303629178],[28.750953605133173,70.82285303629178],[28.750953605133173,70.83183614804169],[28.724108643783843,70.83183614804169],[28.724108643783843,70.82285303629178]]]},"properties":{"cell_id":"1070_7884","expected_nets":0.0015,"particle_count":1,"n_nets":1,"contributing_net_ids":["bd2b6276-a7fe-4197-a967-101d706af8ed"]}},{"type":"Feature","geometry":{"type":"Polygon","coordinates":[[[29.368387716167778,70.00538986704994],[29.395232677517107,70.00538986704994],[29.395232677517107,70.01437297879986],[29.368387716167778,70.01437297879986],[29.368387716167778,70.00538986704994]]]},"properties":{"cell_id":"1094_7793","expected_nets":0.0015,"particle_count":6,"n_nets":6,"contributing_net_ids":["183b3a5b-2fd0-4d2a-9c77-77281bb30173","5bc9b541-9afc-45ba-95db-3a4685de44a3","6ae9c1b0-2a7f-4315-a8f6-7e6491c6cb74","73b4a014-4822-4620-9d9e-4cc02ebf79ab","b826b39f-0f3c-499e-baf6-7ac015b5659d","c52841a4-c77e-4497-a4e9-73f605567542"]}},{"type":"Feature","geometry":{"type":"Polygon","coordinates":[[[30.281116402045022,69.8796263025512],[30.30796136339435,69.8796263025512],[30.30796136339435,69.88860941430111],[30.281116402045022,69.88860941430111],[30.281116402045022,69.8796263025512]]]},"properties":{"cell_id":"1128_7779","expected_nets":0.0015,"particle_count":6,"n_nets":4,"contributing_net_ids":["178a8ce9-4d9c-4e1e-b6b9-6131b016ac1f","2649e37d-4983-4386-bc52-e0093db3ec65","5ca74a64-d88d-45cb-a627-c8a2b8eea308","cd20f9be-e4bb-436b-ad0c-563775f7c010"]}},{"type":"Feature","geometry":{"type":"Polygon","coordinates":[[[30.30796136339435,70.61624146604383],[30.33480632474368,70.61624146604383],[30.33480632474368,70.62522457779374],[30.30796136339435,70.62522457779374],[30.30796136339435,70.61624146604383]]]},"properties":{"cell_id":"1129_7861","expected_nets":0.0015,"particle_count":3,"n_nets":3,"contributing_net_ids":["0998896f-06e6-4fff-aa6b-85723c189a4e","b31191d1-ab4d-46ca-9c4a-de20a2e095a1","b8992d3d-bdb5-448a-9ea1-25b236fc3a05"]}},{"type":"Feature","geometry":{"type":"Polygon","coordinates":[[[30.60325593823699,70.53539346029464],[30.63010089958632,70.53539346029464],[30.63010089958632,70.54437657204456],[30.60325593823699,70.54437657204456],[30.60325593823699,70.53539346029464]]]},"properties":{"cell_id":"1140_7852","expected_nets":0.0015,"particle_count":3,"n_nets":3,"contributing_net_ids":["0998896f-06e6-4fff-aa6b-85723c189a4e","2e3e2f82-02e3-45d3-9acb-e62d643605a6","d78d9010-3d05-4faf-a72b-008ae0f5db62"]}},{"type":"Feature","geometry":{"type":"Polygon","coordinates":[[[30.92539547442896,70.24793388429752],[30.95224043577829,70.24793388429752],[30.95224043577829,70.25691699604744],[30.92539547442896,70.25691699604744],[30.92539547442896,70.24793388429752]]]},"properties":{"cell_id":"1152_7820","expected_nets":0.0015,"particle_count":3,"n_nets":3,"contributing_net_ids":["41f2af17-7063-4598-998e-77215c5496ac","43c5d8b6-1fb3-465b-b441-487f33c6a908","cb0ddc2d-92e0-4234-b4cb-6ca7c091c319"]}},{"type":"Feature","geometry":{"type":"Polygon","coordinates":[[[31.140155165223604,70.38268056054618],[31.167000126572933,70.38268056054618],[31.167000126572933,70.39166367229609],[31.140155165223604,70.39166367229609],[31.140155165223604,70.38268056054618]]]},"properties":{"cell_id":"1160_7835","expected_nets":0.0015,"particle_count":3,"n_nets":3,"contributing_net_ids":["0998896f-06e6-4fff-aa6b-85723c189a4e","17b986f2-2962-4704-b0e1-eabe0cbc5fed","7b19e2f2-1e27-4d6f-91ec-fd230d20fe8e"]}},{"type":"Feature","geometry":{"type":"Polygon","coordinates":[[[32.02603888975152,69.7897951850521],[32.05288385110085,69.7897951850521],[32.05288385110085,69.79877829680201],[32.02603888975152,69.79877829680201],[32.02603888975152,69.7897951850521]]]},"properties":{"cell_id":"1193_7769","expected_nets":0.0015,"particle_count":3,"n_nets":2,"contributing_net_ids":["413b3abc-f65b-4b08-bae5-c33750216192","9b9bef93-e0fb-425f-b56f-fbf239eaa3e5"]}},{"type":"Feature","geometry":{"type":"Polygon","coordinates":[[[32.02603888975152,69.79877829680201],[32.05288385110085,69.79877829680201],[32.05288385110085,69.80776140855193],[32.02603888975152,69.80776140855193],[32.02603888975152,69.79877829680201]]]},"properties":{"cell_id":"1193_7770","expected_nets":0.0015,"particle_count":6,"n_nets":2,"contributing_net_ids":["413b3abc-f65b-4b08-bae5-c33750216192","8a3bdd3c-8344-4b09-8b3a-0f9a3d5dae08"]}},{"type":"Feature","geometry":{"type":"Polygon","coordinates":[[[32.85823269158077,69.77182896155229],[32.8850776529301,69.77182896155229],[32.8850776529301,69.7808120733022],[32.85823269158077,69.7808120733022],[32.85823269158077,69.77182896155229]]]},"properties":{"cell_id":"1224_7767","expected_nets":0.0015,"particle_count":3,"n_nets":3,"contributing_net_ids":["413b3abc-f65b-4b08-bae5-c33750216192","686eb669-1bde-4980-a523-5e9cf5270174","af60421e-dd2b-4078-918a-15ff5661dac7"]}},{"type":"Feature","geometry":{"type":"Polygon","coordinates":[[[25.23426366837085,71.0294646065397],[25.26110862972018,71.0294646065397],[25.26110862972018,71.03844771828962],[25.23426366837085,71.03844771828962],[25.23426366837085,71.0294646065397]]]},"properties":{"cell_id":"940_7907","expected_nets":0.0015,"particle_count":6,"n_nets":1,"contributing_net_ids":["c4c6d9a6-bf57-4182-966d-55046e277ae0"]}},{"type":"Feature","geometry":{"type":"Polygon","coordinates":[[[25.261108629720184,71.01149838303988],[25.287953591069513,71.01149838303988],[25.287953591069513,71.02048149478979],[25.261108629720184,71.02048149478979],[25.261108629720184,71.01149838303988]]]},"properties":{"cell_id":"941_7905","expected_nets":0.0015,"particle_count":6,"n_nets":1,"contributing_net_ids":["c4c6d9a6-bf57-4182-966d-55046e277ae0"]}},{"type":"Feature","geometry":{"type":"Polygon","coordinates":[[[25.314798552418843,71.12827883578872],[25.341643513768172,71.12827883578872],[25.341643513768172,71.13726194753863],[25.314798552418843,71.13726194753863],[25.314798552418843,71.12827883578872]]]},"properties":{"cell_id":"943_7918","expected_nets":0.0015,"particle_count":6,"n_nets":1,"contributing_net_ids":["c4c6d9a6-bf57-4182-966d-55046e277ae0"]}},{"type":"Feature","geometry":{"type":"Polygon","coordinates":[[[25.58324816591215,70.41861300754582],[25.61009312726148,70.41861300754582],[25.61009312726148,70.42759611929573],[25.58324816591215,70.42759611929573],[25.58324816591215,70.41861300754582]]]},"properties":{"cell_id":"953_7839","expected_nets":0.0015,"particle_count":6,"n_nets":2,"contributing_net_ids":["e75a847a-c3de-4b7e-a353-9f70acc6da3e","efe29baa-49f5-4eef-bf00-780fc94fd192"]}},{"type":"Feature","geometry":{"type":"Polygon","coordinates":[[[25.58324816591215,70.42759611929573],[25.61009312726148,70.42759611929573],[25.61009312726148,70.43657923104564],[25.58324816591215,70.43657923104564],[25.58324816591215,70.42759611929573]]]},"properties":{"cell_id":"953_7840","expected_nets":0.0015,"particle_count":6,"n_nets":2,"contributing_net_ids":["e75a847a-c3de-4b7e-a353-9f70acc6da3e","efe29baa-49f5-4eef-bf00-780fc94fd192"]}},{"type":"Feature","geometry":{"type":"Polygon","coordinates":[[[25.771162895357467,70.68810636004312],[25.798007856706796,70.68810636004312],[25.798007856706796,70.69708947179303],[25.771162895357467,70.69708947179303],[25.771162895357467,70.68810636004312]]]},"properties":{"cell_id":"960_7869","expected_nets":0.0015,"particle_count":6,"n_nets":3,"contributing_net_ids":["b68c38a7-1ccd-4ae6-9801-c4f2ce607946","e75a847a-c3de-4b7e-a353-9f70acc6da3e","efe29baa-49f5-4eef-bf00-780fc94fd192"]}},{"type":"Feature","geometry":{"type":"Polygon","coordinates":[[[25.824852818056126,70.94861660079052],[25.851697779405455,70.94861660079052],[25.851697779405455,70.95759971254043],[25.824852818056126,70.95759971254043],[25.824852818056126,70.94861660079052]]]},"properties":{"cell_id":"962_7898","expected_nets":0.0015,"particle_count":6,"n_nets":4,"contributing_net_ids":["0dc85fe8-24ce-4a5b-9c68-10fde23c3974","51ea4374-4f03-4957-b2d3-91e78f0021c5","a95c2f17-baa3-44dd-b464-4313692da315","d9de1f0e-7743-4a5a-950e-71a72e96bff4"]}},{"type":"Feature","geometry":{"type":"Polygon","coordinates":[[[25.905387702104118,70.96658282429033],[25.932232663453448,70.96658282429033],[25.932232663453448,70.97556593604024],[25.905387702104118,70.97556593604024],[25.905387702104118,70.96658282429033]]]},"properties":{"cell_id":"965_7900","expected_nets":0.0015,"particle_count":6,"n_nets":5,"contributing_net_ids":["0dc85fe8-24ce-4a5b-9c68-10fde23c3974","470db2b9-33e2-459d-b899-d527741f15ff","51ea4374-4f03-4957-b2d3-91e78f0021c5","a95c2f17-baa3-44dd-b464-4313692da315","d9de1f0e-7743-4a5a-950e-71a72e96bff4"]}},{"type":"Feature","geometry":{"type":"Polygon","coordinates":[[[26.254372199645417,70.82285303629178],[26.281217160994746,70.82285303629178],[26.281217160994746,70.83183614804169],[26.254372199645417,70.83183614804169],[26.254372199645417,70.82285303629178]]]},"properties":{"cell_id":"978_7884","expected_nets":0.0015,"particle_count":3,"n_nets":3,"contributing_net_ids":["470db2b9-33e2-459d-b899-d527741f15ff","5e862cee-8b9f-45d7-8ca0-daaa28a39706","8f616f35-37f7-4aef-813f-428b192fdd24"]}},{"type":"Feature","geometry":{"type":"Polygon","coordinates":[[[26.38859700639207,70.87675170679124],[26.4154419677414,70.87675170679124],[26.4154419677414,70.88573481854115],[26.38859700639207,70.88573481854115],[26.38859700639207,70.87675170679124]]]},"properties":{"cell_id":"983_7890","expected_nets":0.0015,"particle_count":6,"n_nets":4,"contributing_net_ids":["86fbc2f8-6e1e-4162-8855-d19e180e5ce9","a5827a71-1d16-4233-aebd-d14b478c5fff","b68c38a7-1ccd-4ae6-9801-c4f2ce607946","efe29baa-49f5-4eef-bf00-780fc94fd192"]}},{"type":"Feature","geometry":{"type":"Polygon","coordinates":[[[27.05972104012534,70.70607258354293],[27.08656600147467,70.70607258354293],[27.08656600147467,70.71505569529285],[27.05972104012534,70.71505569529285],[27.05972104012534,70.70607258354293]]]},"properties":{"cell_id":"1008_7871","expected_nets":0.0013,"particle_count":5,"n_nets":5,"contributing_net_ids":["5b5fdf6e-34fa-446c-a7f8-338b8f980dea","5e862cee-8b9f-45d7-8ca0-daaa28a39706","781d2769-3d71-4ed9-829d-d745be0fbd6e","92774a0e-6c8c-4eea-b18e-be40e50056f7","e89f3dd1-1609-47c4-b490-a9358c7f09a8"]}},{"type":"Feature","geometry":{"type":"Polygon","coordinates":[[[27.14025592417333,70.78692058929214],[27.16710088552266,70.78692058929214],[27.16710088552266,70.79590370104205],[27.14025592417333,70.79590370104205],[27.14025592417333,70.78692058929214]]]},"properties":{"cell_id":"1011_7880","expected_nets":0.0013,"particle_count":5,"n_nets":5,"contributing_net_ids":["01a0254d-21d3-43e2-a1f8-1df90cc7a881","5b5fdf6e-34fa-446c-a7f8-338b8f980dea","5e862cee-8b9f-45d7-8ca0-daaa28a39706","a5827a71-1d16-4233-aebd-d14b478c5fff","eef2472f-e20e-4582-83ca-9fccd623673e"]}},{"type":"Feature","geometry":{"type":"Polygon","coordinates":[[[27.247635769570653,70.78692058929214],[27.274480730919983,70.78692058929214],[27.274480730919983,70.79590370104205],[27.247635769570653,70.79590370104205],[27.247635769570653,70.78692058929214]]]},"properties":{"cell_id":"1015_7880","expected_nets":0.0013,"particle_count":5,"n_nets":5,"contributing_net_ids":["0b254efb-1769-4e93-a17e-11f0d9834bcc","2c38e76b-b975-4368-8686-873e9d17b862","cabe54b4-68f5-4047-9a69-f3a33abca056","e89f3dd1-1609-47c4-b490-a9358c7f09a8","eb7dd3b7-cce2-46a9-92d0-08b1c6f49b7d"]}},{"type":"Feature","geometry":{"type":"Polygon","coordinates":[[[27.247635769570653,70.98454904779015],[27.274480730919983,70.98454904779015],[27.274480730919983,70.99353215954007],[27.247635769570653,70.99353215954007],[27.247635769570653,70.98454904779015]]]},"properties":{"cell_id":"1015_7902","expected_nets":0.0013,"particle_count":2,"n_nets":2,"contributing_net_ids":["9e759843-4dd6-4b50-bc24-49bb88f8f082","d78d9010-3d05-4faf-a72b-008ae0f5db62"]}},{"type":"Feature","geometry":{"type":"Polygon","coordinates":[[[27.48924042171463,71.00251527128998],[27.51608538306396,71.00251527128998],[27.51608538306396,71.01149838303989],[27.48924042171463,71.01149838303989],[27.48924042171463,71.00251527128998]]]},"properties":{"cell_id":"1024_7904","expected_nets":0.0013,"particle_count":2,"n_nets":2,"contributing_net_ids":["cabe54b4-68f5-4047-9a69-f3a33abca056","d78d9010-3d05-4faf-a72b-008ae0f5db62"]}},{"type":"Feature","geometry":{"type":"Polygon","coordinates":[[[27.542930344413293,71.10132950053898],[27.569775305762622,71.10132950053898],[27.569775305762622,71.1103126122889],[27.542930344413293,71.1103126122889],[27.542930344413293,71.10132950053898]]]},"properties":{"cell_id":"1026_7915","expected_nets":0.0013,"particle_count":5,"n_nets":4,"contributing_net_ids":["01a0254d-21d3-43e2-a1f8-1df90cc7a881","86fbc2f8-6e1e-4162-8855-d19e180e5ce9","a5827a71-1d16-4233-aebd-d14b478c5fff","c4c6d9a6-bf57-4182-966d-55046e277ae0"]}},{"type":"Feature","geometry":{"type":"Polygon","coordinates":[[[27.569775305762622,71.10132950053898],[27.596620267111952,71.10132950053898],[27.596620267111952,71.1103126122889],[27.569775305762622,71.1103126122889],[27.569775305762622,71.10132950053898]]]},"properties":{"cell_id":"1027_7915","expected_nets":0.0013,"particle_count":2,"n_nets":2,"contributing_net_ids":["372da560-3ffc-4c03-9e63-083a0c2edeae","d78d9010-3d05-4faf-a72b-008ae0f5db62"]}},{"type":"Feature","geometry":{"type":"Polygon","coordinates":[[[27.596620267111952,71.10132950053898],[27.62346522846128,71.10132950053898],[27.62346522846128,71.1103126122889],[27.596620267111952,71.1103126122889],[27.596620267111952,71.10132950053898]]]},"properties":{"cell_id":"1028_7915","expected_nets":0.0013,"particle_count":2,"n_nets":2,"contributing_net_ids":["17b986f2-2962-4704-b0e1-eabe0cbc5fed","d78d9010-3d05-4faf-a72b-008ae0f5db62"]}},{"type":"Feature","geometry":{"type":"Polygon","coordinates":[[[28.965713295927817,70.87675170679124],[28.992558257277146,70.87675170679124],[28.992558257277146,70.88573481854115],[28.965713295927817,70.88573481854115],[28.965713295927817,70.87675170679124]]]},"properties":{"cell_id":"1079_7890","expected_nets":0.0013,"particle_count":5,"n_nets":4,"contributing_net_ids":["15e549ea-ffd5-4ec2-98b7-32276621e3f2","17b986f2-2962-4704-b0e1-eabe0cbc5fed","781d2769-3d71-4ed9-829d-d745be0fbd6e","e5dc0a98-2f84-4a90-abe0-8b1a1d0116ed"]}},{"type":"Feature","geometry":{"type":"Polygon","coordinates":[[[28.99255825727715,70.86776859504133],[29.01940321862648,70.86776859504133],[29.01940321862648,70.87675170679124],[28.99255825727715,70.87675170679124],[28.99255825727715,70.86776859504133]]]},"properties":{"cell_id":"1080_7889","expected_nets":0.0013,"particle_count":2,"n_nets":2,"contributing_net_ids":["2e00546b-1350-4f4a-84bd-55da3dcb55ed","8f616f35-37f7-4aef-813f-428b192fdd24"]}},{"type":"Feature","geometry":{"type":"Polygon","coordinates":[[[29.85159702045573,69.90657563780094],[29.87844198180506,69.90657563780094],[29.87844198180506,69.91555874955085],[29.85159702045573,69.91555874955085],[29.85159702045573,69.90657563780094]]]},"properties":{"cell_id":"1112_7782","expected_nets":0.0013,"particle_count":5,"n_nets":3,"contributing_net_ids":["39d2f659-e666-4b43-ab4a-c4439252e729","444ac6fa-3c86-44c4-a0b0-2e7d79922517","73b4a014-4822-4620-9d9e-4cc02ebf79ab"]}},{"type":"Feature","geometry":{"type":"Polygon","coordinates":[[[30.039511749901045,69.8796263025512],[30.066356711250375,69.8796263025512],[30.066356711250375,69.88860941430111],[30.039511749901045,69.88860941430111],[30.039511749901045,69.8796263025512]]]},"properties":{"cell_id":"1119_7779","expected_nets":0.0013,"particle_count":5,"n_nets":5,"contributing_net_ids":["2649e37d-4983-4386-bc52-e0093db3ec65","39d2f659-e666-4b43-ab4a-c4439252e729","5ca74a64-d88d-45cb-a627-c8a2b8eea308","6ae9c1b0-2a7f-4315-a8f6-7e6491c6cb74","cd20f9be-e4bb-436b-ad0c-563775f7c010"]}},{"type":"Feature","geometry":{"type":"Polygon","coordinates":[[[30.1737365566477,69.8796263025512],[30.20058151799703,69.8796263025512],[30.20058151799703,69.88860941430111],[30.1737365566477,69.88860941430111],[30.1737365566477,69.8796263025512]]]},"properties":{"cell_id":"1124_7779","expected_nets":0.0013,"particle_count":5,"n_nets":5,"contributing_net_ids":["178a8ce9-4d9c-4e1e-b6b9-6131b016ac1f","2649e37d-4983-4386-bc52-e0093db3ec65","5ca74a64-d88d-45cb-a627-c8a2b8eea308","6c6c4be3-4036-4a62-8c92-47730a8c7aeb","cd20f9be-e4bb-436b-ad0c-563775f7c010"]}},{"type":"Feature","geometry":{"type":"Polygon","coordinates":[[[30.522721054189,70.53539346029464],[30.54956601553833,70.53539346029464],[30.54956601553833,70.54437657204456],[30.522721054189,70.54437657204456],[30.522721054189,70.53539346029464]]]},"properties":{"cell_id":"1137_7852","expected_nets":0.0013,"particle_count":2,"n_nets":2,"contributing_net_ids":["b31191d1-ab4d-46ca-9c4a-de20a2e095a1","f387c842-0089-4044-8b4a-ccc41db5ee20"]}},{"type":"Feature","geometry":{"type":"Polygon","coordinates":[[[30.844860590380968,70.26590010779734],[30.871705551730297,70.26590010779734],[30.871705551730297,70.27488321954725],[30.844860590380968,70.27488321954725],[30.844860590380968,70.26590010779734]]]},"properties":{"cell_id":"1149_7822","expected_nets":0.0013,"particle_count":2,"n_nets":2,"contributing_net_ids":["43c5d8b6-1fb3-465b-b441-487f33c6a908","bc3ed7a1-c829-44b9-9a0c-f2ea4fcc06b7"]}},{"type":"Feature","geometry":{"type":"Polygon","coordinates":[[[30.898550513079627,70.26590010779734],[30.925395474428957,70.26590010779734],[30.925395474428957,70.27488321954725],[30.898550513079627,70.27488321954725],[30.898550513079627,70.26590010779734]]]},"properties":{"cell_id":"1151_7822","expected_nets":0.0013,"particle_count":2,"n_nets":2,"contributing_net_ids":["bc3ed7a1-c829-44b9-9a0c-f2ea4fcc06b7","cb0ddc2d-92e0-4234-b4cb-6ca7c091c319"]}},{"type":"Feature","geometry":{"type":"Polygon","coordinates":[[[30.95224043577829,70.26590010779734],[30.97908539712762,70.26590010779734],[30.97908539712762,70.27488321954725],[30.95224043577829,70.27488321954725],[30.95224043577829,70.26590010779734]]]},"properties":{"cell_id":"1153_7822","expected_nets":0.0013,"particle_count":2,"n_nets":2,"contributing_net_ids":["bc3ed7a1-c829-44b9-9a0c-f2ea4fcc06b7","cb0ddc2d-92e0-4234-b4cb-6ca7c091c319"]}},{"type":"Feature","geometry":{"type":"Polygon","coordinates":[[[31.005930358476952,70.28386633129716],[31.032775319826282,70.28386633129716],[31.032775319826282,70.29284944304707],[31.005930358476952,70.29284944304707],[31.005930358476952,70.28386633129716]]]},"properties":{"cell_id":"1155_7824","expected_nets":0.0013,"particle_count":2,"n_nets":2,"contributing_net_ids":["43c5d8b6-1fb3-465b-b441-487f33c6a908","bc3ed7a1-c829-44b9-9a0c-f2ea4fcc06b7"]}},{"type":"Feature","geometry":{"type":"Polygon","coordinates":[[[31.623364469511557,69.67301473230327],[31.650209430860887,69.67301473230327],[31.650209430860887,69.68199784405319],[31.623364469511557,69.68199784405319],[31.623364469511557,69.67301473230327]]]},"properties":{"cell_id":"1178_7756","expected_nets":0.0013,"particle_count":5,"n_nets":4,"contributing_net_ids":["444ac6fa-3c86-44c4-a0b0-2e7d79922517","59cde757-4957-437b-86cd-8d9932cbb5a2","5bc9b541-9afc-45ba-95db-3a4685de44a3","cb0ddc2d-92e0-4234-b4cb-6ca7c091c319"]}},{"type":"Feature","geometry":{"type":"Polygon","coordinates":[[[31.623364469511557,69.81674452030184],[31.650209430860887,69.81674452030184],[31.650209430860887,69.82572763205175],[31.623364469511557,69.82572763205175],[31.623364469511557,69.81674452030184]]]},"properties":{"cell_id":"1178_7772","expected_nets":0.0013,"particle_count":2,"n_nets":2,"contributing_net_ids":["413b3abc-f65b-4b08-bae5-c33750216192","bc3ed7a1-c829-44b9-9a0c-f2ea4fcc06b7"]}},{"type":"Feature","geometry":{"type":"Polygon","coordinates":[[[31.70389935355955,69.77182896155229],[31.73074431490888,69.77182896155229],[31.73074431490888,69.7808120733022],[31.70389935355955,69.7808120733022],[31.70389935355955,69.77182896155229]]]},"properties":{"cell_id":"1181_7767","expected_nets":0.0013,"particle_count":5,"n_nets":4,"contributing_net_ids":["37e8bf79-8d0c-4820-9b6c-98fdaa828590","39d2f659-e666-4b43-ab4a-c4439252e729","413b3abc-f65b-4b08-bae5-c33750216192","b44ee1c5-8e80-49ac-93f1-e4399df11d7f"]}},{"type":"Feature","geometry":{"type":"Polygon","coordinates":[[[31.73074431490888,69.81674452030184],[31.75758927625821,69.81674452030184],[31.75758927625821,69.82572763205175],[31.73074431490888,69.82572763205175],[31.73074431490888,69.81674452030184]]]},"properties":{"cell_id":"1182_7772","expected_nets":0.0013,"particle_count":5,"n_nets":4,"contributing_net_ids":["413b3abc-f65b-4b08-bae5-c33750216192","444ac6fa-3c86-44c4-a0b0-2e7d79922517","8a3bdd3c-8344-4b09-8b3a-0f9a3d5dae08","b44ee1c5-8e80-49ac-93f1-e4399df11d7f"]}},{"type":"Feature","geometry":{"type":"Polygon","coordinates":[[[31.78443423760754,69.67301473230327],[31.81127919895687,69.67301473230327],[31.81127919895687,69.68199784405319],[31.78443423760754,69.68199784405319],[31.78443423760754,69.67301473230327]]]},"properties":{"cell_id":"1184_7756","expected_nets":0.0013,"particle_count":5,"n_nets":3,"contributing_net_ids":["39d2f659-e666-4b43-ab4a-c4439252e729","444ac6fa-3c86-44c4-a0b0-2e7d79922517","822fb14e-3e5d-4d49-842e-39d6f5621e8b"]}},{"type":"Feature","geometry":{"type":"Polygon","coordinates":[[[31.891814083004864,69.89759252605103],[31.918659044354193,69.89759252605103],[31.918659044354193,69.90657563780094],[31.891814083004864,69.90657563780094],[31.891814083004864,69.89759252605103]]]},"properties":{"cell_id":"1188_7781","expected_nets":0.0013,"particle_count":2,"n_nets":2,"contributing_net_ids":["af60421e-dd2b-4078-918a-15ff5661dac7","bc3ed7a1-c829-44b9-9a0c-f2ea4fcc06b7"]}},{"type":"Feature","geometry":{"type":"Polygon","coordinates":[[[31.945504005703526,69.84369385555156],[31.972348967052856,69.84369385555156],[31.972348967052856,69.85267696730148],[31.945504005703526,69.85267696730148],[31.945504005703526,69.84369385555156]]]},"properties":{"cell_id":"1190_7775","expected_nets":0.0013,"particle_count":2,"n_nets":2,"contributing_net_ids":["bc3ed7a1-c829-44b9-9a0c-f2ea4fcc06b7","cb0ddc2d-92e0-4234-b4cb-6ca7c091c319"]}},{"type":"Feature","geometry":{"type":"Polygon","coordinates":[[[31.945504005703526,69.8796263025512],[31.972348967052856,69.8796263025512],[31.972348967052856,69.88860941430111],[31.945504005703526,69.88860941430111],[31.945504005703526,69.8796263025512]]]},"properties":{"cell_id":"1190_7779","expected_nets":0.0013,"particle_count":5,"n_nets":1,"contributing_net_ids":["413b3abc-f65b-4b08-bae5-c33750216192"]}},{"type":"Feature","geometry":{"type":"Polygon","coordinates":[[[31.945504005703526,69.88860941430111],[31.972348967052856,69.88860941430111],[31.972348967052856,69.89759252605103],[31.945504005703526,69.89759252605103],[31.945504005703526,69.88860941430111]]]},"properties":{"cell_id":"1190_7780","expected_nets":0.0013,"particle_count":5,"n_nets":4,"contributing_net_ids":["285cb79f-371f-48f7-ad51-d9c0c62f9384","413b3abc-f65b-4b08-bae5-c33750216192","491a8576-d12c-4378-8c01-07c2717e4a07","8a3bdd3c-8344-4b09-8b3a-0f9a3d5dae08"]}},{"type":"Feature","geometry":{"type":"Polygon","coordinates":[[[25.20741870702152,70.38268056054618],[25.23426366837085,70.38268056054618],[25.23426366837085,70.39166367229609],[25.20741870702152,70.39166367229609],[25.20741870702152,70.38268056054618]]]},"properties":{"cell_id":"939_7835","expected_nets":0.0013,"particle_count":5,"n_nets":2,"contributing_net_ids":["e75a847a-c3de-4b7e-a353-9f70acc6da3e","efe29baa-49f5-4eef-bf00-780fc94fd192"]}},{"type":"Feature","geometry":{"type":"Polygon","coordinates":[[[25.368488475117505,71.1192957240388],[25.395333436466835,71.1192957240388],[25.395333436466835,71.12827883578872],[25.368488475117505,71.12827883578872],[25.368488475117505,71.1192957240388]]]},"properties":{"cell_id":"945_7917","expected_nets":0.0013,"particle_count":5,"n_nets":1,"contributing_net_ids":["c4c6d9a6-bf57-4182-966d-55046e277ae0"]}},{"type":"Feature","geometry":{"type":"Polygon","coordinates":[[[25.55640320456282,70.70607258354293],[25.58324816591215,70.70607258354293],[25.58324816591215,70.71505569529285],[25.55640320456282,70.71505569529285],[25.55640320456282,70.70607258354293]]]},"properties":{"cell_id":"952_7871","expected_nets":0.0013,"particle_count":5,"n_nets":2,"contributing_net_ids":["e75a847a-c3de-4b7e-a353-9f70acc6da3e","efe29baa-49f5-4eef-bf00-780fc94fd192"]}},{"type":"Feature","geometry":{"type":"Polygon","coordinates":[[[25.610093127261482,70.42759611929573],[25.636938088610812,70.42759611929573],[25.636938088610812,70.43657923104564],[25.610093127261482,70.43657923104564],[25.610093127261482,70.42759611929573]]]},"properties":{"cell_id":"954_7840","expected_nets":0.0013,"particle_count":5,"n_nets":1,"contributing_net_ids":["e75a847a-c3de-4b7e-a353-9f70acc6da3e"]}},{"type":"Feature","geometry":{"type":"Polygon","coordinates":[[[25.690628011309474,70.49047790154509],[25.717472972658804,70.49047790154509],[25.717472972658804,70.499461013295],[25.690628011309474,70.499461013295],[25.690628011309474,70.49047790154509]]]},"properties":{"cell_id":"957_7847","expected_nets":0.0013,"particle_count":5,"n_nets":3,"contributing_net_ids":["b68c38a7-1ccd-4ae6-9801-c4f2ce607946","e75a847a-c3de-4b7e-a353-9f70acc6da3e","efe29baa-49f5-4eef-bf00-780fc94fd192"]}},{"type":"Feature","geometry":{"type":"Polygon","coordinates":[[[25.717472972658804,70.499461013295],[25.744317934008134,70.499461013295],[25.744317934008134,70.50844412504492],[25.717472972658804,70.50844412504492],[25.717472972658804,70.499461013295]]]},"properties":{"cell_id":"958_7848","expected_nets":0.0013,"particle_count":5,"n_nets":2,"contributing_net_ids":["b68c38a7-1ccd-4ae6-9801-c4f2ce607946","e75a847a-c3de-4b7e-a353-9f70acc6da3e"]}},{"type":"Feature","geometry":{"type":"Polygon","coordinates":[[[25.717472972658804,70.9396334890406],[25.744317934008134,70.9396334890406],[25.744317934008134,70.94861660079052],[25.717472972658804,70.94861660079052],[25.717472972658804,70.9396334890406]]]},"properties":{"cell_id":"958_7897","expected_nets":0.0013,"particle_count":5,"n_nets":3,"contributing_net_ids":["0dc85fe8-24ce-4a5b-9c68-10fde23c3974","470db2b9-33e2-459d-b899-d527741f15ff","51ea4374-4f03-4957-b2d3-91e78f0021c5"]}},{"type":"Feature","geometry":{"type":"Polygon","coordinates":[[[25.744317934008134,70.97556593604024],[25.771162895357463,70.97556593604024],[25.771162895357463,70.98454904779015],[25.744317934008134,70.98454904779015],[25.744317934008134,70.97556593604024]]]},"properties":{"cell_id":"959_7901","expected_nets":0.0013,"particle_count":5,"n_nets":3,"contributing_net_ids":["0dc85fe8-24ce-4a5b-9c68-10fde23c3974","1856880d-fea0-414e-9d9b-151b7bafb7eb","d9de1f0e-7743-4a5a-950e-71a72e96bff4"]}},{"type":"Feature","geometry":{"type":"Polygon","coordinates":[[[25.824852818056126,70.54437657204456],[25.851697779405455,70.54437657204456],[25.851697779405455,70.55335968379447],[25.824852818056126,70.55335968379447],[25.824852818056126,70.54437657204456]]]},"properties":{"cell_id":"962_7853","expected_nets":0.0013,"particle_count":5,"n_nets":3,"contributing_net_ids":["b68c38a7-1ccd-4ae6-9801-c4f2ce607946","e75a847a-c3de-4b7e-a353-9f70acc6da3e","efe29baa-49f5-4eef-bf00-780fc94fd192"]}},{"type":"Feature","geometry":{"type":"Polygon","coordinates":[[[25.824852818056126,70.7599712540424],[25.851697779405455,70.7599712540424],[25.851697779405455,70.76895436579231],[25.824852818056126,70.76895436579231],[25.824852818056126,70.7599712540424]]]},"properties":{"cell_id":"962_7877","expected_nets":0.0013,"particle_count":2,"n_nets":2,"contributing_net_ids":["8f616f35-37f7-4aef-813f-428b192fdd24","efe29baa-49f5-4eef-bf00-780fc94fd192"]}},{"type":"Feature","geometry":{"type":"Polygon","coordinates":[[[25.85169777940546,70.70607258354293],[25.87854274075479,70.70607258354293],[25.87854274075479,70.71505569529285],[25.85169777940546,70.71505569529285],[25.85169777940546,70.70607258354293]]]},"properties":{"cell_id":"963_7871","expected_nets":0.0013,"particle_count":5,"n_nets":4,"contributing_net_ids":["470db2b9-33e2-459d-b899-d527741f15ff","b68c38a7-1ccd-4ae6-9801-c4f2ce607946","e75a847a-c3de-4b7e-a353-9f70acc6da3e","efe29baa-49f5-4eef-bf00-780fc94fd192"]}},{"type":"Feature","geometry":{"type":"Polygon","coordinates":[[[25.95907762480278,70.96658282429033],[25.98592258615211,70.96658282429033],[25.98592258615211,70.97556593604024],[25.95907762480278,70.97556593604024],[25.95907762480278,70.96658282429033]]]},"properties":{"cell_id":"967_7900","expected_nets":0.0013,"particle_count":5,"n_nets":3,"contributing_net_ids":["0dc85fe8-24ce-4a5b-9c68-10fde23c3974","51ea4374-4f03-4957-b2d3-91e78f0021c5","d9de1f0e-7743-4a5a-950e-71a72e96bff4"]}},{"type":"Feature","geometry":{"type":"Polygon","coordinates":[[[26.012767547501443,70.68810636004312],[26.039612508850773,70.68810636004312],[26.039612508850773,70.69708947179303],[26.012767547501443,70.69708947179303],[26.012767547501443,70.68810636004312]]]},"properties":{"cell_id":"969_7869","expected_nets":0.0013,"particle_count":2,"n_nets":2,"contributing_net_ids":["8f616f35-37f7-4aef-813f-428b192fdd24","e75a847a-c3de-4b7e-a353-9f70acc6da3e"]}},{"type":"Feature","geometry":{"type":"Polygon","coordinates":[[[26.28121716099475,70.82285303629178],[26.30806212234408,70.82285303629178],[26.30806212234408,70.83183614804169],[26.28121716099475,70.83183614804169],[26.28121716099475,70.82285303629178]]]},"properties":{"cell_id":"979_7884","expected_nets":0.0013,"particle_count":2,"n_nets":2,"contributing_net_ids":["8f616f35-37f7-4aef-813f-428b192fdd24","b68c38a7-1ccd-4ae6-9801-c4f2ce607946"]}},{"type":"Feature","geometry":{"type":"Polygon","coordinates":[[[26.361752045042742,70.86776859504133],[26.38859700639207,70.86776859504133],[26.38859700639207,70.87675170679124],[26.361752045042742,70.87675170679124],[26.361752045042742,70.86776859504133]]]},"properties":{"cell_id":"982_7889","expected_nets":0.0013,"particle_count":5,"n_nets":5,"contributing_net_ids":["501f7877-ea08-4c1e-bb0c-f805d7b93531","568c48d8-7903-40cc-9fda-3bb3c1d00a00","a5827a71-1d16-4233-aebd-d14b478c5fff","b68c38a7-1ccd-4ae6-9801-c4f2ce607946","eb7dd3b7-cce2-46a9-92d0-08b1c6f49b7d"]}},{"type":"Feature","geometry":{"type":"Polygon","coordinates":[[[26.361752045042742,70.87675170679124],[26.38859700639207,70.87675170679124],[26.38859700639207,70.88573481854115],[26.361752045042742,70.88573481854115],[26.361752045042742,70.87675170679124]]]},"properties":{"cell_id":"982_7890","expected_nets":0.0013,"particle_count":5,"n_nets":3,"contributing_net_ids":["5e862cee-8b9f-45d7-8ca0-daaa28a39706","b68c38a7-1ccd-4ae6-9801-c4f2ce607946","e89f3dd1-1609-47c4-b490-a9358c7f09a8"]}},{"type":"Feature","geometry":{"type":"Polygon","coordinates":[[[26.71073654258404,70.84081925979159],[26.73758150393337,70.84081925979159],[26.73758150393337,70.8498023715415],[26.71073654258404,70.8498023715415],[26.71073654258404,70.84081925979159]]]},"properties":{"cell_id":"995_7886","expected_nets":0.0013,"particle_count":2,"n_nets":2,"contributing_net_ids":["8f616f35-37f7-4aef-813f-428b192fdd24","fb076de6-0572-43d4-92cd-757bd343d372"]}},{"type":"Feature","geometry":{"type":"Polygon","coordinates":[[[27.03287607877601,70.69708947179303],[27.05972104012534,70.69708947179303],[27.05972104012534,70.70607258354295],[27.03287607877601,70.70607258354295],[27.03287607877601,70.69708947179303]]]},"properties":{"cell_id":"1007_7870","expected_nets":0.001,"particle_count":1,"n_nets":1,"contributing_net_ids":["8f616f35-37f7-4aef-813f-428b192fdd24"]}},{"type":"Feature","geometry":{"type":"Polygon","coordinates":[[[27.08656600147467,70.67912324829321],[27.113410962824,70.67912324829321],[27.113410962824,70.68810636004312],[27.08656600147467,70.68810636004312],[27.08656600147467,70.67912324829321]]]},"properties":{"cell_id":"1009_7868","expected_nets":0.001,"particle_count":4,"n_nets":4,"contributing_net_ids":["0b254efb-1769-4e93-a17e-11f0d9834bcc","2c38e76b-b975-4368-8686-873e9d17b862","372da560-3ffc-4c03-9e63-083a0c2edeae","a5827a71-1d16-4233-aebd-d14b478c5fff"]}},{"type":"Feature","geometry":{"type":"Polygon","coordinates":[[[27.08656600147467,70.69708947179303],[27.113410962824,70.69708947179303],[27.113410962824,70.70607258354295],[27.08656600147467,70.70607258354295],[27.08656600147467,70.69708947179303]]]},"properties":{"cell_id":"1009_7870","expected_nets":0.001,"particle_count":1,"n_nets":1,"contributing_net_ids":["d78d9010-3d05-4faf-a72b-008ae0f5db62"]}},{"type":"Feature","geometry":{"type":"Polygon","coordinates":[[[27.220790808221324,70.95759971254043],[27.247635769570653,70.95759971254043],[27.247635769570653,70.96658282429034],[27.220790808221324,70.96658282429034],[27.220790808221324,70.95759971254043]]]},"properties":{"cell_id":"1014_7899","expected_nets":0.001,"particle_count":4,"n_nets":4,"contributing_net_ids":["15e549ea-ffd5-4ec2-98b7-32276621e3f2","17b986f2-2962-4704-b0e1-eabe0cbc5fed","5b5fdf6e-34fa-446c-a7f8-338b8f980dea","92774a0e-6c8c-4eea-b18e-be40e50056f7"]}},{"type":"Feature","geometry":{"type":"Polygon","coordinates":[[[27.247635769570653,70.80488681279195],[27.274480730919983,70.80488681279195],[27.274480730919983,70.81386992454186],[27.247635769570653,70.81386992454186],[27.247635769570653,70.80488681279195]]]},"properties":{"cell_id":"1015_7882","expected_nets":0.001,"particle_count":4,"n_nets":4,"contributing_net_ids":["0b254efb-1769-4e93-a17e-11f0d9834bcc","9e759843-4dd6-4b50-bc24-49bb88f8f082","a5827a71-1d16-4233-aebd-d14b478c5fff","fb076de6-0572-43d4-92cd-757bd343d372"]}},{"type":"Feature","geometry":{"type":"Polygon","coordinates":[[[27.51608538306396,71.08336327703917],[27.54293034441329,71.08336327703917],[27.54293034441329,71.09234638878908],[27.51608538306396,71.09234638878908],[27.51608538306396,71.08336327703917]]]},"properties":{"cell_id":"1025_7913","expected_nets":0.001,"particle_count":1,"n_nets":1,"contributing_net_ids":["d78d9010-3d05-4faf-a72b-008ae0f5db62"]}},{"type":"Feature","geometry":{"type":"Polygon","coordinates":[[[27.650310189810615,71.1192957240388],[27.677155151159944,71.1192957240388],[27.677155151159944,71.12827883578872],[27.650310189810615,71.12827883578872],[27.650310189810615,71.1192957240388]]]},"properties":{"cell_id":"1030_7917","expected_nets":0.001,"particle_count":1,"n_nets":1,"contributing_net_ids":["8f616f35-37f7-4aef-813f-428b192fdd24"]}},{"type":"Feature","geometry":{"type":"Polygon","coordinates":[[[27.784534996557266,71.05641394178943],[27.811379957906595,71.05641394178943],[27.811379957906595,71.06539705353934],[27.784534996557266,71.06539705353934],[27.784534996557266,71.05641394178943]]]},"properties":{"cell_id":"1035_7910","expected_nets":0.001,"particle_count":1,"n_nets":1,"contributing_net_ids":["50ab96ff-2523-45d1-8595-00b37a28f29e"]}},{"type":"Feature","geometry":{"type":"Polygon","coordinates":[[[27.972449726002584,71.07438016528926],[27.999294687351913,71.07438016528926],[27.999294687351913,71.08336327703917],[27.972449726002584,71.08336327703917],[27.972449726002584,71.07438016528926]]]},"properties":{"cell_id":"1042_7912","expected_nets":0.001,"particle_count":1,"n_nets":1,"contributing_net_ids":["8f616f35-37f7-4aef-813f-428b192fdd24"]}},{"type":"Feature","geometry":{"type":"Polygon","coordinates":[[[29.073093141325142,70.0592885375494],[29.09993810267447,70.0592885375494],[29.09993810267447,70.06827164929932],[29.073093141325142,70.06827164929932],[29.073093141325142,70.0592885375494]]]},"properties":{"cell_id":"1083_7799","expected_nets":0.001,"particle_count":4,"n_nets":1,"contributing_net_ids":["c52841a4-c77e-4497-a4e9-73f605567542"]}},{"type":"Feature","geometry":{"type":"Polygon","coordinates":[[[29.073093141325142,70.86776859504133],[29.09993810267447,70.86776859504133],[29.09993810267447,70.87675170679124],[29.073093141325142,70.87675170679124],[29.073093141325142,70.86776859504133]]]},"properties":{"cell_id":"1083_7889","expected_nets":0.001,"particle_count":4,"n_nets":3,"contributing_net_ids":["2e00546b-1350-4f4a-84bd-55da3dcb55ed","372da560-3ffc-4c03-9e63-083a0c2edeae","456e18aa-ddf2-494e-b309-badf3802d91f"]}},{"type":"Feature","geometry":{"type":"Polygon","coordinates":[[[29.8247520591064,69.90657563780094],[29.85159702045573,69.90657563780094],[29.85159702045573,69.91555874955085],[29.8247520591064,69.91555874955085],[29.8247520591064,69.90657563780094]]]},"properties":{"cell_id":"1111_7782","expected_nets":0.001,"particle_count":4,"n_nets":4,"contributing_net_ids":["0044b29c-5a23-4047-8f64-6763e05133e4","2a840416-2518-4cd8-9332-09ee6dfac95f","37e8bf79-8d0c-4820-9b6c-98fdaa828590","6b2ff976-a86c-46ff-9367-7349073cc0be"]}},{"type":"Feature","geometry":{"type":"Polygon","coordinates":[[[29.932131904503724,69.89759252605103],[29.958976865853053,69.89759252605103],[29.958976865853053,69.90657563780094],[29.932131904503724,69.90657563780094],[29.932131904503724,69.89759252605103]]]},"properties":{"cell_id":"1115_7781","expected_nets":0.001,"particle_count":4,"n_nets":4,"contributing_net_ids":["178a8ce9-4d9c-4e1e-b6b9-6131b016ac1f","2a840416-2518-4cd8-9332-09ee6dfac95f","6b2ff976-a86c-46ff-9367-7349073cc0be","cd20f9be-e4bb-436b-ad0c-563775f7c010"]}},{"type":"Feature","geometry":{"type":"Polygon","coordinates":[[[29.985821827202386,70.06827164929932],[30.012666788551716,70.06827164929932],[30.012666788551716,70.07725476104923],[29.985821827202386,70.07725476104923],[29.985821827202386,70.06827164929932]]]},"properties":{"cell_id":"1117_7800","expected_nets":0.001,"particle_count":4,"n_nets":3,"contributing_net_ids":["183b3a5b-2fd0-4d2a-9c77-77281bb30173","444ac6fa-3c86-44c4-a0b0-2e7d79922517","59cde757-4957-437b-86cd-8d9932cbb5a2"]}},{"type":"Feature","geometry":{"type":"Polygon","coordinates":[[[30.012666788551716,69.87064319080129],[30.039511749901045,69.87064319080129],[30.039511749901045,69.8796263025512],[30.012666788551716,69.8796263025512],[30.012666788551716,69.87064319080129]]]},"properties":{"cell_id":"1118_7778","expected_nets":0.001,"particle_count":4,"n_nets":4,"contributing_net_ids":["39d2f659-e666-4b43-ab4a-c4439252e729","5ca74a64-d88d-45cb-a627-c8a2b8eea308","6b2ff976-a86c-46ff-9367-7349073cc0be","b826b39f-0f3c-499e-baf6-7ac015b5659d"]}},{"type":"Feature","geometry":{"type":"Polygon","coordinates":[[[30.039511749901045,70.70607258354293],[30.066356711250375,70.70607258354293],[30.066356711250375,70.71505569529285],[30.039511749901045,70.71505569529285],[30.039511749901045,70.70607258354293]]]},"properties":{"cell_id":"1119_7871","expected_nets":0.001,"particle_count":4,"n_nets":4,"contributing_net_ids":["2e3e2f82-02e3-45d3-9acb-e62d643605a6","a5f2d7f3-60b1-400b-8f91-f6403d9e7442","b31191d1-ab4d-46ca-9c4a-de20a2e095a1","e89f3dd1-1609-47c4-b490-a9358c7f09a8"]}},{"type":"Feature","geometry":{"type":"Polygon","coordinates":[[[30.066356711250375,70.70607258354293],[30.093201672599704,70.70607258354293],[30.093201672599704,70.71505569529285],[30.066356711250375,70.71505569529285],[30.066356711250375,70.70607258354293]]]},"properties":{"cell_id":"1120_7871","expected_nets":0.001,"particle_count":4,"n_nets":4,"contributing_net_ids":["0998896f-06e6-4fff-aa6b-85723c189a4e","2e00546b-1350-4f4a-84bd-55da3dcb55ed","a5f2d7f3-60b1-400b-8f91-f6403d9e7442","e7bca5ed-e073-45a9-bcb6-86ee920223fc"]}},{"type":"Feature","geometry":{"type":"Polygon","coordinates":[[[30.093201672599708,70.69708947179303],[30.120046633949038,70.69708947179303],[30.120046633949038,70.70607258354295],[30.093201672599708,70.70607258354295],[30.093201672599708,70.69708947179303]]]},"properties":{"cell_id":"1121_7870","expected_nets":0.001,"particle_count":1,"n_nets":1,"contributing_net_ids":["686eb669-1bde-4980-a523-5e9cf5270174"]}},{"type":"Feature","geometry":{"type":"Polygon","coordinates":[[[30.20058151799703,70.6701401365433],[30.22742647934636,70.6701401365433],[30.22742647934636,70.67912324829321],[30.20058151799703,70.67912324829321],[30.20058151799703,70.6701401365433]]]},"properties":{"cell_id":"1125_7867","expected_nets":0.001,"particle_count":4,"n_nets":4,"contributing_net_ids":["0998896f-06e6-4fff-aa6b-85723c189a4e","b31191d1-ab4d-46ca-9c4a-de20a2e095a1","cb6b8673-f291-414f-a659-99dfc77c17d6","e7bca5ed-e073-45a9-bcb6-86ee920223fc"]}},{"type":"Feature","geometry":{"type":"Polygon","coordinates":[[[30.254271440695693,69.8796263025512],[30.281116402045022,69.8796263025512],[30.281116402045022,69.88860941430111],[30.254271440695693,69.88860941430111],[30.254271440695693,69.8796263025512]]]},"properties":{"cell_id":"1127_7779","expected_nets":0.001,"particle_count":4,"n_nets":3,"contributing_net_ids":["178a8ce9-4d9c-4e1e-b6b9-6131b016ac1f","6b2ff976-a86c-46ff-9367-7349073cc0be","e987972b-877b-44cf-b400-eaef3df7f643"]}},{"type":"Feature","geometry":{"type":"Polygon","coordinates":[[[30.469031131490336,70.54437657204456],[30.495876092839666,70.54437657204456],[30.495876092839666,70.55335968379447],[30.469031131490336,70.55335968379447],[30.469031131490336,70.54437657204456]]]},"properties":{"cell_id":"1135_7853","expected_nets":0.001,"particle_count":4,"n_nets":4,"contributing_net_ids":["568c48d8-7903-40cc-9fda-3bb3c1d00a00","a5f2d7f3-60b1-400b-8f91-f6403d9e7442","b31191d1-ab4d-46ca-9c4a-de20a2e095a1","e89f3dd1-1609-47c4-b490-a9358c7f09a8"]}},{"type":"Feature","geometry":{"type":"Polygon","coordinates":[[[30.710635783634313,70.47251167804528],[30.737480744983642,70.47251167804528],[30.737480744983642,70.48149478979519],[30.710635783634313,70.48149478979519],[30.710635783634313,70.47251167804528]]]},"properties":{"cell_id":"1144_7845","expected_nets":0.001,"particle_count":1,"n_nets":1,"contributing_net_ids":["480722bd-da61-4875-b683-a16666a03e20"]}},{"type":"Feature","geometry":{"type":"Polygon","coordinates":[[[30.791170667682305,70.26590010779734],[30.818015629031635,70.26590010779734],[30.818015629031635,70.27488321954725],[30.791170667682305,70.27488321954725],[30.791170667682305,70.26590010779734]]]},"properties":{"cell_id":"1147_7822","expected_nets":0.001,"particle_count":1,"n_nets":1,"contributing_net_ids":["bc3ed7a1-c829-44b9-9a0c-f2ea4fcc06b7"]}},{"type":"Feature","geometry":{"type":"Polygon","coordinates":[[[30.818015629031635,70.25691699604744],[30.844860590380964,70.25691699604744],[30.844860590380964,70.26590010779735],[30.818015629031635,70.26590010779735],[30.818015629031635,70.25691699604744]]]},"properties":{"cell_id":"1148_7821","expected_nets":0.001,"particle_count":1,"n_nets":1,"contributing_net_ids":["bc3ed7a1-c829-44b9-9a0c-f2ea4fcc06b7"]}},{"type":"Feature","geometry":{"type":"Polygon","coordinates":[[[30.871705551730297,70.25691699604744],[30.898550513079627,70.25691699604744],[30.898550513079627,70.26590010779735],[30.871705551730297,70.26590010779735],[30.871705551730297,70.25691699604744]]]},"properties":{"cell_id":"1150_7821","expected_nets":0.001,"particle_count":1,"n_nets":1,"contributing_net_ids":["bc3ed7a1-c829-44b9-9a0c-f2ea4fcc06b7"]}},{"type":"Feature","geometry":{"type":"Polygon","coordinates":[[[31.032775319826282,69.76284584980237],[31.05962028117561,69.76284584980237],[31.05962028117561,69.77182896155229],[31.032775319826282,69.77182896155229],[31.032775319826282,69.76284584980237]]]},"properties":{"cell_id":"1156_7766","expected_nets":0.001,"particle_count":1,"n_nets":1,"contributing_net_ids":["9b9bef93-e0fb-425f-b56f-fbf239eaa3e5"]}},{"type":"Feature","geometry":{"type":"Polygon","coordinates":[[[31.05962028117561,70.37369744879626],[31.08646524252494,70.37369744879626],[31.08646524252494,70.38268056054618],[31.05962028117561,70.38268056054618],[31.05962028117561,70.37369744879626]]]},"properties":{"cell_id":"1157_7834","expected_nets":0.001,"particle_count":1,"n_nets":1,"contributing_net_ids":["bc3ed7a1-c829-44b9-9a0c-f2ea4fcc06b7"]}},{"type":"Feature","geometry":{"type":"Polygon","coordinates":[[[31.38175981736758,69.70894717930291],[31.40860477871691,69.70894717930291],[31.40860477871691,69.71793029105282],[31.38175981736758,69.71793029105282],[31.38175981736758,69.70894717930291]]]},"properties":{"cell_id":"1169_7760","expected_nets":0.001,"particle_count":1,"n_nets":1,"contributing_net_ids":["9b9bef93-e0fb-425f-b56f-fbf239eaa3e5"]}},{"type":"Feature","geometry":{"type":"Polygon","coordinates":[[[31.515984624114235,69.67301473230327],[31.542829585463565,69.67301473230327],[31.542829585463565,69.68199784405319],[31.515984624114235,69.68199784405319],[31.515984624114235,69.67301473230327]]]},"properties":{"cell_id":"1174_7756","expected_nets":0.001,"particle_count":1,"n_nets":1,"contributing_net_ids":["bc3ed7a1-c829-44b9-9a0c-f2ea4fcc06b7"]}},{"type":"Feature","geometry":{"type":"Polygon","coordinates":[[[31.542829585463565,69.83471074380165],[31.569674546812895,69.83471074380165],[31.569674546812895,69.84369385555156],[31.542829585463565,69.84369385555156],[31.542829585463565,69.83471074380165]]]},"properties":{"cell_id":"1175_7774","expected_nets":0.001,"particle_count":4,"n_nets":2,"contributing_net_ids":["413b3abc-f65b-4b08-bae5-c33750216192","491a8576-d12c-4378-8c01-07c2717e4a07"]}},{"type":"Feature","geometry":{"type":"Polygon","coordinates":[[[31.569674546812895,69.83471074380165],[31.596519508162224,69.83471074380165],[31.596519508162224,69.84369385555156],[31.569674546812895,69.84369385555156],[31.569674546812895,69.83471074380165]]]},"properties":{"cell_id":"1176_7774","expected_nets":0.001,"particle_count":4,"n_nets":4,"contributing_net_ids":["37e8bf79-8d0c-4820-9b6c-98fdaa828590","413b3abc-f65b-4b08-bae5-c33750216192","822fb14e-3e5d-4d49-842e-39d6f5621e8b","8a3bdd3c-8344-4b09-8b3a-0f9a3d5dae08"]}},{"type":"Feature","geometry":{"type":"Polygon","coordinates":[[[31.70389935355955,69.75386273805246],[31.73074431490888,69.75386273805246],[31.73074431490888,69.76284584980237],[31.70389935355955,69.76284584980237],[31.70389935355955,69.75386273805246]]]},"properties":{"cell_id":"1181_7765","expected_nets":0.001,"particle_count":4,"n_nets":2,"contributing_net_ids":["413b3abc-f65b-4b08-bae5-c33750216192","444ac6fa-3c86-44c4-a0b0-2e7d79922517"]}},{"type":"Feature","geometry":{"type":"Polygon","coordinates":[[[31.891814083004864,69.8796263025512],[31.918659044354193,69.8796263025512],[31.918659044354193,69.88860941430111],[31.891814083004864,69.88860941430111],[31.891814083004864,69.8796263025512]]]},"properties":{"cell_id":"1188_7779","expected_nets":0.001,"particle_count":4,"n_nets":2,"contributing_net_ids":["413b3abc-f65b-4b08-bae5-c33750216192","cb0ddc2d-92e0-4234-b4cb-6ca7c091c319"]}},{"type":"Feature","geometry":{"type":"Polygon","coordinates":[[[31.918659044354193,69.7897951850521],[31.945504005703523,69.7897951850521],[31.945504005703523,69.79877829680201],[31.918659044354193,69.79877829680201],[31.918659044354193,69.7897951850521]]]},"properties":{"cell_id":"1189_7769","expected_nets":0.001,"particle_count":1,"n_nets":1,"contributing_net_ids":["9b9bef93-e0fb-425f-b56f-fbf239eaa3e5"]}},{"type":"Feature","geometry":{"type":"Polygon","coordinates":[[[31.918659044354193,69.89759252605103],[31.945504005703523,69.89759252605103],[31.945504005703523,69.90657563780094],[31.918659044354193,69.90657563780094],[31.918659044354193,69.89759252605103]]]},"properties":{"cell_id":"1189_7781","expected_nets":0.001,"particle_count":1,"n_nets":1,"contributing_net_ids":["bc3ed7a1-c829-44b9-9a0c-f2ea4fcc06b7"]}},{"type":"Feature","geometry":{"type":"Polygon","coordinates":[[[31.945504005703526,69.95149119655049],[31.972348967052856,69.95149119655049],[31.972348967052856,69.9604743083004],[31.945504005703526,69.9604743083004],[31.945504005703526,69.95149119655049]]]},"properties":{"cell_id":"1190_7787","expected_nets":0.001,"particle_count":4,"n_nets":2,"contributing_net_ids":["285cb79f-371f-48f7-ad51-d9c0c62f9384","822fb14e-3e5d-4d49-842e-39d6f5621e8b"]}},{"type":"Feature","geometry":{"type":"Polygon","coordinates":[[[31.999193928402185,69.81674452030184],[32.02603888975152,69.81674452030184],[32.02603888975152,69.82572763205175],[31.999193928402185,69.82572763205175],[31.999193928402185,69.81674452030184]]]},"properties":{"cell_id":"1192_7772","expected_nets":0.001,"particle_count":4,"n_nets":1,"contributing_net_ids":["413b3abc-f65b-4b08-bae5-c33750216192"]}},{"type":"Feature","geometry":{"type":"Polygon","coordinates":[[[32.052883851100844,69.77182896155229],[32.07972881245018,69.77182896155229],[32.07972881245018,69.7808120733022],[32.052883851100844,69.7808120733022],[32.052883851100844,69.77182896155229]]]},"properties":{"cell_id":"1194_7767","expected_nets":0.001,"particle_count":1,"n_nets":1,"contributing_net_ids":["bc3ed7a1-c829-44b9-9a0c-f2ea4fcc06b7"]}},{"type":"Feature","geometry":{"type":"Polygon","coordinates":[[[32.40186834864215,69.84369385555156],[32.42871330999148,69.84369385555156],[32.42871330999148,69.85267696730148],[32.40186834864215,69.85267696730148],[32.40186834864215,69.84369385555156]]]},"properties":{"cell_id":"1207_7775","expected_nets":0.001,"particle_count":1,"n_nets":1,"contributing_net_ids":["41f2af17-7063-4598-998e-77215c5496ac"]}},{"type":"Feature","geometry":{"type":"Polygon","coordinates":[[[32.777697807532775,69.77182896155229],[32.80454276888211,69.77182896155229],[32.80454276888211,69.7808120733022],[32.777697807532775,69.7808120733022],[32.777697807532775,69.77182896155229]]]},"properties":{"cell_id":"1221_7767","expected_nets":0.001,"particle_count":1,"n_nets":1,"contributing_net_ids":["f1354829-a446-4ab4-abbf-5bc8f5b270a3"]}},{"type":"Feature","geometry":{"type":"Polygon","coordinates":[[[32.91192261427943,69.76284584980237],[32.938767575628766,69.76284584980237],[32.938767575628766,69.77182896155229],[32.91192261427943,69.77182896155229],[32.91192261427943,69.76284584980237]]]},"properties":{"cell_id":"1226_7766","expected_nets":0.001,"particle_count":1,"n_nets":1,"contributing_net_ids":["f1354829-a446-4ab4-abbf-5bc8f5b270a3"]}},{"type":"Feature","geometry":{"type":"Polygon","coordinates":[[[32.93876757562876,69.75386273805246],[32.96561253697809,69.75386273805246],[32.96561253697809,69.76284584980237],[32.93876757562876,69.76284584980237],[32.93876757562876,69.75386273805246]]]},"properties":{"cell_id":"1227_7765","expected_nets":0.001,"particle_count":1,"n_nets":1,"contributing_net_ids":["fc902618-75c5-4c29-b03e-964ebd1caf5c"]}},{"type":"Feature","geometry":{"type":"Polygon","coordinates":[[[33.01930245967675,69.74487962630255],[33.046147421026085,69.74487962630255],[33.046147421026085,69.75386273805246],[33.01930245967675,69.75386273805246],[33.01930245967675,69.74487962630255]]]},"properties":{"cell_id":"1230_7764","expected_nets":0.001,"particle_count":1,"n_nets":1,"contributing_net_ids":["483df2e5-9e99-4434-a3da-02126b74956e"]}},{"type":"Feature","geometry":{"type":"Polygon","coordinates":[[[33.07299238237542,69.73589651455264],[33.09983734372475,69.73589651455264],[33.09983734372475,69.74487962630255],[33.07299238237542,69.74487962630255],[33.07299238237542,69.73589651455264]]]},"properties":{"cell_id":"1232_7763","expected_nets":0.001,"particle_count":1,"n_nets":1,"contributing_net_ids":["483df2e5-9e99-4434-a3da-02126b74956e"]}},{"type":"Feature","geometry":{"type":"Polygon","coordinates":[[[25.261108629720184,71.07438016528926],[25.287953591069513,71.07438016528926],[25.287953591069513,71.08336327703917],[25.261108629720184,71.08336327703917],[25.261108629720184,71.07438016528926]]]},"properties":{"cell_id":"941_7912","expected_nets":0.001,"particle_count":4,"n_nets":1,"contributing_net_ids":["c4c6d9a6-bf57-4182-966d-55046e277ae0"]}},{"type":"Feature","geometry":{"type":"Polygon","coordinates":[[[25.395333436466835,70.98454904779015],[25.422178397816165,70.98454904779015],[25.422178397816165,70.99353215954007],[25.395333436466835,70.99353215954007],[25.395333436466835,70.98454904779015]]]},"properties":{"cell_id":"946_7902","expected_nets":0.001,"particle_count":4,"n_nets":3,"contributing_net_ids":["470db2b9-33e2-459d-b899-d527741f15ff","4cf87f47-5937-4c4f-9f67-d0df31b15978","c4c6d9a6-bf57-4182-966d-55046e277ae0"]}},{"type":"Feature","geometry":{"type":"Polygon","coordinates":[[[25.52955824321349,70.69708947179303],[25.55640320456282,70.69708947179303],[25.55640320456282,70.70607258354295],[25.52955824321349,70.70607258354295],[25.52955824321349,70.69708947179303]]]},"properties":{"cell_id":"951_7870","expected_nets":0.001,"particle_count":4,"n_nets":2,"contributing_net_ids":["b68c38a7-1ccd-4ae6-9801-c4f2ce607946","efe29baa-49f5-4eef-bf00-780fc94fd192"]}},{"type":"Feature","geometry":{"type":"Polygon","coordinates":[[[25.55640320456282,70.69708947179303],[25.58324816591215,70.69708947179303],[25.58324816591215,70.70607258354295],[25.55640320456282,70.70607258354295],[25.55640320456282,70.69708947179303]]]},"properties":{"cell_id":"952_7870","expected_nets":0.001,"particle_count":4,"n_nets":3,"contributing_net_ids":["b68c38a7-1ccd-4ae6-9801-c4f2ce607946","e75a847a-c3de-4b7e-a353-9f70acc6da3e","efe29baa-49f5-4eef-bf00-780fc94fd192"]}},{"type":"Feature","geometry":{"type":"Polygon","coordinates":[[[25.66378304996014,70.47251167804528],[25.69062801130947,70.47251167804528],[25.69062801130947,70.48149478979519],[25.66378304996014,70.48149478979519],[25.66378304996014,70.47251167804528]]]},"properties":{"cell_id":"956_7845","expected_nets":0.001,"particle_count":4,"n_nets":3,"contributing_net_ids":["b68c38a7-1ccd-4ae6-9801-c4f2ce607946","e75a847a-c3de-4b7e-a353-9f70acc6da3e","efe29baa-49f5-4eef-bf00-780fc94fd192"]}},{"type":"Feature","geometry":{"type":"Polygon","coordinates":[[[25.66378304996014,70.48149478979518],[25.69062801130947,70.48149478979518],[25.69062801130947,70.49047790154509],[25.66378304996014,70.49047790154509],[25.66378304996014,70.48149478979518]]]},"properties":{"cell_id":"956_7846","expected_nets":0.001,"particle_count":4,"n_nets":2,"contributing_net_ids":["e75a847a-c3de-4b7e-a353-9f70acc6da3e","efe29baa-49f5-4eef-bf00-780fc94fd192"]}},{"type":"Feature","geometry":{"type":"Polygon","coordinates":[[[25.66378304996014,70.49047790154509],[25.69062801130947,70.49047790154509],[25.69062801130947,70.499461013295],[25.66378304996014,70.499461013295],[25.66378304996014,70.49047790154509]]]},"properties":{"cell_id":"956_7847","expected_nets":0.001,"particle_count":4,"n_nets":2,"contributing_net_ids":["e75a847a-c3de-4b7e-a353-9f70acc6da3e","efe29baa-49f5-4eef-bf00-780fc94fd192"]}},{"type":"Feature","geometry":{"type":"Polygon","coordinates":[[[25.771162895357467,70.51742723679483],[25.798007856706796,70.51742723679483],[25.798007856706796,70.52641034854474],[25.771162895357467,70.52641034854474],[25.771162895357467,70.51742723679483]]]},"properties":{"cell_id":"960_7850","expected_nets":0.001,"particle_count":4,"n_nets":2,"contributing_net_ids":["b68c38a7-1ccd-4ae6-9801-c4f2ce607946","efe29baa-49f5-4eef-bf00-780fc94fd192"]}},{"type":"Feature","geometry":{"type":"Polygon","coordinates":[[[25.771162895357467,70.66115702479338],[25.798007856706796,70.66115702479338],[25.798007856706796,70.6701401365433],[25.771162895357467,70.6701401365433],[25.771162895357467,70.66115702479338]]]},"properties":{"cell_id":"960_7866","expected_nets":0.001,"particle_count":4,"n_nets":3,"contributing_net_ids":["b68c38a7-1ccd-4ae6-9801-c4f2ce607946","e75a847a-c3de-4b7e-a353-9f70acc6da3e","efe29baa-49f5-4eef-bf00-780fc94fd192"]}},{"type":"Feature","geometry":{"type":"Polygon","coordinates":[[[25.798007856706796,70.80488681279195],[25.824852818056126,70.80488681279195],[25.824852818056126,70.81386992454186],[25.798007856706796,70.81386992454186],[25.798007856706796,70.80488681279195]]]},"properties":{"cell_id":"961_7882","expected_nets":0.001,"particle_count":4,"n_nets":1,"contributing_net_ids":["b68c38a7-1ccd-4ae6-9801-c4f2ce607946"]}},{"type":"Feature","geometry":{"type":"Polygon","coordinates":[[[25.85169777940546,70.94861660079052],[25.87854274075479,70.94861660079052],[25.87854274075479,70.95759971254043],[25.85169777940546,70.95759971254043],[25.85169777940546,70.94861660079052]]]},"properties":{"cell_id":"963_7898","expected_nets":0.001,"particle_count":4,"n_nets":3,"contributing_net_ids":["0dc85fe8-24ce-4a5b-9c68-10fde23c3974","470db2b9-33e2-459d-b899-d527741f15ff","d9de1f0e-7743-4a5a-950e-71a72e96bff4"]}},{"type":"Feature","geometry":{"type":"Polygon","coordinates":[[[25.93223266345345,70.98454904779015],[25.95907762480278,70.98454904779015],[25.95907762480278,70.99353215954007],[25.93223266345345,70.99353215954007],[25.93223266345345,70.98454904779015]]]},"properties":{"cell_id":"966_7902","expected_nets":0.001,"particle_count":4,"n_nets":3,"contributing_net_ids":["0dc85fe8-24ce-4a5b-9c68-10fde23c3974","1856880d-fea0-414e-9d9b-151b7bafb7eb","5e862cee-8b9f-45d7-8ca0-daaa28a39706"]}},{"type":"Feature","geometry":{"type":"Polygon","coordinates":[[[25.98592258615211,70.65217391304348],[26.01276754750144,70.65217391304348],[26.01276754750144,70.6611570247934],[25.98592258615211,70.6611570247934],[25.98592258615211,70.65217391304348]]]},"properties":{"cell_id":"968_7865","expected_nets":0.001,"particle_count":1,"n_nets":1,"contributing_net_ids":["8f616f35-37f7-4aef-813f-428b192fdd24"]}},{"type":"Feature","geometry":{"type":"Polygon","coordinates":[[[25.98592258615211,70.96658282429033],[26.01276754750144,70.96658282429033],[26.01276754750144,70.97556593604024],[25.98592258615211,70.97556593604024],[25.98592258615211,70.96658282429033]]]},"properties":{"cell_id":"968_7900","expected_nets":0.001,"particle_count":4,"n_nets":4,"contributing_net_ids":["0dc85fe8-24ce-4a5b-9c68-10fde23c3974","1856880d-fea0-414e-9d9b-151b7bafb7eb","5e862cee-8b9f-45d7-8ca0-daaa28a39706","db5609ea-7fcf-45af-bff8-14dbe9b90f83"]}},{"type":"Feature","geometry":{"type":"Polygon","coordinates":[[[26.012767547501443,70.97556593604024],[26.039612508850773,70.97556593604024],[26.039612508850773,70.98454904779015],[26.012767547501443,70.98454904779015],[26.012767547501443,70.97556593604024]]]},"properties":{"cell_id":"969_7901","expected_nets":0.001,"particle_count":4,"n_nets":3,"contributing_net_ids":["0dc85fe8-24ce-4a5b-9c68-10fde23c3974","5e862cee-8b9f-45d7-8ca0-daaa28a39706","d9de1f0e-7743-4a5a-950e-71a72e96bff4"]}},{"type":"Feature","geometry":{"type":"Polygon","coordinates":[[[26.039612508850773,70.69708947179303],[26.066457470200103,70.69708947179303],[26.066457470200103,70.70607258354295],[26.039612508850773,70.70607258354295],[26.039612508850773,70.69708947179303]]]},"properties":{"cell_id":"970_7870","expected_nets":0.001,"particle_count":1,"n_nets":1,"contributing_net_ids":["8f616f35-37f7-4aef-813f-428b192fdd24"]}},{"type":"Feature","geometry":{"type":"Polygon","coordinates":[[[26.093302431549432,70.98454904779015],[26.12014739289876,70.98454904779015],[26.12014739289876,70.99353215954007],[26.093302431549432,70.99353215954007],[26.093302431549432,70.98454904779015]]]},"properties":{"cell_id":"972_7902","expected_nets":0.001,"particle_count":4,"n_nets":3,"contributing_net_ids":["0dc85fe8-24ce-4a5b-9c68-10fde23c3974","5e862cee-8b9f-45d7-8ca0-daaa28a39706","9267ffae-e862-4c0c-8303-e43fbba92f68"]}},{"type":"Feature","geometry":{"type":"Polygon","coordinates":[[[26.173837315597424,70.76895436579231],[26.200682276946754,70.76895436579231],[26.200682276946754,70.77793747754222],[26.173837315597424,70.77793747754222],[26.173837315597424,70.76895436579231]]]},"properties":{"cell_id":"975_7878","expected_nets":0.001,"particle_count":1,"n_nets":1,"contributing_net_ids":["8f616f35-37f7-4aef-813f-428b192fdd24"]}},{"type":"Feature","geometry":{"type":"Polygon","coordinates":[[[26.173837315597424,71.04743083003953],[26.200682276946754,71.04743083003953],[26.200682276946754,71.05641394178944],[26.173837315597424,71.05641394178944],[26.173837315597424,71.04743083003953]]]},"properties":{"cell_id":"975_7909","expected_nets":0.001,"particle_count":4,"n_nets":4,"contributing_net_ids":["17b986f2-2962-4704-b0e1-eabe0cbc5fed","60968c7c-8266-471c-84ae-1f14936bfba6","a5827a71-1d16-4233-aebd-d14b478c5fff","e75a847a-c3de-4b7e-a353-9f70acc6da3e"]}},{"type":"Feature","geometry":{"type":"Polygon","coordinates":[[[26.200682276946758,71.02048149478979],[26.227527238296087,71.02048149478979],[26.227527238296087,71.0294646065397],[26.200682276946758,71.0294646065397],[26.200682276946758,71.02048149478979]]]},"properties":{"cell_id":"976_7906","expected_nets":0.001,"particle_count":1,"n_nets":1,"contributing_net_ids":["8f616f35-37f7-4aef-813f-428b192fdd24"]}},{"type":"Feature","geometry":{"type":"Polygon","coordinates":[[[26.200682276946758,71.03844771828962],[26.227527238296087,71.03844771828962],[26.227527238296087,71.04743083003953],[26.200682276946758,71.04743083003953],[26.200682276946758,71.03844771828962]]]},"properties":{"cell_id":"976_7908","expected_nets":0.001,"particle_count":4,"n_nets":4,"contributing_net_ids":["15e549ea-ffd5-4ec2-98b7-32276621e3f2","e89f3dd1-1609-47c4-b490-a9358c7f09a8","eb7dd3b7-cce2-46a9-92d0-08b1c6f49b7d","efe29baa-49f5-4eef-bf00-780fc94fd192"]}},{"type":"Feature","geometry":{"type":"Polygon","coordinates":[[[26.227527238296087,70.78692058929214],[26.254372199645417,70.78692058929214],[26.254372199645417,70.79590370104205],[26.227527238296087,70.79590370104205],[26.227527238296087,70.78692058929214]]]},"properties":{"cell_id":"977_7880","expected_nets":0.001,"particle_count":1,"n_nets":1,"contributing_net_ids":["8f616f35-37f7-4aef-813f-428b192fdd24"]}},{"type":"Feature","geometry":{"type":"Polygon","coordinates":[[[26.28121716099475,70.83183614804169],[26.30806212234408,70.83183614804169],[26.30806212234408,70.8408192597916],[26.28121716099475,70.8408192597916],[26.28121716099475,70.83183614804169]]]},"properties":{"cell_id":"979_7885","expected_nets":0.001,"particle_count":4,"n_nets":2,"contributing_net_ids":["b68c38a7-1ccd-4ae6-9801-c4f2ce607946","efe29baa-49f5-4eef-bf00-780fc94fd192"]}},{"type":"Feature","geometry":{"type":"Polygon","coordinates":[[[26.33490708369341,70.8498023715415],[26.36175204504274,70.8498023715415],[26.36175204504274,70.85878548329141],[26.33490708369341,70.85878548329141],[26.33490708369341,70.8498023715415]]]},"properties":{"cell_id":"981_7887","expected_nets":0.001,"particle_count":1,"n_nets":1,"contributing_net_ids":["8f616f35-37f7-4aef-813f-428b192fdd24"]}},{"type":"Feature","geometry":{"type":"Polygon","coordinates":[[[26.683891581234708,70.87675170679124],[26.710736542584037,70.87675170679124],[26.710736542584037,70.88573481854115],[26.683891581234708,70.88573481854115],[26.683891581234708,70.87675170679124]]]},"properties":{"cell_id":"994_7890","expected_nets":0.001,"particle_count":1,"n_nets":1,"contributing_net_ids":["8f616f35-37f7-4aef-813f-428b192fdd24"]}},{"type":"Feature","geometry":{"type":"Polygon","coordinates":[[[26.73758150393337,70.83183614804169],[26.7644264652827,70.83183614804169],[26.7644264652827,70.8408192597916],[26.73758150393337,70.8408192597916],[26.73758150393337,70.83183614804169]]]},"properties":{"cell_id":"996_7885","expected_nets":0.001,"particle_count":4,"n_nets":3,"contributing_net_ids":["5e862cee-8b9f-45d7-8ca0-daaa28a39706","cabe54b4-68f5-4047-9a69-f3a33abca056","eb7dd3b7-cce2-46a9-92d0-08b1c6f49b7d"]}},{"type":"Feature","geometry":{"type":"Polygon","coordinates":[[[27.08656600147467,70.92166726554079],[27.113410962824,70.92166726554079],[27.113410962824,70.9306503772907],[27.08656600147467,70.9306503772907],[27.08656600147467,70.92166726554079]]]},"properties":{"cell_id":"1009_7895","expected_nets":0.0008,"particle_count":3,"n_nets":3,"contributing_net_ids":["17b986f2-2962-4704-b0e1-eabe0cbc5fed","2e00546b-1350-4f4a-84bd-55da3dcb55ed","456e18aa-ddf2-494e-b309-badf3802d91f"]}},{"type":"Feature","geometry":{"type":"Polygon","coordinates":[[[27.14025592417333,70.74200503054259],[27.16710088552266,70.74200503054259],[27.16710088552266,70.7509881422925],[27.14025592417333,70.7509881422925],[27.14025592417333,70.74200503054259]]]},"properties":{"cell_id":"1011_7875","expected_nets":0.0008,"particle_count":3,"n_nets":2,"contributing_net_ids":["0b254efb-1769-4e93-a17e-11f0d9834bcc","eb7dd3b7-cce2-46a9-92d0-08b1c6f49b7d"]}},{"type":"Feature","geometry":{"type":"Polygon","coordinates":[[[27.274480730919983,70.9396334890406],[27.301325692269312,70.9396334890406],[27.301325692269312,70.94861660079052],[27.274480730919983,70.94861660079052],[27.274480730919983,70.9396334890406]]]},"properties":{"cell_id":"1016_7897","expected_nets":0.0008,"particle_count":3,"n_nets":3,"contributing_net_ids":["01a0254d-21d3-43e2-a1f8-1df90cc7a881","60968c7c-8266-471c-84ae-1f14936bfba6","e5dc0a98-2f84-4a90-abe0-8b1a1d0116ed"]}},{"type":"Feature","geometry":{"type":"Polygon","coordinates":[[[27.274480730919983,71.0294646065397],[27.301325692269312,71.0294646065397],[27.301325692269312,71.03844771828962],[27.274480730919983,71.03844771828962],[27.274480730919983,71.0294646065397]]]},"properties":{"cell_id":"1016_7907","expected_nets":0.0008,"particle_count":3,"n_nets":2,"contributing_net_ids":["456e18aa-ddf2-494e-b309-badf3802d91f","9e759843-4dd6-4b50-bc24-49bb88f8f082"]}},{"type":"Feature","geometry":{"type":"Polygon","coordinates":[[[27.408705537666638,71.02048149478979],[27.435550499015967,71.02048149478979],[27.435550499015967,71.0294646065397],[27.408705537666638,71.0294646065397],[27.408705537666638,71.02048149478979]]]},"properties":{"cell_id":"1021_7906","expected_nets":0.0008,"particle_count":3,"n_nets":3,"contributing_net_ids":["0b254efb-1769-4e93-a17e-11f0d9834bcc","456e18aa-ddf2-494e-b309-badf3802d91f","568c48d8-7903-40cc-9fda-3bb3c1d00a00"]}},{"type":"Feature","geometry":{"type":"Polygon","coordinates":[[[27.4623954603653,71.04743083003953],[27.48924042171463,71.04743083003953],[27.48924042171463,71.05641394178944],[27.4623954603653,71.05641394178944],[27.4623954603653,71.04743083003953]]]},"properties":{"cell_id":"1023_7909","expected_nets":0.0008,"particle_count":3,"n_nets":2,"contributing_net_ids":["0b254efb-1769-4e93-a17e-11f0d9834bcc","5b5fdf6e-34fa-446c-a7f8-338b8f980dea"]}},{"type":"Feature","geometry":{"type":"Polygon","coordinates":[[[27.48924042171463,71.06539705353934],[27.51608538306396,71.06539705353934],[27.51608538306396,71.07438016528926],[27.48924042171463,71.07438016528926],[27.48924042171463,71.06539705353934]]]},"properties":{"cell_id":"1024_7911","expected_nets":0.0008,"particle_count":3,"n_nets":3,"contributing_net_ids":["9267ffae-e862-4c0c-8303-e43fbba92f68","cabe54b4-68f5-4047-9a69-f3a33abca056","eb7dd3b7-cce2-46a9-92d0-08b1c6f49b7d"]}},{"type":"Feature","geometry":{"type":"Polygon","coordinates":[[[27.48924042171463,71.08336327703917],[27.51608538306396,71.08336327703917],[27.51608538306396,71.09234638878908],[27.48924042171463,71.09234638878908],[27.48924042171463,71.08336327703917]]]},"properties":{"cell_id":"1024_7913","expected_nets":0.0008,"particle_count":3,"n_nets":3,"contributing_net_ids":["2e3e2f82-02e3-45d3-9acb-e62d643605a6","a5827a71-1d16-4233-aebd-d14b478c5fff","f8bfcb7e-c7fd-402c-b02c-4f35bae30cbb"]}},{"type":"Feature","geometry":{"type":"Polygon","coordinates":[[[28.64357375973585,70.79590370104204],[28.67041872108518,70.79590370104204],[28.67041872108518,70.80488681279195],[28.64357375973585,70.80488681279195],[28.64357375973585,70.79590370104204]]]},"properties":{"cell_id":"1067_7881","expected_nets":0.0008,"particle_count":3,"n_nets":3,"contributing_net_ids":["0b254efb-1769-4e93-a17e-11f0d9834bcc","5b5fdf6e-34fa-446c-a7f8-338b8f980dea","9267ffae-e862-4c0c-8303-e43fbba92f68"]}},{"type":"Feature","geometry":{"type":"Polygon","coordinates":[[[29.261007870770456,70.00538986704994],[29.287852832119786,70.00538986704994],[29.287852832119786,70.01437297879986],[29.261007870770456,70.01437297879986],[29.261007870770456,70.00538986704994]]]},"properties":{"cell_id":"1090_7793","expected_nets":0.0008,"particle_count":3,"n_nets":3,"contributing_net_ids":["2a840416-2518-4cd8-9332-09ee6dfac95f","6ae9c1b0-2a7f-4315-a8f6-7e6491c6cb74","c52841a4-c77e-4497-a4e9-73f605567542"]}},{"type":"Feature","geometry":{"type":"Polygon","coordinates":[[[29.39523267751711,70.08623787279913],[29.42207763886644,70.08623787279913],[29.42207763886644,70.09522098454904],[29.39523267751711,70.09522098454904],[29.39523267751711,70.08623787279913]]]},"properties":{"cell_id":"1095_7802","expected_nets":0.0008,"particle_count":3,"n_nets":2,"contributing_net_ids":["2649e37d-4983-4386-bc52-e0093db3ec65","6b2ff976-a86c-46ff-9367-7349073cc0be"]}},{"type":"Feature","geometry":{"type":"Polygon","coordinates":[[[29.529457484263762,69.97844053180022],[29.556302445613092,69.97844053180022],[29.556302445613092,69.98742364355013],[29.529457484263762,69.98742364355013],[29.529457484263762,69.97844053180022]]]},"properties":{"cell_id":"1100_7790","expected_nets":0.0008,"particle_count":3,"n_nets":3,"contributing_net_ids":["2649e37d-4983-4386-bc52-e0093db3ec65","36c0b306-27cf-4788-a28e-37a6791e6842","6ae9c1b0-2a7f-4315-a8f6-7e6491c6cb74"]}},{"type":"Feature","geometry":{"type":"Polygon","coordinates":[[[29.556302445613092,69.97844053180022],[29.58314740696242,69.97844053180022],[29.58314740696242,69.98742364355013],[29.556302445613092,69.98742364355013],[29.556302445613092,69.97844053180022]]]},"properties":{"cell_id":"1101_7790","expected_nets":0.0008,"particle_count":3,"n_nets":3,"contributing_net_ids":["183b3a5b-2fd0-4d2a-9c77-77281bb30173","2649e37d-4983-4386-bc52-e0093db3ec65","c52841a4-c77e-4497-a4e9-73f605567542"]}},{"type":"Feature","geometry":{"type":"Polygon","coordinates":[[[29.556302445613092,70.09522098454904],[29.58314740696242,70.09522098454904],[29.58314740696242,70.10420409629896],[29.556302445613092,70.10420409629896],[29.556302445613092,70.09522098454904]]]},"properties":{"cell_id":"1101_7803","expected_nets":0.0008,"particle_count":3,"n_nets":3,"contributing_net_ids":["2a840416-2518-4cd8-9332-09ee6dfac95f","5bc9b541-9afc-45ba-95db-3a4685de44a3","6ae9c1b0-2a7f-4315-a8f6-7e6491c6cb74"]}},{"type":"Feature","geometry":{"type":"Polygon","coordinates":[[[29.636837329661084,69.9694574200503],[29.663682291010414,69.9694574200503],[29.663682291010414,69.97844053180022],[29.636837329661084,69.97844053180022],[29.636837329661084,69.9694574200503]]]},"properties":{"cell_id":"1104_7789","expected_nets":0.0008,"particle_count":3,"n_nets":3,"contributing_net_ids":["178a8ce9-4d9c-4e1e-b6b9-6131b016ac1f","5bc9b541-9afc-45ba-95db-3a4685de44a3","6c6c4be3-4036-4a62-8c92-47730a8c7aeb"]}},{"type":"Feature","geometry":{"type":"Polygon","coordinates":[[[29.79790709775707,70.0592885375494],[29.824752059106398,70.0592885375494],[29.824752059106398,70.06827164929932],[29.79790709775707,70.06827164929932],[29.79790709775707,70.0592885375494]]]},"properties":{"cell_id":"1110_7799","expected_nets":0.0008,"particle_count":3,"n_nets":2,"contributing_net_ids":["39d2f659-e666-4b43-ab4a-c4439252e729","59cde757-4957-437b-86cd-8d9932cbb5a2"]}},{"type":"Feature","geometry":{"type":"Polygon","coordinates":[[[29.87844198180506,70.6701401365433],[29.90528694315439,70.6701401365433],[29.90528694315439,70.67912324829321],[29.87844198180506,70.67912324829321],[29.87844198180506,70.6701401365433]]]},"properties":{"cell_id":"1113_7867","expected_nets":0.0008,"particle_count":3,"n_nets":3,"contributing_net_ids":["0998896f-06e6-4fff-aa6b-85723c189a4e","0b8fa665-5e64-4a79-bcaa-073539cf0009","e7bca5ed-e073-45a9-bcb6-86ee920223fc"]}},{"type":"Feature","geometry":{"type":"Polygon","coordinates":[[[29.985821827202386,70.0592885375494],[30.012666788551716,70.0592885375494],[30.012666788551716,70.06827164929932],[29.985821827202386,70.06827164929932],[29.985821827202386,70.0592885375494]]]},"properties":{"cell_id":"1117_7799","expected_nets":0.0008,"particle_count":3,"n_nets":3,"contributing_net_ids":["59cde757-4957-437b-86cd-8d9932cbb5a2","6b2ff976-a86c-46ff-9367-7349073cc0be","cd20f9be-e4bb-436b-ad0c-563775f7c010"]}},{"type":"Feature","geometry":{"type":"Polygon","coordinates":[[[30.120046633949038,69.86166007905139],[30.146891595298367,69.86166007905139],[30.146891595298367,69.8706431908013],[30.120046633949038,69.8706431908013],[30.120046633949038,69.86166007905139]]]},"properties":{"cell_id":"1122_7777","expected_nets":0.0008,"particle_count":3,"n_nets":3,"contributing_net_ids":["5bc9b541-9afc-45ba-95db-3a4685de44a3","5ca74a64-d88d-45cb-a627-c8a2b8eea308","e987972b-877b-44cf-b400-eaef3df7f643"]}},{"type":"Feature","geometry":{"type":"Polygon","coordinates":[[[30.146891595298367,70.09522098454904],[30.173736556647697,70.09522098454904],[30.173736556647697,70.10420409629896],[30.146891595298367,70.10420409629896],[30.146891595298367,70.09522098454904]]]},"properties":{"cell_id":"1123_7803","expected_nets":0.0008,"particle_count":3,"n_nets":1,"contributing_net_ids":["39d2f659-e666-4b43-ab4a-c4439252e729"]}},{"type":"Feature","geometry":{"type":"Polygon","coordinates":[[[30.1737365566477,70.09522098454904],[30.20058151799703,70.09522098454904],[30.20058151799703,70.10420409629896],[30.1737365566477,70.10420409629896],[30.1737365566477,70.09522098454904]]]},"properties":{"cell_id":"1124_7803","expected_nets":0.0008,"particle_count":3,"n_nets":2,"contributing_net_ids":["39d2f659-e666-4b43-ab4a-c4439252e729","444ac6fa-3c86-44c4-a0b0-2e7d79922517"]}},{"type":"Feature","geometry":{"type":"Polygon","coordinates":[[[30.469031131490336,70.20301832554797],[30.495876092839666,70.20301832554797],[30.495876092839666,70.21200143729789],[30.469031131490336,70.21200143729789],[30.469031131490336,70.20301832554797]]]},"properties":{"cell_id":"1135_7815","expected_nets":0.0008,"particle_count":3,"n_nets":2,"contributing_net_ids":["37e8bf79-8d0c-4820-9b6c-98fdaa828590","491a8576-d12c-4378-8c01-07c2717e4a07"]}},{"type":"Feature","geometry":{"type":"Polygon","coordinates":[[[30.63010089958632,69.81674452030184],[30.65694586093565,69.81674452030184],[30.65694586093565,69.82572763205175],[30.63010089958632,69.82572763205175],[30.63010089958632,69.81674452030184]]]},"properties":{"cell_id":"1141_7772","expected_nets":0.0008,"particle_count":3,"n_nets":2,"contributing_net_ids":["6b2ff976-a86c-46ff-9367-7349073cc0be","af60421e-dd2b-4078-918a-15ff5661dac7"]}},{"type":"Feature","geometry":{"type":"Polygon","coordinates":[[[30.737480744983642,69.78081207330219],[30.764325706332972,69.78081207330219],[30.764325706332972,69.7897951850521],[30.737480744983642,69.7897951850521],[30.737480744983642,69.78081207330219]]]},"properties":{"cell_id":"1145_7768","expected_nets":0.0008,"particle_count":3,"n_nets":3,"contributing_net_ids":["413b3abc-f65b-4b08-bae5-c33750216192","822fb14e-3e5d-4d49-842e-39d6f5621e8b","8a3bdd3c-8344-4b09-8b3a-0f9a3d5dae08"]}},{"type":"Feature","geometry":{"type":"Polygon","coordinates":[[[31.462294701415573,69.67301473230327],[31.489139662764902,69.67301473230327],[31.489139662764902,69.68199784405319],[31.462294701415573,69.68199784405319],[31.462294701415573,69.67301473230327]]]},"properties":{"cell_id":"1172_7756","expected_nets":0.0008,"particle_count":3,"n_nets":3,"contributing_net_ids":["2649e37d-4983-4386-bc52-e0093db3ec65","b44ee1c5-8e80-49ac-93f1-e4399df11d7f","cd20f9be-e4bb-436b-ad0c-563775f7c010"]}},{"type":"Feature","geometry":{"type":"Polygon","coordinates":[[[31.489139662764902,69.68199784405319],[31.515984624114232,69.68199784405319],[31.515984624114232,69.6909809558031],[31.489139662764902,69.6909809558031],[31.489139662764902,69.68199784405319]]]},"properties":{"cell_id":"1173_7757","expected_nets":0.0008,"particle_count":3,"n_nets":3,"contributing_net_ids":["183b3a5b-2fd0-4d2a-9c77-77281bb30173","2649e37d-4983-4386-bc52-e0093db3ec65","491a8576-d12c-4378-8c01-07c2717e4a07"]}},{"type":"Feature","geometry":{"type":"Polygon","coordinates":[[[31.542829585463565,69.67301473230327],[31.569674546812895,69.67301473230327],[31.569674546812895,69.68199784405319],[31.542829585463565,69.68199784405319],[31.542829585463565,69.67301473230327]]]},"properties":{"cell_id":"1175_7756","expected_nets":0.0008,"particle_count":3,"n_nets":3,"contributing_net_ids":["183b3a5b-2fd0-4d2a-9c77-77281bb30173","39d2f659-e666-4b43-ab4a-c4439252e729","444ac6fa-3c86-44c4-a0b0-2e7d79922517"]}},{"type":"Feature","geometry":{"type":"Polygon","coordinates":[[[31.569674546812895,69.67301473230327],[31.596519508162224,69.67301473230327],[31.596519508162224,69.68199784405319],[31.569674546812895,69.68199784405319],[31.569674546812895,69.67301473230327]]]},"properties":{"cell_id":"1176_7756","expected_nets":0.0008,"particle_count":3,"n_nets":2,"contributing_net_ids":["444ac6fa-3c86-44c4-a0b0-2e7d79922517","59cde757-4957-437b-86cd-8d9932cbb5a2"]}},{"type":"Feature","geometry":{"type":"Polygon","coordinates":[[[31.650209430860887,69.66403162055336],[31.677054392210216,69.66403162055336],[31.677054392210216,69.67301473230327],[31.650209430860887,69.67301473230327],[31.650209430860887,69.66403162055336]]]},"properties":{"cell_id":"1179_7755","expected_nets":0.0008,"particle_count":3,"n_nets":3,"contributing_net_ids":["444ac6fa-3c86-44c4-a0b0-2e7d79922517","59cde757-4957-437b-86cd-8d9932cbb5a2","5bc9b541-9afc-45ba-95db-3a4685de44a3"]}},{"type":"Feature","geometry":{"type":"Polygon","coordinates":[[[31.67705439221022,69.699964067553],[31.70389935355955,69.699964067553],[31.70389935355955,69.70894717930291],[31.67705439221022,69.70894717930291],[31.67705439221022,69.699964067553]]]},"properties":{"cell_id":"1180_7759","expected_nets":0.0008,"particle_count":3,"n_nets":2,"contributing_net_ids":["39d2f659-e666-4b43-ab4a-c4439252e729","444ac6fa-3c86-44c4-a0b0-2e7d79922517"]}},{"type":"Feature","geometry":{"type":"Polygon","coordinates":[[[31.73074431490888,69.69098095580308],[31.75758927625821,69.69098095580308],[31.75758927625821,69.699964067553],[31.73074431490888,69.699964067553],[31.73074431490888,69.69098095580308]]]},"properties":{"cell_id":"1182_7758","expected_nets":0.0008,"particle_count":3,"n_nets":1,"contributing_net_ids":["39d2f659-e666-4b43-ab4a-c4439252e729"]}},{"type":"Feature","geometry":{"type":"Polygon","coordinates":[[[31.891814083004864,69.92454186130075],[31.918659044354193,69.92454186130075],[31.918659044354193,69.93352497305067],[31.891814083004864,69.93352497305067],[31.891814083004864,69.92454186130075]]]},"properties":{"cell_id":"1188_7784","expected_nets":0.0008,"particle_count":3,"n_nets":3,"contributing_net_ids":["413b3abc-f65b-4b08-bae5-c33750216192","491a8576-d12c-4378-8c01-07c2717e4a07","822fb14e-3e5d-4d49-842e-39d6f5621e8b"]}},{"type":"Feature","geometry":{"type":"Polygon","coordinates":[[[31.918659044354193,69.94250808480058],[31.945504005703523,69.94250808480058],[31.945504005703523,69.95149119655049],[31.918659044354193,69.95149119655049],[31.918659044354193,69.94250808480058]]]},"properties":{"cell_id":"1189_7786","expected_nets":0.0008,"particle_count":3,"n_nets":3,"contributing_net_ids":["285cb79f-371f-48f7-ad51-d9c0c62f9384","af60421e-dd2b-4078-918a-15ff5661dac7","cb0ddc2d-92e0-4234-b4cb-6ca7c091c319"]}},{"type":"Feature","geometry":{"type":"Polygon","coordinates":[[[32.02603888975152,69.81674452030184],[32.05288385110085,69.81674452030184],[32.05288385110085,69.82572763205175],[32.02603888975152,69.82572763205175],[32.02603888975152,69.81674452030184]]]},"properties":{"cell_id":"1193_7772","expected_nets":0.0008,"particle_count":3,"n_nets":1,"contributing_net_ids":["413b3abc-f65b-4b08-bae5-c33750216192"]}},{"type":"Feature","geometry":{"type":"Polygon","coordinates":[[[32.02603888975152,69.93352497305067],[32.05288385110085,69.93352497305067],[32.05288385110085,69.94250808480058],[32.02603888975152,69.94250808480058],[32.02603888975152,69.93352497305067]]]},"properties":{"cell_id":"1193_7785","expected_nets":0.0008,"particle_count":3,"n_nets":3,"contributing_net_ids":["413b3abc-f65b-4b08-bae5-c33750216192","43c5d8b6-1fb3-465b-b441-487f33c6a908","af60421e-dd2b-4078-918a-15ff5661dac7"]}},{"type":"Feature","geometry":{"type":"Polygon","coordinates":[[[25.23426366837085,71.03844771828962],[25.26110862972018,71.03844771828962],[25.26110862972018,71.04743083003953],[25.23426366837085,71.04743083003953],[25.23426366837085,71.03844771828962]]]},"properties":{"cell_id":"940_7908","expected_nets":0.0008,"particle_count":3,"n_nets":1,"contributing_net_ids":["c4c6d9a6-bf57-4182-966d-55046e277ae0"]}},{"type":"Feature","geometry":{"type":"Polygon","coordinates":[[[25.261108629720184,71.09234638878908],[25.287953591069513,71.09234638878908],[25.287953591069513,71.101329500539],[25.261108629720184,71.101329500539],[25.261108629720184,71.09234638878908]]]},"properties":{"cell_id":"941_7914","expected_nets":0.0008,"particle_count":3,"n_nets":1,"contributing_net_ids":["c4c6d9a6-bf57-4182-966d-55046e277ae0"]}},{"type":"Feature","geometry":{"type":"Polygon","coordinates":[[[25.314798552418843,70.39166367229609],[25.341643513768172,70.39166367229609],[25.341643513768172,70.400646784046],[25.314798552418843,70.400646784046],[25.314798552418843,70.39166367229609]]]},"properties":{"cell_id":"943_7836","expected_nets":0.0008,"particle_count":3,"n_nets":2,"contributing_net_ids":["e75a847a-c3de-4b7e-a353-9f70acc6da3e","efe29baa-49f5-4eef-bf00-780fc94fd192"]}},{"type":"Feature","geometry":{"type":"Polygon","coordinates":[[[25.314798552418843,71.00251527128998],[25.341643513768172,71.00251527128998],[25.341643513768172,71.01149838303989],[25.314798552418843,71.01149838303989],[25.314798552418843,71.00251527128998]]]},"properties":{"cell_id":"943_7904","expected_nets":0.0008,"particle_count":3,"n_nets":2,"contributing_net_ids":["c4c6d9a6-bf57-4182-966d-55046e277ae0","d9de1f0e-7743-4a5a-950e-71a72e96bff4"]}},{"type":"Feature","geometry":{"type":"Polygon","coordinates":[[[25.314798552418843,71.06539705353934],[25.341643513768172,71.06539705353934],[25.341643513768172,71.07438016528926],[25.314798552418843,71.07438016528926],[25.314798552418843,71.06539705353934]]]},"properties":{"cell_id":"943_7911","expected_nets":0.0008,"particle_count":3,"n_nets":1,"contributing_net_ids":["c4c6d9a6-bf57-4182-966d-55046e277ae0"]}},{"type":"Feature","geometry":{"type":"Polygon","coordinates":[[[25.314798552418843,71.1103126122889],[25.341643513768172,71.1103126122889],[25.341643513768172,71.1192957240388],[25.314798552418843,71.1192957240388],[25.314798552418843,71.1103126122889]]]},"properties":{"cell_id":"943_7916","expected_nets":0.0008,"particle_count":3,"n_nets":1,"contributing_net_ids":["c4c6d9a6-bf57-4182-966d-55046e277ae0"]}},{"type":"Feature","geometry":{"type":"Polygon","coordinates":[[[25.341643513768176,71.1103126122889],[25.368488475117505,71.1103126122889],[25.368488475117505,71.1192957240388],[25.341643513768176,71.1192957240388],[25.341643513768176,71.1103126122889]]]},"properties":{"cell_id":"944_7916","expected_nets":0.0008,"particle_count":3,"n_nets":1,"contributing_net_ids":["c4c6d9a6-bf57-4182-966d-55046e277ae0"]}},{"type":"Feature","geometry":{"type":"Polygon","coordinates":[[[25.368488475117505,70.24793388429752],[25.395333436466835,70.24793388429752],[25.395333436466835,70.25691699604744],[25.368488475117505,70.25691699604744],[25.368488475117505,70.24793388429752]]]},"properties":{"cell_id":"945_7820","expected_nets":0.0008,"particle_count":3,"n_nets":1,"contributing_net_ids":["065457f6-ccdd-491e-8dbf-470416157a18"]}},{"type":"Feature","geometry":{"type":"Polygon","coordinates":[[[25.52955824321349,70.40064678404599],[25.55640320456282,70.40064678404599],[25.55640320456282,70.4096298957959],[25.52955824321349,70.4096298957959],[25.52955824321349,70.40064678404599]]]},"properties":{"cell_id":"951_7837","expected_nets":0.0008,"particle_count":3,"n_nets":1,"contributing_net_ids":["e75a847a-c3de-4b7e-a353-9f70acc6da3e"]}},{"type":"Feature","geometry":{"type":"Polygon","coordinates":[[[25.610093127261482,70.71505569529285],[25.636938088610812,70.71505569529285],[25.636938088610812,70.72403880704276],[25.610093127261482,70.72403880704276],[25.610093127261482,70.71505569529285]]]},"properties":{"cell_id":"954_7872","expected_nets":0.0008,"particle_count":3,"n_nets":2,"contributing_net_ids":["b68c38a7-1ccd-4ae6-9801-c4f2ce607946","e75a847a-c3de-4b7e-a353-9f70acc6da3e"]}},{"type":"Feature","geometry":{"type":"Polygon","coordinates":[[[25.610093127261482,70.73302191879267],[25.636938088610812,70.73302191879267],[25.636938088610812,70.74200503054259],[25.610093127261482,70.74200503054259],[25.610093127261482,70.73302191879267]]]},"properties":{"cell_id":"954_7874","expected_nets":0.0008,"particle_count":3,"n_nets":1,"contributing_net_ids":["e75a847a-c3de-4b7e-a353-9f70acc6da3e"]}},{"type":"Feature","geometry":{"type":"Polygon","coordinates":[[[25.690628011309474,70.499461013295],[25.717472972658804,70.499461013295],[25.717472972658804,70.50844412504492],[25.690628011309474,70.50844412504492],[25.690628011309474,70.499461013295]]]},"properties":{"cell_id":"957_7848","expected_nets":0.0008,"particle_count":3,"n_nets":3,"contributing_net_ids":["b68c38a7-1ccd-4ae6-9801-c4f2ce607946","e75a847a-c3de-4b7e-a353-9f70acc6da3e","efe29baa-49f5-4eef-bf00-780fc94fd192"]}},{"type":"Feature","geometry":{"type":"Polygon","coordinates":[[[25.744317934008134,70.50844412504492],[25.771162895357463,70.50844412504492],[25.771162895357463,70.51742723679483],[25.744317934008134,70.51742723679483],[25.744317934008134,70.50844412504492]]]},"properties":{"cell_id":"959_7849","expected_nets":0.0008,"particle_count":3,"n_nets":3,"contributing_net_ids":["b68c38a7-1ccd-4ae6-9801-c4f2ce607946","e75a847a-c3de-4b7e-a353-9f70acc6da3e","efe29baa-49f5-4eef-bf00-780fc94fd192"]}},{"type":"Feature","geometry":{"type":"Polygon","coordinates":[[[25.824852818056126,70.80488681279195],[25.851697779405455,70.80488681279195],[25.851697779405455,70.81386992454186],[25.824852818056126,70.81386992454186],[25.824852818056126,70.80488681279195]]]},"properties":{"cell_id":"962_7882","expected_nets":0.0008,"particle_count":3,"n_nets":2,"contributing_net_ids":["b68c38a7-1ccd-4ae6-9801-c4f2ce607946","efe29baa-49f5-4eef-bf00-780fc94fd192"]}},{"type":"Feature","geometry":{"type":"Polygon","coordinates":[[[25.824852818056126,70.95759971254043],[25.851697779405455,70.95759971254043],[25.851697779405455,70.96658282429034],[25.824852818056126,70.96658282429034],[25.824852818056126,70.95759971254043]]]},"properties":{"cell_id":"962_7899","expected_nets":0.0008,"particle_count":3,"n_nets":2,"contributing_net_ids":["0dc85fe8-24ce-4a5b-9c68-10fde23c3974","470db2b9-33e2-459d-b899-d527741f15ff"]}},{"type":"Feature","geometry":{"type":"Polygon","coordinates":[[[25.85169777940546,70.56234279554438],[25.87854274075479,70.56234279554438],[25.87854274075479,70.5713259072943],[25.85169777940546,70.5713259072943],[25.85169777940546,70.56234279554438]]]},"properties":{"cell_id":"963_7855","expected_nets":0.0008,"particle_count":3,"n_nets":2,"contributing_net_ids":["b68c38a7-1ccd-4ae6-9801-c4f2ce607946","e75a847a-c3de-4b7e-a353-9f70acc6da3e"]}},{"type":"Feature","geometry":{"type":"Polygon","coordinates":[[[25.85169777940546,70.6701401365433],[25.87854274075479,70.6701401365433],[25.87854274075479,70.67912324829321],[25.85169777940546,70.67912324829321],[25.85169777940546,70.6701401365433]]]},"properties":{"cell_id":"963_7867","expected_nets":0.0008,"particle_count":3,"n_nets":2,"contributing_net_ids":["e75a847a-c3de-4b7e-a353-9f70acc6da3e","efe29baa-49f5-4eef-bf00-780fc94fd192"]}},{"type":"Feature","geometry":{"type":"Polygon","coordinates":[[[25.85169777940546,70.96658282429033],[25.87854274075479,70.96658282429033],[25.87854274075479,70.97556593604024],[25.85169777940546,70.97556593604024],[25.85169777940546,70.96658282429033]]]},"properties":{"cell_id":"963_7900","expected_nets":0.0008,"particle_count":3,"n_nets":2,"contributing_net_ids":["470db2b9-33e2-459d-b899-d527741f15ff","51ea4374-4f03-4957-b2d3-91e78f0021c5"]}},{"type":"Feature","geometry":{"type":"Polygon","coordinates":[[[25.87854274075479,70.56234279554438],[25.905387702104118,70.56234279554438],[25.905387702104118,70.5713259072943],[25.87854274075479,70.5713259072943],[25.87854274075479,70.56234279554438]]]},"properties":{"cell_id":"964_7855","expected_nets":0.0008,"particle_count":3,"n_nets":3,"contributing_net_ids":["b68c38a7-1ccd-4ae6-9801-c4f2ce607946","e75a847a-c3de-4b7e-a353-9f70acc6da3e","efe29baa-49f5-4eef-bf00-780fc94fd192"]}},{"type":"Feature","geometry":{"type":"Polygon","coordinates":[[[25.905387702104118,70.97556593604024],[25.932232663453448,70.97556593604024],[25.932232663453448,70.98454904779015],[25.905387702104118,70.98454904779015],[25.905387702104118,70.97556593604024]]]},"properties":{"cell_id":"965_7901","expected_nets":0.0008,"particle_count":3,"n_nets":2,"contributing_net_ids":["0dc85fe8-24ce-4a5b-9c68-10fde23c3974","1856880d-fea0-414e-9d9b-151b7bafb7eb"]}},{"type":"Feature","geometry":{"type":"Polygon","coordinates":[[[25.93223266345345,70.97556593604024],[25.95907762480278,70.97556593604024],[25.95907762480278,70.98454904779015],[25.93223266345345,70.98454904779015],[25.93223266345345,70.97556593604024]]]},"properties":{"cell_id":"966_7901","expected_nets":0.0008,"particle_count":3,"n_nets":3,"contributing_net_ids":["0dc85fe8-24ce-4a5b-9c68-10fde23c3974","470db2b9-33e2-459d-b899-d527741f15ff","a95c2f17-baa3-44dd-b464-4313692da315"]}},{"type":"Feature","geometry":{"type":"Polygon","coordinates":[[[26.012767547501443,70.67912324829321],[26.039612508850773,70.67912324829321],[26.039612508850773,70.68810636004312],[26.012767547501443,70.68810636004312],[26.012767547501443,70.67912324829321]]]},"properties":{"cell_id":"969_7868","expected_nets":0.0008,"particle_count":3,"n_nets":2,"contributing_net_ids":["b68c38a7-1ccd-4ae6-9801-c4f2ce607946","e75a847a-c3de-4b7e-a353-9f70acc6da3e"]}},{"type":"Feature","geometry":{"type":"Polygon","coordinates":[[[26.039612508850773,70.71505569529285],[26.066457470200103,70.71505569529285],[26.066457470200103,70.72403880704276],[26.039612508850773,70.72403880704276],[26.039612508850773,70.71505569529285]]]},"properties":{"cell_id":"970_7872","expected_nets":0.0008,"particle_count":3,"n_nets":2,"contributing_net_ids":["e75a847a-c3de-4b7e-a353-9f70acc6da3e","efe29baa-49f5-4eef-bf00-780fc94fd192"]}},{"type":"Feature","geometry":{"type":"Polygon","coordinates":[[[26.039612508850773,70.72403880704276],[26.066457470200103,70.72403880704276],[26.066457470200103,70.73302191879267],[26.039612508850773,70.73302191879267],[26.039612508850773,70.72403880704276]]]},"properties":{"cell_id":"970_7873","expected_nets":0.0008,"particle_count":3,"n_nets":2,"contributing_net_ids":["5e862cee-8b9f-45d7-8ca0-daaa28a39706","e75a847a-c3de-4b7e-a353-9f70acc6da3e"]}},{"type":"Feature","geometry":{"type":"Polygon","coordinates":[[[26.120147392898765,70.73302191879267],[26.146992354248095,70.73302191879267],[26.146992354248095,70.74200503054259],[26.120147392898765,70.74200503054259],[26.120147392898765,70.73302191879267]]]},"properties":{"cell_id":"973_7874","expected_nets":0.0008,"particle_count":3,"n_nets":2,"contributing_net_ids":["a95c2f17-baa3-44dd-b464-4313692da315","e75a847a-c3de-4b7e-a353-9f70acc6da3e"]}},{"type":"Feature","geometry":{"type":"Polygon","coordinates":[[[26.146992354248095,71.04743083003953],[26.173837315597424,71.04743083003953],[26.173837315597424,71.05641394178944],[26.146992354248095,71.05641394178944],[26.146992354248095,71.04743083003953]]]},"properties":{"cell_id":"974_7909","expected_nets":0.0008,"particle_count":3,"n_nets":3,"contributing_net_ids":["5b5fdf6e-34fa-446c-a7f8-338b8f980dea","cabe54b4-68f5-4047-9a69-f3a33abca056","e75a847a-c3de-4b7e-a353-9f70acc6da3e"]}},{"type":"Feature","geometry":{"type":"Polygon","coordinates":[[[27.05972104012534,70.69708947179303],[27.08656600147467,70.69708947179303],[27.08656600147467,70.70607258354295],[27.05972104012534,70.70607258354295],[27.05972104012534,70.69708947179303]]]},"properties":{"cell_id":"1008_7870","expected_nets":0.0005,"particle_count":2,"n_nets":1,"contributing_net_ids":["eb7dd3b7-cce2-46a9-92d0-08b1c6f49b7d"]}},{"type":"Feature","geometry":{"type":"Polygon","coordinates":[[[27.247635769570653,70.76895436579231],[27.274480730919983,70.76895436579231],[27.274480730919983,70.77793747754222],[27.247635769570653,70.77793747754222],[27.247635769570653,70.76895436579231]]]},"properties":{"cell_id":"1015_7878","expected_nets":0.0005,"particle_count":2,"n_nets":2,"contributing_net_ids":["e89f3dd1-1609-47c4-b490-a9358c7f09a8","eb7dd3b7-cce2-46a9-92d0-08b1c6f49b7d"]}},{"type":"Feature","geometry":{"type":"Polygon","coordinates":[[[27.274480730919983,70.96658282429033],[27.301325692269312,70.96658282429033],[27.301325692269312,70.97556593604024],[27.274480730919983,70.97556593604024],[27.274480730919983,70.96658282429033]]]},"properties":{"cell_id":"1016_7900","expected_nets":0.0005,"particle_count":2,"n_nets":2,"contributing_net_ids":["15e549ea-ffd5-4ec2-98b7-32276621e3f2","86fbc2f8-6e1e-4162-8855-d19e180e5ce9"]}},{"type":"Feature","geometry":{"type":"Polygon","coordinates":[[[27.328170653618646,71.02048149478979],[27.355015614967975,71.02048149478979],[27.355015614967975,71.0294646065397],[27.328170653618646,71.0294646065397],[27.328170653618646,71.02048149478979]]]},"properties":{"cell_id":"1018_7906","expected_nets":0.0005,"particle_count":2,"n_nets":1,"contributing_net_ids":["9e759843-4dd6-4b50-bc24-49bb88f8f082"]}},{"type":"Feature","geometry":{"type":"Polygon","coordinates":[[[27.355015614967975,71.01149838303988],[27.381860576317305,71.01149838303988],[27.381860576317305,71.02048149478979],[27.355015614967975,71.02048149478979],[27.355015614967975,71.01149838303988]]]},"properties":{"cell_id":"1019_7905","expected_nets":0.0005,"particle_count":2,"n_nets":2,"contributing_net_ids":["2e3e2f82-02e3-45d3-9acb-e62d643605a6","781d2769-3d71-4ed9-829d-d745be0fbd6e"]}},{"type":"Feature","geometry":{"type":"Polygon","coordinates":[[[27.4623954603653,71.01149838303988],[27.48924042171463,71.01149838303988],[27.48924042171463,71.02048149478979],[27.4623954603653,71.02048149478979],[27.4623954603653,71.01149838303988]]]},"properties":{"cell_id":"1023_7905","expected_nets":0.0005,"particle_count":2,"n_nets":1,"contributing_net_ids":["372da560-3ffc-4c03-9e63-083a0c2edeae"]}},{"type":"Feature","geometry":{"type":"Polygon","coordinates":[[[27.542930344413293,71.09234638878908],[27.569775305762622,71.09234638878908],[27.569775305762622,71.101329500539],[27.542930344413293,71.101329500539],[27.542930344413293,71.09234638878908]]]},"properties":{"cell_id":"1026_7914","expected_nets":0.0005,"particle_count":2,"n_nets":2,"contributing_net_ids":["501f7877-ea08-4c1e-bb0c-f805d7b93531","eef2472f-e20e-4582-83ca-9fccd623673e"]}},{"type":"Feature","geometry":{"type":"Polygon","coordinates":[[[27.596620267111952,71.09234638878908],[27.62346522846128,71.09234638878908],[27.62346522846128,71.101329500539],[27.596620267111952,71.101329500539],[27.596620267111952,71.09234638878908]]]},"properties":{"cell_id":"1028_7914","expected_nets":0.0005,"particle_count":2,"n_nets":2,"contributing_net_ids":["781d2769-3d71-4ed9-829d-d745be0fbd6e","92774a0e-6c8c-4eea-b18e-be40e50056f7"]}},{"type":"Feature","geometry":{"type":"Polygon","coordinates":[[[27.784534996557266,71.06539705353934],[27.811379957906595,71.06539705353934],[27.811379957906595,71.07438016528926],[27.784534996557266,71.07438016528926],[27.784534996557266,71.06539705353934]]]},"properties":{"cell_id":"1035_7911","expected_nets":0.0005,"particle_count":2,"n_nets":2,"contributing_net_ids":["0b254efb-1769-4e93-a17e-11f0d9834bcc","2e00546b-1350-4f4a-84bd-55da3dcb55ed"]}},{"type":"Feature","geometry":{"type":"Polygon","coordinates":[[[28.133519494098568,70.73302191879267],[28.160364455447898,70.73302191879267],[28.160364455447898,70.74200503054259],[28.133519494098568,70.74200503054259],[28.133519494098568,70.73302191879267]]]},"properties":{"cell_id":"1048_7874","expected_nets":0.0005,"particle_count":2,"n_nets":1,"contributing_net_ids":["a5f2d7f3-60b1-400b-8f91-f6403d9e7442"]}},{"type":"Feature","geometry":{"type":"Polygon","coordinates":[[[28.455659030290533,70.98454904779015],[28.482503991639863,70.98454904779015],[28.482503991639863,70.99353215954007],[28.455659030290533,70.99353215954007],[28.455659030290533,70.98454904779015]]]},"properties":{"cell_id":"1060_7902","expected_nets":0.0005,"particle_count":2,"n_nets":2,"contributing_net_ids":["456e18aa-ddf2-494e-b309-badf3802d91f","5b5fdf6e-34fa-446c-a7f8-338b8f980dea"]}},{"type":"Feature","geometry":{"type":"Polygon","coordinates":[[[28.482503991639867,70.60725835429393],[28.509348952989196,70.60725835429393],[28.509348952989196,70.61624146604385],[28.482503991639867,70.61624146604385],[28.482503991639867,70.60725835429393]]]},"properties":{"cell_id":"1061_7860","expected_nets":0.0005,"particle_count":2,"n_nets":1,"contributing_net_ids":["a5f2d7f3-60b1-400b-8f91-f6403d9e7442"]}},{"type":"Feature","geometry":{"type":"Polygon","coordinates":[[[28.64357375973585,70.78692058929214],[28.67041872108518,70.78692058929214],[28.67041872108518,70.79590370104205],[28.64357375973585,70.79590370104205],[28.64357375973585,70.78692058929214]]]},"properties":{"cell_id":"1067_7880","expected_nets":0.0005,"particle_count":2,"n_nets":2,"contributing_net_ids":["9267ffae-e862-4c0c-8303-e43fbba92f68","f8bfcb7e-c7fd-402c-b02c-4f35bae30cbb"]}},{"type":"Feature","geometry":{"type":"Polygon","coordinates":[[[28.69726368243451,70.83183614804169],[28.72410864378384,70.83183614804169],[28.72410864378384,70.8408192597916],[28.69726368243451,70.8408192597916],[28.69726368243451,70.83183614804169]]]},"properties":{"cell_id":"1069_7885","expected_nets":0.0005,"particle_count":2,"n_nets":2,"contributing_net_ids":["15e549ea-ffd5-4ec2-98b7-32276621e3f2","a5827a71-1d16-4233-aebd-d14b478c5fff"]}},{"type":"Feature","geometry":{"type":"Polygon","coordinates":[[[28.938868334578487,70.13115343154868],[28.965713295927817,70.13115343154868],[28.965713295927817,70.1401365432986],[28.938868334578487,70.1401365432986],[28.938868334578487,70.13115343154868]]]},"properties":{"cell_id":"1078_7807","expected_nets":0.0005,"particle_count":2,"n_nets":1,"contributing_net_ids":["c52841a4-c77e-4497-a4e9-73f605567542"]}},{"type":"Feature","geometry":{"type":"Polygon","coordinates":[[[29.073093141325142,70.13115343154868],[29.09993810267447,70.13115343154868],[29.09993810267447,70.1401365432986],[29.073093141325142,70.1401365432986],[29.073093141325142,70.13115343154868]]]},"properties":{"cell_id":"1083_7807","expected_nets":0.0005,"particle_count":2,"n_nets":2,"contributing_net_ids":["183b3a5b-2fd0-4d2a-9c77-77281bb30173","2649e37d-4983-4386-bc52-e0093db3ec65"]}},{"type":"Feature","geometry":{"type":"Polygon","coordinates":[[[29.09993810267447,70.12217031979878],[29.1267830640238,70.12217031979878],[29.1267830640238,70.1311534315487],[29.09993810267447,70.1311534315487],[29.09993810267447,70.12217031979878]]]},"properties":{"cell_id":"1084_7806","expected_nets":0.0005,"particle_count":2,"n_nets":1,"contributing_net_ids":["2649e37d-4983-4386-bc52-e0093db3ec65"]}},{"type":"Feature","geometry":{"type":"Polygon","coordinates":[[[29.1267830640238,70.13115343154868],[29.15362802537313,70.13115343154868],[29.15362802537313,70.1401365432986],[29.1267830640238,70.1401365432986],[29.1267830640238,70.13115343154868]]]},"properties":{"cell_id":"1085_7807","expected_nets":0.0005,"particle_count":2,"n_nets":2,"contributing_net_ids":["183b3a5b-2fd0-4d2a-9c77-77281bb30173","2649e37d-4983-4386-bc52-e0093db3ec65"]}},{"type":"Feature","geometry":{"type":"Polygon","coordinates":[[[29.261007870770456,70.01437297879986],[29.287852832119786,70.01437297879986],[29.287852832119786,70.02335609054977],[29.261007870770456,70.02335609054977],[29.261007870770456,70.01437297879986]]]},"properties":{"cell_id":"1090_7794","expected_nets":0.0005,"particle_count":2,"n_nets":2,"contributing_net_ids":["2a840416-2518-4cd8-9332-09ee6dfac95f","73b4a014-4822-4620-9d9e-4cc02ebf79ab"]}},{"type":"Feature","geometry":{"type":"Polygon","coordinates":[[[29.44892260021577,69.99640675530003],[29.4757675615651,69.99640675530003],[29.4757675615651,70.00538986704994],[29.44892260021577,70.00538986704994],[29.44892260021577,69.99640675530003]]]},"properties":{"cell_id":"1097_7792","expected_nets":0.0005,"particle_count":2,"n_nets":2,"contributing_net_ids":["2a840416-2518-4cd8-9332-09ee6dfac95f","e987972b-877b-44cf-b400-eaef3df7f643"]}},{"type":"Feature","geometry":{"type":"Polygon","coordinates":[[[29.44892260021577,70.00538986704994],[29.4757675615651,70.00538986704994],[29.4757675615651,70.01437297879986],[29.44892260021577,70.01437297879986],[29.44892260021577,70.00538986704994]]]},"properties":{"cell_id":"1097_7793","expected_nets":0.0005,"particle_count":2,"n_nets":2,"contributing_net_ids":["183b3a5b-2fd0-4d2a-9c77-77281bb30173","2a840416-2518-4cd8-9332-09ee6dfac95f"]}},{"type":"Feature","geometry":{"type":"Polygon","coordinates":[[[29.502612522914433,69.99640675530003],[29.529457484263762,69.99640675530003],[29.529457484263762,70.00538986704994],[29.502612522914433,70.00538986704994],[29.502612522914433,69.99640675530003]]]},"properties":{"cell_id":"1099_7792","expected_nets":0.0005,"particle_count":2,"n_nets":1,"contributing_net_ids":["6ae9c1b0-2a7f-4315-a8f6-7e6491c6cb74"]}},{"type":"Feature","geometry":{"type":"Polygon","coordinates":[[[29.556302445613092,70.70607258354293],[29.58314740696242,70.70607258354293],[29.58314740696242,70.71505569529285],[29.556302445613092,70.71505569529285],[29.556302445613092,70.70607258354293]]]},"properties":{"cell_id":"1101_7871","expected_nets":0.0005,"particle_count":2,"n_nets":2,"contributing_net_ids":["92774a0e-6c8c-4eea-b18e-be40e50056f7","a5f2d7f3-60b1-400b-8f91-f6403d9e7442"]}},{"type":"Feature","geometry":{"type":"Polygon","coordinates":[[[29.690527252359747,69.9694574200503],[29.717372213709076,69.9694574200503],[29.717372213709076,69.97844053180022],[29.690527252359747,69.97844053180022],[29.690527252359747,69.9694574200503]]]},"properties":{"cell_id":"1106_7789","expected_nets":0.0005,"particle_count":2,"n_nets":2,"contributing_net_ids":["6b2ff976-a86c-46ff-9367-7349073cc0be","cd20f9be-e4bb-436b-ad0c-563775f7c010"]}},{"type":"Feature","geometry":{"type":"Polygon","coordinates":[[[29.87844198180506,69.89759252605103],[29.90528694315439,69.89759252605103],[29.90528694315439,69.90657563780094],[29.87844198180506,69.90657563780094],[29.87844198180506,69.89759252605103]]]},"properties":{"cell_id":"1113_7781","expected_nets":0.0005,"particle_count":2,"n_nets":1,"contributing_net_ids":["39d2f659-e666-4b43-ab4a-c4439252e729"]}},{"type":"Feature","geometry":{"type":"Polygon","coordinates":[[[30.120046633949038,69.85267696730148],[30.146891595298367,69.85267696730148],[30.146891595298367,69.86166007905139],[30.120046633949038,69.86166007905139],[30.120046633949038,69.85267696730148]]]},"properties":{"cell_id":"1122_7776","expected_nets":0.0005,"particle_count":2,"n_nets":2,"contributing_net_ids":["2a840416-2518-4cd8-9332-09ee6dfac95f","5ca74a64-d88d-45cb-a627-c8a2b8eea308"]}},{"type":"Feature","geometry":{"type":"Polygon","coordinates":[[[30.120046633949038,70.68810636004312],[30.146891595298367,70.68810636004312],[30.146891595298367,70.69708947179303],[30.120046633949038,70.69708947179303],[30.120046633949038,70.68810636004312]]]},"properties":{"cell_id":"1122_7869","expected_nets":0.0005,"particle_count":2,"n_nets":2,"contributing_net_ids":["0998896f-06e6-4fff-aa6b-85723c189a4e","17b986f2-2962-4704-b0e1-eabe0cbc5fed"]}},{"type":"Feature","geometry":{"type":"Polygon","coordinates":[[[30.1737365566477,70.67912324829321],[30.20058151799703,70.67912324829321],[30.20058151799703,70.68810636004312],[30.1737365566477,70.68810636004312],[30.1737365566477,70.67912324829321]]]},"properties":{"cell_id":"1124_7868","expected_nets":0.0005,"particle_count":2,"n_nets":2,"contributing_net_ids":["0998896f-06e6-4fff-aa6b-85723c189a4e","b31191d1-ab4d-46ca-9c4a-de20a2e095a1"]}},{"type":"Feature","geometry":{"type":"Polygon","coordinates":[[[30.20058151799703,70.09522098454904],[30.22742647934636,70.09522098454904],[30.22742647934636,70.10420409629896],[30.20058151799703,70.10420409629896],[30.20058151799703,70.09522098454904]]]},"properties":{"cell_id":"1125_7803","expected_nets":0.0005,"particle_count":2,"n_nets":2,"contributing_net_ids":["37e8bf79-8d0c-4820-9b6c-98fdaa828590","b44ee1c5-8e80-49ac-93f1-e4399df11d7f"]}},{"type":"Feature","geometry":{"type":"Polygon","coordinates":[[[30.30796136339435,70.12217031979878],[30.33480632474368,70.12217031979878],[30.33480632474368,70.1311534315487],[30.30796136339435,70.1311534315487],[30.30796136339435,70.12217031979878]]]},"properties":{"cell_id":"1129_7806","expected_nets":0.0005,"particle_count":2,"n_nets":2,"contributing_net_ids":["0044b29c-5a23-4047-8f64-6763e05133e4","39d2f659-e666-4b43-ab4a-c4439252e729"]}},{"type":"Feature","geometry":{"type":"Polygon","coordinates":[[[30.334806324743685,70.13115343154868],[30.361651286093014,70.13115343154868],[30.361651286093014,70.1401365432986],[30.334806324743685,70.1401365432986],[30.334806324743685,70.13115343154868]]]},"properties":{"cell_id":"1130_7807","expected_nets":0.0005,"particle_count":2,"n_nets":1,"contributing_net_ids":["444ac6fa-3c86-44c4-a0b0-2e7d79922517"]}},{"type":"Feature","geometry":{"type":"Polygon","coordinates":[[[30.388496247442344,70.19403521379806],[30.415341208791673,70.19403521379806],[30.415341208791673,70.20301832554797],[30.388496247442344,70.20301832554797],[30.388496247442344,70.19403521379806]]]},"properties":{"cell_id":"1132_7814","expected_nets":0.0005,"particle_count":2,"n_nets":2,"contributing_net_ids":["39d2f659-e666-4b43-ab4a-c4439252e729","413b3abc-f65b-4b08-bae5-c33750216192"]}},{"type":"Feature","geometry":{"type":"Polygon","coordinates":[[[30.522721054189,69.81674452030184],[30.54956601553833,69.81674452030184],[30.54956601553833,69.82572763205175],[30.522721054189,69.82572763205175],[30.522721054189,69.81674452030184]]]},"properties":{"cell_id":"1137_7772","expected_nets":0.0005,"particle_count":2,"n_nets":2,"contributing_net_ids":["285cb79f-371f-48f7-ad51-d9c0c62f9384","822fb14e-3e5d-4d49-842e-39d6f5621e8b"]}},{"type":"Feature","geometry":{"type":"Polygon","coordinates":[[[30.522721054189,70.23895077254761],[30.54956601553833,70.23895077254761],[30.54956601553833,70.24793388429752],[30.522721054189,70.24793388429752],[30.522721054189,70.23895077254761]]]},"properties":{"cell_id":"1137_7819","expected_nets":0.0005,"particle_count":2,"n_nets":2,"contributing_net_ids":["413b3abc-f65b-4b08-bae5-c33750216192","491a8576-d12c-4378-8c01-07c2717e4a07"]}},{"type":"Feature","geometry":{"type":"Polygon","coordinates":[[[30.54956601553833,69.80776140855193],[30.576410976887658,69.80776140855193],[30.576410976887658,69.81674452030184],[30.54956601553833,69.81674452030184],[30.54956601553833,69.80776140855193]]]},"properties":{"cell_id":"1138_7771","expected_nets":0.0005,"particle_count":2,"n_nets":2,"contributing_net_ids":["5bc9b541-9afc-45ba-95db-3a4685de44a3","822fb14e-3e5d-4d49-842e-39d6f5621e8b"]}},{"type":"Feature","geometry":{"type":"Polygon","coordinates":[[[30.63010089958632,69.80776140855193],[30.65694586093565,69.80776140855193],[30.65694586093565,69.81674452030184],[30.63010089958632,69.81674452030184],[30.63010089958632,69.80776140855193]]]},"properties":{"cell_id":"1141_7771","expected_nets":0.0005,"particle_count":2,"n_nets":2,"contributing_net_ids":["2649e37d-4983-4386-bc52-e0093db3ec65","cd20f9be-e4bb-436b-ad0c-563775f7c010"]}},{"type":"Feature","geometry":{"type":"Polygon","coordinates":[[[30.791170667682305,69.7897951850521],[30.818015629031635,69.7897951850521],[30.818015629031635,69.79877829680201],[30.791170667682305,69.79877829680201],[30.791170667682305,69.7897951850521]]]},"properties":{"cell_id":"1147_7769","expected_nets":0.0005,"particle_count":2,"n_nets":2,"contributing_net_ids":["183b3a5b-2fd0-4d2a-9c77-77281bb30173","af60421e-dd2b-4078-918a-15ff5661dac7"]}},{"type":"Feature","geometry":{"type":"Polygon","coordinates":[[[30.818015629031635,69.7897951850521],[30.844860590380964,69.7897951850521],[30.844860590380964,69.79877829680201],[30.818015629031635,69.79877829680201],[30.818015629031635,69.7897951850521]]]},"properties":{"cell_id":"1148_7769","expected_nets":0.0005,"particle_count":2,"n_nets":2,"contributing_net_ids":["2649e37d-4983-4386-bc52-e0093db3ec65","39d2f659-e666-4b43-ab4a-c4439252e729"]}},{"type":"Feature","geometry":{"type":"Polygon","coordinates":[[[30.92539547442896,70.44556234279554],[30.95224043577829,70.44556234279554],[30.95224043577829,70.45454545454545],[30.92539547442896,70.45454545454545],[30.92539547442896,70.44556234279554]]]},"properties":{"cell_id":"1152_7842","expected_nets":0.0005,"particle_count":2,"n_nets":2,"contributing_net_ids":["17b986f2-2962-4704-b0e1-eabe0cbc5fed","a5f2d7f3-60b1-400b-8f91-f6403d9e7442"]}},{"type":"Feature","geometry":{"type":"Polygon","coordinates":[[[31.032775319826282,70.38268056054618],[31.05962028117561,70.38268056054618],[31.05962028117561,70.39166367229609],[31.032775319826282,70.39166367229609],[31.032775319826282,70.38268056054618]]]},"properties":{"cell_id":"1156_7835","expected_nets":0.0005,"particle_count":2,"n_nets":2,"contributing_net_ids":["456e18aa-ddf2-494e-b309-badf3802d91f","e89f3dd1-1609-47c4-b490-a9358c7f09a8"]}},{"type":"Feature","geometry":{"type":"Polygon","coordinates":[[[31.27437997197026,69.73589651455264],[31.301224933319588,69.73589651455264],[31.301224933319588,69.74487962630255],[31.27437997197026,69.74487962630255],[31.27437997197026,69.73589651455264]]]},"properties":{"cell_id":"1165_7763","expected_nets":0.0005,"particle_count":2,"n_nets":2,"contributing_net_ids":["875fd11c-f2c7-4f5c-9d85-3053dab0618b","e987972b-877b-44cf-b400-eaef3df7f643"]}},{"type":"Feature","geometry":{"type":"Polygon","coordinates":[[[31.515984624114235,69.68199784405319],[31.542829585463565,69.68199784405319],[31.542829585463565,69.6909809558031],[31.515984624114235,69.6909809558031],[31.515984624114235,69.68199784405319]]]},"properties":{"cell_id":"1174_7757","expected_nets":0.0005,"particle_count":2,"n_nets":2,"contributing_net_ids":["6b2ff976-a86c-46ff-9367-7349073cc0be","e987972b-877b-44cf-b400-eaef3df7f643"]}},{"type":"Feature","geometry":{"type":"Polygon","coordinates":[[[31.623364469511557,69.80776140855193],[31.650209430860887,69.80776140855193],[31.650209430860887,69.81674452030184],[31.623364469511557,69.81674452030184],[31.623364469511557,69.80776140855193]]]},"properties":{"cell_id":"1178_7771","expected_nets":0.0005,"particle_count":2,"n_nets":2,"contributing_net_ids":["413b3abc-f65b-4b08-bae5-c33750216192","491a8576-d12c-4378-8c01-07c2717e4a07"]}},{"type":"Feature","geometry":{"type":"Polygon","coordinates":[[[31.67705439221022,69.66403162055336],[31.70389935355955,69.66403162055336],[31.70389935355955,69.67301473230327],[31.67705439221022,69.67301473230327],[31.67705439221022,69.66403162055336]]]},"properties":{"cell_id":"1180_7755","expected_nets":0.0005,"particle_count":2,"n_nets":2,"contributing_net_ids":["444ac6fa-3c86-44c4-a0b0-2e7d79922517","5ca74a64-d88d-45cb-a627-c8a2b8eea308"]}},{"type":"Feature","geometry":{"type":"Polygon","coordinates":[[[31.75758927625821,69.65504850880345],[31.784434237607538,69.65504850880345],[31.784434237607538,69.66403162055336],[31.75758927625821,69.66403162055336],[31.75758927625821,69.65504850880345]]]},"properties":{"cell_id":"1183_7754","expected_nets":0.0005,"particle_count":2,"n_nets":2,"contributing_net_ids":["39d2f659-e666-4b43-ab4a-c4439252e729","59cde757-4957-437b-86cd-8d9932cbb5a2"]}},{"type":"Feature","geometry":{"type":"Polygon","coordinates":[[[31.75758927625821,69.69098095580308],[31.784434237607538,69.69098095580308],[31.784434237607538,69.699964067553],[31.75758927625821,69.699964067553],[31.75758927625821,69.69098095580308]]]},"properties":{"cell_id":"1183_7758","expected_nets":0.0005,"particle_count":2,"n_nets":2,"contributing_net_ids":["37e8bf79-8d0c-4820-9b6c-98fdaa828590","39d2f659-e666-4b43-ab4a-c4439252e729"]}},{"type":"Feature","geometry":{"type":"Polygon","coordinates":[[[31.78443423760754,69.82572763205174],[31.81127919895687,69.82572763205174],[31.81127919895687,69.83471074380165],[31.78443423760754,69.83471074380165],[31.78443423760754,69.82572763205174]]]},"properties":{"cell_id":"1184_7773","expected_nets":0.0005,"particle_count":2,"n_nets":2,"contributing_net_ids":["43c5d8b6-1fb3-465b-b441-487f33c6a908","cb0ddc2d-92e0-4234-b4cb-6ca7c091c319"]}},{"type":"Feature","geometry":{"type":"Polygon","coordinates":[[[31.945504005703526,69.86166007905139],[31.972348967052856,69.86166007905139],[31.972348967052856,69.8706431908013],[31.945504005703526,69.8706431908013],[31.945504005703526,69.86166007905139]]]},"properties":{"cell_id":"1190_7777","expected_nets":0.0005,"particle_count":2,"n_nets":2,"contributing_net_ids":["413b3abc-f65b-4b08-bae5-c33750216192","af60421e-dd2b-4078-918a-15ff5661dac7"]}},{"type":"Feature","geometry":{"type":"Polygon","coordinates":[[[31.972348967052856,69.83471074380165],[31.999193928402185,69.83471074380165],[31.999193928402185,69.84369385555156],[31.972348967052856,69.84369385555156],[31.972348967052856,69.83471074380165]]]},"properties":{"cell_id":"1191_7774","expected_nets":0.0005,"particle_count":2,"n_nets":1,"contributing_net_ids":["413b3abc-f65b-4b08-bae5-c33750216192"]}},{"type":"Feature","geometry":{"type":"Polygon","coordinates":[[[32.052883851100844,69.78081207330219],[32.07972881245018,69.78081207330219],[32.07972881245018,69.7897951850521],[32.052883851100844,69.7897951850521],[32.052883851100844,69.78081207330219]]]},"properties":{"cell_id":"1194_7768","expected_nets":0.0005,"particle_count":2,"n_nets":1,"contributing_net_ids":["413b3abc-f65b-4b08-bae5-c33750216192"]}},{"type":"Feature","geometry":{"type":"Polygon","coordinates":[[[32.052883851100844,69.7897951850521],[32.07972881245018,69.7897951850521],[32.07972881245018,69.79877829680201],[32.052883851100844,69.79877829680201],[32.052883851100844,69.7897951850521]]]},"properties":{"cell_id":"1194_7769","expected_nets":0.0005,"particle_count":2,"n_nets":2,"contributing_net_ids":["413b3abc-f65b-4b08-bae5-c33750216192","822fb14e-3e5d-4d49-842e-39d6f5621e8b"]}},{"type":"Feature","geometry":{"type":"Polygon","coordinates":[[[32.16026369649817,69.91555874955084],[32.1871086578475,69.91555874955084],[32.1871086578475,69.92454186130075],[32.16026369649817,69.92454186130075],[32.16026369649817,69.91555874955084]]]},"properties":{"cell_id":"1198_7783","expected_nets":0.0005,"particle_count":2,"n_nets":2,"contributing_net_ids":["43c5d8b6-1fb3-465b-b441-487f33c6a908","4f1df18f-2aa1-40db-923c-9e7359a62300"]}},{"type":"Feature","geometry":{"type":"Polygon","coordinates":[[[32.48240323269014,69.82572763205174],[32.50924819403947,69.82572763205174],[32.50924819403947,69.83471074380165],[32.48240323269014,69.83471074380165],[32.48240323269014,69.82572763205174]]]},"properties":{"cell_id":"1210_7773","expected_nets":0.0005,"particle_count":2,"n_nets":2,"contributing_net_ids":["4f1df18f-2aa1-40db-923c-9e7359a62300","822fb14e-3e5d-4d49-842e-39d6f5621e8b"]}},{"type":"Feature","geometry":{"type":"Polygon","coordinates":[[[32.83138773023144,69.77182896155229],[32.858232691580774,69.77182896155229],[32.858232691580774,69.7808120733022],[32.83138773023144,69.7808120733022],[32.83138773023144,69.77182896155229]]]},"properties":{"cell_id":"1223_7767","expected_nets":0.0005,"particle_count":2,"n_nets":2,"contributing_net_ids":["1cd692f0-e1bd-4f62-9162-4f5a33f16ae9","456e18aa-ddf2-494e-b309-badf3802d91f"]}},{"type":"Feature","geometry":{"type":"Polygon","coordinates":[[[25.23426366837085,71.02048149478979],[25.26110862972018,71.02048149478979],[25.26110862972018,71.0294646065397],[25.23426366837085,71.0294646065397],[25.23426366837085,71.02048149478979]]]},"properties":{"cell_id":"940_7906","expected_nets":0.0005,"particle_count":2,"n_nets":1,"contributing_net_ids":["c4c6d9a6-bf57-4182-966d-55046e277ae0"]}},{"type":"Feature","geometry":{"type":"Polygon","coordinates":[[[25.261108629720184,71.02048149478979],[25.287953591069513,71.02048149478979],[25.287953591069513,71.0294646065397],[25.261108629720184,71.0294646065397],[25.261108629720184,71.02048149478979]]]},"properties":{"cell_id":"941_7906","expected_nets":0.0005,"particle_count":2,"n_nets":1,"contributing_net_ids":["c4c6d9a6-bf57-4182-966d-55046e277ae0"]}},{"type":"Feature","geometry":{"type":"Polygon","coordinates":[[[25.261108629720184,71.03844771828962],[25.287953591069513,71.03844771828962],[25.287953591069513,71.04743083003953],[25.261108629720184,71.04743083003953],[25.261108629720184,71.03844771828962]]]},"properties":{"cell_id":"941_7908","expected_nets":0.0005,"particle_count":2,"n_nets":1,"contributing_net_ids":["c4c6d9a6-bf57-4182-966d-55046e277ae0"]}},{"type":"Feature","geometry":{"type":"Polygon","coordinates":[[[25.368488475117505,70.28386633129716],[25.395333436466835,70.28386633129716],[25.395333436466835,70.29284944304707],[25.368488475117505,70.29284944304707],[25.368488475117505,70.28386633129716]]]},"properties":{"cell_id":"945_7824","expected_nets":0.0005,"particle_count":2,"n_nets":1,"contributing_net_ids":["065457f6-ccdd-491e-8dbf-470416157a18"]}},{"type":"Feature","geometry":{"type":"Polygon","coordinates":[[[25.475868320514827,70.36471433704635],[25.502713281864157,70.36471433704635],[25.502713281864157,70.37369744879626],[25.475868320514827,70.37369744879626],[25.475868320514827,70.36471433704635]]]},"properties":{"cell_id":"949_7833","expected_nets":0.0005,"particle_count":2,"n_nets":2,"contributing_net_ids":["b68c38a7-1ccd-4ae6-9801-c4f2ce607946","e75a847a-c3de-4b7e-a353-9f70acc6da3e"]}},{"type":"Feature","geometry":{"type":"Polygon","coordinates":[[[25.475868320514827,70.37369744879626],[25.502713281864157,70.37369744879626],[25.502713281864157,70.38268056054618],[25.475868320514827,70.38268056054618],[25.475868320514827,70.37369744879626]]]},"properties":{"cell_id":"949_7834","expected_nets":0.0005,"particle_count":2,"n_nets":2,"contributing_net_ids":["b68c38a7-1ccd-4ae6-9801-c4f2ce607946","efe29baa-49f5-4eef-bf00-780fc94fd192"]}},{"type":"Feature","geometry":{"type":"Polygon","coordinates":[[[25.55640320456282,70.39166367229609],[25.58324816591215,70.39166367229609],[25.58324816591215,70.400646784046],[25.55640320456282,70.400646784046],[25.55640320456282,70.39166367229609]]]},"properties":{"cell_id":"952_7836","expected_nets":0.0005,"particle_count":2,"n_nets":2,"contributing_net_ids":["e75a847a-c3de-4b7e-a353-9f70acc6da3e","efe29baa-49f5-4eef-bf00-780fc94fd192"]}},{"type":"Feature","geometry":{"type":"Polygon","coordinates":[[[25.58324816591215,70.4096298957959],[25.61009312726148,70.4096298957959],[25.61009312726148,70.41861300754582],[25.58324816591215,70.41861300754582],[25.58324816591215,70.4096298957959]]]},"properties":{"cell_id":"953_7838","expected_nets":0.0005,"particle_count":2,"n_nets":2,"contributing_net_ids":["b68c38a7-1ccd-4ae6-9801-c4f2ce607946","efe29baa-49f5-4eef-bf00-780fc94fd192"]}},{"type":"Feature","geometry":{"type":"Polygon","coordinates":[[[25.58324816591215,70.93065037729069],[25.61009312726148,70.93065037729069],[25.61009312726148,70.9396334890406],[25.58324816591215,70.9396334890406],[25.58324816591215,70.93065037729069]]]},"properties":{"cell_id":"953_7896","expected_nets":0.0005,"particle_count":2,"n_nets":2,"contributing_net_ids":["0dc85fe8-24ce-4a5b-9c68-10fde23c3974","470db2b9-33e2-459d-b899-d527741f15ff"]}},{"type":"Feature","geometry":{"type":"Polygon","coordinates":[[[25.610093127261482,70.44556234279554],[25.636938088610812,70.44556234279554],[25.636938088610812,70.45454545454545],[25.610093127261482,70.45454545454545],[25.610093127261482,70.44556234279554]]]},"properties":{"cell_id":"954_7842","expected_nets":0.0005,"particle_count":2,"n_nets":1,"contributing_net_ids":["efe29baa-49f5-4eef-bf00-780fc94fd192"]}},{"type":"Feature","geometry":{"type":"Polygon","coordinates":[[[25.636938088610812,70.45454545454545],[25.66378304996014,70.45454545454545],[25.66378304996014,70.46352856629537],[25.636938088610812,70.46352856629537],[25.636938088610812,70.45454545454545]]]},"properties":{"cell_id":"955_7843","expected_nets":0.0005,"particle_count":2,"n_nets":1,"contributing_net_ids":["e75a847a-c3de-4b7e-a353-9f70acc6da3e"]}},{"type":"Feature","geometry":{"type":"Polygon","coordinates":[[[25.66378304996014,70.71505569529285],[25.69062801130947,70.71505569529285],[25.69062801130947,70.72403880704276],[25.66378304996014,70.72403880704276],[25.66378304996014,70.71505569529285]]]},"properties":{"cell_id":"956_7872","expected_nets":0.0005,"particle_count":2,"n_nets":2,"contributing_net_ids":["b68c38a7-1ccd-4ae6-9801-c4f2ce607946","e75a847a-c3de-4b7e-a353-9f70acc6da3e"]}},{"type":"Feature","geometry":{"type":"Polygon","coordinates":[[[25.690628011309474,70.72403880704276],[25.717472972658804,70.72403880704276],[25.717472972658804,70.73302191879267],[25.690628011309474,70.73302191879267],[25.690628011309474,70.72403880704276]]]},"properties":{"cell_id":"957_7873","expected_nets":0.0005,"particle_count":2,"n_nets":2,"contributing_net_ids":["b68c38a7-1ccd-4ae6-9801-c4f2ce607946","efe29baa-49f5-4eef-bf00-780fc94fd192"]}},{"type":"Feature","geometry":{"type":"Polygon","coordinates":[[[25.717472972658804,70.77793747754222],[25.744317934008134,70.77793747754222],[25.744317934008134,70.78692058929214],[25.717472972658804,70.78692058929214],[25.717472972658804,70.77793747754222]]]},"properties":{"cell_id":"958_7879","expected_nets":0.0005,"particle_count":2,"n_nets":2,"contributing_net_ids":["b68c38a7-1ccd-4ae6-9801-c4f2ce607946","e75a847a-c3de-4b7e-a353-9f70acc6da3e"]}},{"type":"Feature","geometry":{"type":"Polygon","coordinates":[[[25.744317934008134,70.51742723679483],[25.771162895357463,70.51742723679483],[25.771162895357463,70.52641034854474],[25.744317934008134,70.52641034854474],[25.744317934008134,70.51742723679483]]]},"properties":{"cell_id":"959_7850","expected_nets":0.0005,"particle_count":2,"n_nets":2,"contributing_net_ids":["b68c38a7-1ccd-4ae6-9801-c4f2ce607946","e75a847a-c3de-4b7e-a353-9f70acc6da3e"]}},{"type":"Feature","geometry":{"type":"Polygon","coordinates":[[[25.744317934008134,70.75098814229248],[25.771162895357463,70.75098814229248],[25.771162895357463,70.7599712540424],[25.744317934008134,70.7599712540424],[25.744317934008134,70.75098814229248]]]},"properties":{"cell_id":"959_7876","expected_nets":0.0005,"particle_count":2,"n_nets":1,"contributing_net_ids":["b68c38a7-1ccd-4ae6-9801-c4f2ce607946"]}},{"type":"Feature","geometry":{"type":"Polygon","coordinates":[[[25.744317934008134,70.77793747754222],[25.771162895357463,70.77793747754222],[25.771162895357463,70.78692058929214],[25.744317934008134,70.78692058929214],[25.744317934008134,70.77793747754222]]]},"properties":{"cell_id":"959_7879","expected_nets":0.0005,"particle_count":2,"n_nets":2,"contributing_net_ids":["b68c38a7-1ccd-4ae6-9801-c4f2ce607946","efe29baa-49f5-4eef-bf00-780fc94fd192"]}},{"type":"Feature","geometry":{"type":"Polygon","coordinates":[[[25.771162895357467,70.67912324829321],[25.798007856706796,70.67912324829321],[25.798007856706796,70.68810636004312],[25.771162895357467,70.68810636004312],[25.771162895357467,70.67912324829321]]]},"properties":{"cell_id":"960_7868","expected_nets":0.0005,"particle_count":2,"n_nets":2,"contributing_net_ids":["e75a847a-c3de-4b7e-a353-9f70acc6da3e","efe29baa-49f5-4eef-bf00-780fc94fd192"]}},{"type":"Feature","geometry":{"type":"Polygon","coordinates":[[[25.771162895357467,70.96658282429033],[25.798007856706796,70.96658282429033],[25.798007856706796,70.97556593604024],[25.771162895357467,70.97556593604024],[25.771162895357467,70.96658282429033]]]},"properties":{"cell_id":"960_7900","expected_nets":0.0005,"particle_count":2,"n_nets":2,"contributing_net_ids":["0dc85fe8-24ce-4a5b-9c68-10fde23c3974","470db2b9-33e2-459d-b899-d527741f15ff"]}},{"type":"Feature","geometry":{"type":"Polygon","coordinates":[[[25.798007856706796,70.89471793029105],[25.824852818056126,70.89471793029105],[25.824852818056126,70.90370104204096],[25.798007856706796,70.90370104204096],[25.798007856706796,70.89471793029105]]]},"properties":{"cell_id":"961_7892","expected_nets":0.0005,"particle_count":2,"n_nets":2,"contributing_net_ids":["0dc85fe8-24ce-4a5b-9c68-10fde23c3974","1856880d-fea0-414e-9d9b-151b7bafb7eb"]}},{"type":"Feature","geometry":{"type":"Polygon","coordinates":[[[25.824852818056126,70.55335968379447],[25.851697779405455,70.55335968379447],[25.851697779405455,70.56234279554438],[25.824852818056126,70.56234279554438],[25.824852818056126,70.55335968379447]]]},"properties":{"cell_id":"962_7854","expected_nets":0.0005,"particle_count":2,"n_nets":2,"contributing_net_ids":["b68c38a7-1ccd-4ae6-9801-c4f2ce607946","e75a847a-c3de-4b7e-a353-9f70acc6da3e"]}},{"type":"Feature","geometry":{"type":"Polygon","coordinates":[[[25.824852818056126,70.66115702479338],[25.851697779405455,70.66115702479338],[25.851697779405455,70.6701401365433],[25.824852818056126,70.6701401365433],[25.824852818056126,70.66115702479338]]]},"properties":{"cell_id":"962_7866","expected_nets":0.0005,"particle_count":2,"n_nets":2,"contributing_net_ids":["e75a847a-c3de-4b7e-a353-9f70acc6da3e","efe29baa-49f5-4eef-bf00-780fc94fd192"]}},{"type":"Feature","geometry":{"type":"Polygon","coordinates":[[[25.824852818056126,70.70607258354293],[25.851697779405455,70.70607258354293],[25.851697779405455,70.71505569529285],[25.824852818056126,70.71505569529285],[25.824852818056126,70.70607258354293]]]},"properties":{"cell_id":"962_7871","expected_nets":0.0005,"particle_count":2,"n_nets":1,"contributing_net_ids":["b68c38a7-1ccd-4ae6-9801-c4f2ce607946"]}},{"type":"Feature","geometry":{"type":"Polygon","coordinates":[[[25.85169777940546,70.75098814229248],[25.87854274075479,70.75098814229248],[25.87854274075479,70.7599712540424],[25.85169777940546,70.7599712540424],[25.85169777940546,70.75098814229248]]]},"properties":{"cell_id":"963_7876","expected_nets":0.0005,"particle_count":2,"n_nets":1,"contributing_net_ids":["efe29baa-49f5-4eef-bf00-780fc94fd192"]}},{"type":"Feature","geometry":{"type":"Polygon","coordinates":[[[25.87854274075479,70.57132590729428],[25.905387702104118,70.57132590729428],[25.905387702104118,70.5803090190442],[25.87854274075479,70.5803090190442],[25.87854274075479,70.57132590729428]]]},"properties":{"cell_id":"964_7856","expected_nets":0.0005,"particle_count":2,"n_nets":1,"contributing_net_ids":["efe29baa-49f5-4eef-bf00-780fc94fd192"]}},{"type":"Feature","geometry":{"type":"Polygon","coordinates":[[[25.95907762480278,70.61624146604383],[25.98592258615211,70.61624146604383],[25.98592258615211,70.62522457779374],[25.95907762480278,70.62522457779374],[25.95907762480278,70.61624146604383]]]},"properties":{"cell_id":"967_7861","expected_nets":0.0005,"particle_count":2,"n_nets":2,"contributing_net_ids":["e75a847a-c3de-4b7e-a353-9f70acc6da3e","efe29baa-49f5-4eef-bf00-780fc94fd192"]}},{"type":"Feature","geometry":{"type":"Polygon","coordinates":[[[25.95907762480278,70.97556593604024],[25.98592258615211,70.97556593604024],[25.98592258615211,70.98454904779015],[25.95907762480278,70.98454904779015],[25.95907762480278,70.97556593604024]]]},"properties":{"cell_id":"967_7901","expected_nets":0.0005,"particle_count":2,"n_nets":2,"contributing_net_ids":["1856880d-fea0-414e-9d9b-151b7bafb7eb","a95c2f17-baa3-44dd-b464-4313692da315"]}},{"type":"Feature","geometry":{"type":"Polygon","coordinates":[[[25.95907762480278,70.99353215954007],[25.98592258615211,70.99353215954007],[25.98592258615211,71.00251527128998],[25.95907762480278,71.00251527128998],[25.95907762480278,70.99353215954007]]]},"properties":{"cell_id":"967_7903","expected_nets":0.0005,"particle_count":2,"n_nets":2,"contributing_net_ids":["5e862cee-8b9f-45d7-8ca0-daaa28a39706","d9de1f0e-7743-4a5a-950e-71a72e96bff4"]}},{"type":"Feature","geometry":{"type":"Polygon","coordinates":[[[26.012767547501443,70.65217391304348],[26.039612508850773,70.65217391304348],[26.039612508850773,70.6611570247934],[26.012767547501443,70.6611570247934],[26.012767547501443,70.65217391304348]]]},"properties":{"cell_id":"969_7865","expected_nets":0.0005,"particle_count":2,"n_nets":1,"contributing_net_ids":["e75a847a-c3de-4b7e-a353-9f70acc6da3e"]}},{"type":"Feature","geometry":{"type":"Polygon","coordinates":[[[26.012767547501443,70.6701401365433],[26.039612508850773,70.6701401365433],[26.039612508850773,70.67912324829321],[26.012767547501443,70.67912324829321],[26.012767547501443,70.6701401365433]]]},"properties":{"cell_id":"969_7867","expected_nets":0.0005,"particle_count":2,"n_nets":1,"contributing_net_ids":["b68c38a7-1ccd-4ae6-9801-c4f2ce607946"]}},{"type":"Feature","geometry":{"type":"Polygon","coordinates":[[[26.012767547501443,70.69708947179303],[26.039612508850773,70.69708947179303],[26.039612508850773,70.70607258354295],[26.012767547501443,70.70607258354295],[26.012767547501443,70.69708947179303]]]},"properties":{"cell_id":"969_7870","expected_nets":0.0005,"particle_count":2,"n_nets":2,"contributing_net_ids":["a95c2f17-baa3-44dd-b464-4313692da315","e75a847a-c3de-4b7e-a353-9f70acc6da3e"]}},{"type":"Feature","geometry":{"type":"Polygon","coordinates":[[[26.066457470200103,70.72403880704276],[26.093302431549432,70.72403880704276],[26.093302431549432,70.73302191879267],[26.066457470200103,70.73302191879267],[26.066457470200103,70.72403880704276]]]},"properties":{"cell_id":"971_7873","expected_nets":0.0005,"particle_count":2,"n_nets":2,"contributing_net_ids":["470db2b9-33e2-459d-b899-d527741f15ff","efe29baa-49f5-4eef-bf00-780fc94fd192"]}},{"type":"Feature","geometry":{"type":"Polygon","coordinates":[[[26.066457470200103,70.98454904779015],[26.093302431549432,70.98454904779015],[26.093302431549432,70.99353215954007],[26.066457470200103,70.99353215954007],[26.066457470200103,70.98454904779015]]]},"properties":{"cell_id":"971_7902","expected_nets":0.0005,"particle_count":2,"n_nets":2,"contributing_net_ids":["5e862cee-8b9f-45d7-8ca0-daaa28a39706","efe29baa-49f5-4eef-bf00-780fc94fd192"]}},{"type":"Feature","geometry":{"type":"Polygon","coordinates":[[[26.066457470200103,71.02048149478979],[26.093302431549432,71.02048149478979],[26.093302431549432,71.0294646065397],[26.066457470200103,71.0294646065397],[26.066457470200103,71.02048149478979]]]},"properties":{"cell_id":"971_7906","expected_nets":0.0005,"particle_count":2,"n_nets":2,"contributing_net_ids":["cabe54b4-68f5-4047-9a69-f3a33abca056","e75a847a-c3de-4b7e-a353-9f70acc6da3e"]}},{"type":"Feature","geometry":{"type":"Polygon","coordinates":[[[26.093302431549432,70.71505569529285],[26.12014739289876,70.71505569529285],[26.12014739289876,70.72403880704276],[26.093302431549432,70.72403880704276],[26.093302431549432,70.71505569529285]]]},"properties":{"cell_id":"972_7872","expected_nets":0.0005,"particle_count":2,"n_nets":2,"contributing_net_ids":["e75a847a-c3de-4b7e-a353-9f70acc6da3e","efe29baa-49f5-4eef-bf00-780fc94fd192"]}},{"type":"Feature","geometry":{"type":"Polygon","coordinates":[[[26.120147392898765,70.7599712540424],[26.146992354248095,70.7599712540424],[26.146992354248095,70.76895436579231],[26.120147392898765,70.76895436579231],[26.120147392898765,70.7599712540424]]]},"properties":{"cell_id":"973_7877","expected_nets":0.0005,"particle_count":2,"n_nets":2,"contributing_net_ids":["470db2b9-33e2-459d-b899-d527741f15ff","e75a847a-c3de-4b7e-a353-9f70acc6da3e"]}},{"type":"Feature","geometry":{"type":"Polygon","coordinates":[[[26.120147392898765,70.99353215954007],[26.146992354248095,70.99353215954007],[26.146992354248095,71.00251527128998],[26.120147392898765,71.00251527128998],[26.120147392898765,70.99353215954007]]]},"properties":{"cell_id":"973_7903","expected_nets":0.0005,"particle_count":2,"n_nets":1,"contributing_net_ids":["5e862cee-8b9f-45d7-8ca0-daaa28a39706"]}},{"type":"Feature","geometry":{"type":"Polygon","coordinates":[[[26.146992354248095,71.00251527128998],[26.173837315597424,71.00251527128998],[26.173837315597424,71.01149838303989],[26.146992354248095,71.01149838303989],[26.146992354248095,71.00251527128998]]]},"properties":{"cell_id":"974_7904","expected_nets":0.0005,"particle_count":2,"n_nets":1,"contributing_net_ids":["5e862cee-8b9f-45d7-8ca0-daaa28a39706"]}},{"type":"Feature","geometry":{"type":"Polygon","coordinates":[[[26.30806212234408,70.83183614804169],[26.33490708369341,70.83183614804169],[26.33490708369341,70.8408192597916],[26.30806212234408,70.8408192597916],[26.30806212234408,70.83183614804169]]]},"properties":{"cell_id":"980_7885","expected_nets":0.0005,"particle_count":2,"n_nets":2,"contributing_net_ids":["5e862cee-8b9f-45d7-8ca0-daaa28a39706","b68c38a7-1ccd-4ae6-9801-c4f2ce607946"]}},{"type":"Feature","geometry":{"type":"Polygon","coordinates":[[[26.683891581234708,70.83183614804169],[26.710736542584037,70.83183614804169],[26.710736542584037,70.8408192597916],[26.683891581234708,70.8408192597916],[26.683891581234708,70.83183614804169]]]},"properties":{"cell_id":"994_7885","expected_nets":0.0005,"particle_count":2,"n_nets":2,"contributing_net_ids":["e5dc0a98-2f84-4a90-abe0-8b1a1d0116ed","f8bfcb7e-c7fd-402c-b02c-4f35bae30cbb"]}},{"type":"Feature","geometry":{"type":"Polygon","coordinates":[[[26.7644264652827,70.84081925979159],[26.79127142663203,70.84081925979159],[26.79127142663203,70.8498023715415],[26.7644264652827,70.8498023715415],[26.7644264652827,70.84081925979159]]]},"properties":{"cell_id":"997_7886","expected_nets":0.0005,"particle_count":2,"n_nets":1,"contributing_net_ids":["2e00546b-1350-4f4a-84bd-55da3dcb55ed"]}},{"type":"Feature","geometry":{"type":"Polygon","coordinates":[[[26.871806310680025,70.51742723679483],[26.898651272029355,70.51742723679483],[26.898651272029355,70.52641034854474],[26.871806310680025,70.52641034854474],[26.871806310680025,70.51742723679483]]]},"properties":{"cell_id":"1001_7850","expected_nets":0.0003,"particle_count":1,"n_nets":1,"contributing_net_ids":["5b5fdf6e-34fa-446c-a7f8-338b8f980dea"]}},{"type":"Feature","geometry":{"type":"Polygon","coordinates":[[[26.871806310680025,70.5803090190442],[26.898651272029355,70.5803090190442],[26.898651272029355,70.5892921307941],[26.871806310680025,70.5892921307941],[26.871806310680025,70.5803090190442]]]},"properties":{"cell_id":"1001_7857","expected_nets":0.0003,"particle_count":1,"n_nets":1,"contributing_net_ids":["5b5fdf6e-34fa-446c-a7f8-338b8f980dea"]}},{"type":"Feature","geometry":{"type":"Polygon","coordinates":[[[26.952341194728017,70.59827524254402],[26.979186156077347,70.59827524254402],[26.979186156077347,70.60725835429393],[26.952341194728017,70.60725835429393],[26.952341194728017,70.59827524254402]]]},"properties":{"cell_id":"1004_7859","expected_nets":0.0003,"particle_count":1,"n_nets":1,"contributing_net_ids":["01a0254d-21d3-43e2-a1f8-1df90cc7a881"]}},{"type":"Feature","geometry":{"type":"Polygon","coordinates":[[[26.952341194728017,70.60725835429393],[26.979186156077347,70.60725835429393],[26.979186156077347,70.61624146604385],[26.952341194728017,70.61624146604385],[26.952341194728017,70.60725835429393]]]},"properties":{"cell_id":"1004_7860","expected_nets":0.0003,"particle_count":1,"n_nets":1,"contributing_net_ids":["372da560-3ffc-4c03-9e63-083a0c2edeae"]}},{"type":"Feature","geometry":{"type":"Polygon","coordinates":[[[26.979186156077347,70.5892921307941],[27.006031117426677,70.5892921307941],[27.006031117426677,70.59827524254402],[26.979186156077347,70.59827524254402],[26.979186156077347,70.5892921307941]]]},"properties":{"cell_id":"1005_7858","expected_nets":0.0003,"particle_count":1,"n_nets":1,"contributing_net_ids":["372da560-3ffc-4c03-9e63-083a0c2edeae"]}},{"type":"Feature","geometry":{"type":"Polygon","coordinates":[[[27.006031117426677,70.59827524254402],[27.032876078776006,70.59827524254402],[27.032876078776006,70.60725835429393],[27.006031117426677,70.60725835429393],[27.006031117426677,70.59827524254402]]]},"properties":{"cell_id":"1006_7859","expected_nets":0.0003,"particle_count":1,"n_nets":1,"contributing_net_ids":["2c38e76b-b975-4368-8686-873e9d17b862"]}},{"type":"Feature","geometry":{"type":"Polygon","coordinates":[[[27.03287607877601,70.61624146604383],[27.05972104012534,70.61624146604383],[27.05972104012534,70.62522457779374],[27.03287607877601,70.62522457779374],[27.03287607877601,70.61624146604383]]]},"properties":{"cell_id":"1007_7861","expected_nets":0.0003,"particle_count":1,"n_nets":1,"contributing_net_ids":["cabe54b4-68f5-4047-9a69-f3a33abca056"]}},{"type":"Feature","geometry":{"type":"Polygon","coordinates":[[[27.05972104012534,70.65217391304348],[27.08656600147467,70.65217391304348],[27.08656600147467,70.6611570247934],[27.05972104012534,70.6611570247934],[27.05972104012534,70.65217391304348]]]},"properties":{"cell_id":"1008_7865","expected_nets":0.0003,"particle_count":1,"n_nets":1,"contributing_net_ids":["e89f3dd1-1609-47c4-b490-a9358c7f09a8"]}},{"type":"Feature","geometry":{"type":"Polygon","coordinates":[[[27.05972104012534,70.66115702479338],[27.08656600147467,70.66115702479338],[27.08656600147467,70.6701401365433],[27.05972104012534,70.6701401365433],[27.05972104012534,70.66115702479338]]]},"properties":{"cell_id":"1008_7866","expected_nets":0.0003,"particle_count":1,"n_nets":1,"contributing_net_ids":["a5827a71-1d16-4233-aebd-d14b478c5fff"]}},{"type":"Feature","geometry":{"type":"Polygon","coordinates":[[[27.05972104012534,70.67912324829321],[27.08656600147467,70.67912324829321],[27.08656600147467,70.68810636004312],[27.05972104012534,70.68810636004312],[27.05972104012534,70.67912324829321]]]},"properties":{"cell_id":"1008_7868","expected_nets":0.0003,"particle_count":1,"n_nets":1,"contributing_net_ids":["9267ffae-e862-4c0c-8303-e43fbba92f68"]}},{"type":"Feature","geometry":{"type":"Polygon","coordinates":[[[27.05972104012534,70.92166726554079],[27.08656600147467,70.92166726554079],[27.08656600147467,70.9306503772907],[27.05972104012534,70.9306503772907],[27.05972104012534,70.92166726554079]]]},"properties":{"cell_id":"1008_7895","expected_nets":0.0003,"particle_count":1,"n_nets":1,"contributing_net_ids":["9e759843-4dd6-4b50-bc24-49bb88f8f082"]}},{"type":"Feature","geometry":{"type":"Polygon","coordinates":[[[27.113410962824002,70.67912324829321],[27.14025592417333,70.67912324829321],[27.14025592417333,70.68810636004312],[27.113410962824002,70.68810636004312],[27.113410962824002,70.67912324829321]]]},"properties":{"cell_id":"1010_7868","expected_nets":0.0003,"particle_count":1,"n_nets":1,"contributing_net_ids":["5e862cee-8b9f-45d7-8ca0-daaa28a39706"]}},{"type":"Feature","geometry":{"type":"Polygon","coordinates":[[[27.113410962824002,70.68810636004312],[27.14025592417333,70.68810636004312],[27.14025592417333,70.69708947179303],[27.113410962824002,70.69708947179303],[27.113410962824002,70.68810636004312]]]},"properties":{"cell_id":"1010_7869","expected_nets":0.0003,"particle_count":1,"n_nets":1,"contributing_net_ids":["eef2472f-e20e-4582-83ca-9fccd623673e"]}},{"type":"Feature","geometry":{"type":"Polygon","coordinates":[[[27.16710088552266,70.74200503054259],[27.19394584687199,70.74200503054259],[27.19394584687199,70.7509881422925],[27.16710088552266,70.7509881422925],[27.16710088552266,70.74200503054259]]]},"properties":{"cell_id":"1012_7875","expected_nets":0.0003,"particle_count":1,"n_nets":1,"contributing_net_ids":["5e862cee-8b9f-45d7-8ca0-daaa28a39706"]}},{"type":"Feature","geometry":{"type":"Polygon","coordinates":[[[27.16710088552266,70.77793747754222],[27.19394584687199,70.77793747754222],[27.19394584687199,70.78692058929214],[27.16710088552266,70.78692058929214],[27.16710088552266,70.77793747754222]]]},"properties":{"cell_id":"1012_7879","expected_nets":0.0003,"particle_count":1,"n_nets":1,"contributing_net_ids":["0b254efb-1769-4e93-a17e-11f0d9834bcc"]}},{"type":"Feature","geometry":{"type":"Polygon","coordinates":[[[27.193945846871994,70.74200503054259],[27.220790808221324,70.74200503054259],[27.220790808221324,70.7509881422925],[27.193945846871994,70.7509881422925],[27.193945846871994,70.74200503054259]]]},"properties":{"cell_id":"1013_7875","expected_nets":0.0003,"particle_count":1,"n_nets":1,"contributing_net_ids":["372da560-3ffc-4c03-9e63-083a0c2edeae"]}},{"type":"Feature","geometry":{"type":"Polygon","coordinates":[[[27.193945846871994,70.99353215954007],[27.220790808221324,70.99353215954007],[27.220790808221324,71.00251527128998],[27.193945846871994,71.00251527128998],[27.193945846871994,70.99353215954007]]]},"properties":{"cell_id":"1013_7903","expected_nets":0.0003,"particle_count":1,"n_nets":1,"contributing_net_ids":["9e759843-4dd6-4b50-bc24-49bb88f8f082"]}},{"type":"Feature","geometry":{"type":"Polygon","coordinates":[[[27.220790808221324,70.75098814229248],[27.247635769570653,70.75098814229248],[27.247635769570653,70.7599712540424],[27.220790808221324,70.7599712540424],[27.220790808221324,70.75098814229248]]]},"properties":{"cell_id":"1014_7876","expected_nets":0.0003,"particle_count":1,"n_nets":1,"contributing_net_ids":["372da560-3ffc-4c03-9e63-083a0c2edeae"]}},{"type":"Feature","geometry":{"type":"Polygon","coordinates":[[[27.247635769570653,70.7599712540424],[27.274480730919983,70.7599712540424],[27.274480730919983,70.76895436579231],[27.247635769570653,70.76895436579231],[27.247635769570653,70.7599712540424]]]},"properties":{"cell_id":"1015_7877","expected_nets":0.0003,"particle_count":1,"n_nets":1,"contributing_net_ids":["a5827a71-1d16-4233-aebd-d14b478c5fff"]}},{"type":"Feature","geometry":{"type":"Polygon","coordinates":[[[27.247635769570653,70.82285303629178],[27.274480730919983,70.82285303629178],[27.274480730919983,70.83183614804169],[27.247635769570653,70.83183614804169],[27.247635769570653,70.82285303629178]]]},"properties":{"cell_id":"1015_7884","expected_nets":0.0003,"particle_count":1,"n_nets":1,"contributing_net_ids":["0b254efb-1769-4e93-a17e-11f0d9834bcc"]}},{"type":"Feature","geometry":{"type":"Polygon","coordinates":[[[27.247635769570653,70.99353215954007],[27.274480730919983,70.99353215954007],[27.274480730919983,71.00251527128998],[27.247635769570653,71.00251527128998],[27.247635769570653,70.99353215954007]]]},"properties":{"cell_id":"1015_7903","expected_nets":0.0003,"particle_count":1,"n_nets":1,"contributing_net_ids":["0b254efb-1769-4e93-a17e-11f0d9834bcc"]}},{"type":"Feature","geometry":{"type":"Polygon","coordinates":[[[27.274480730919983,70.81386992454186],[27.301325692269312,70.81386992454186],[27.301325692269312,70.82285303629178],[27.274480730919983,70.82285303629178],[27.274480730919983,70.81386992454186]]]},"properties":{"cell_id":"1016_7883","expected_nets":0.0003,"particle_count":1,"n_nets":1,"contributing_net_ids":["9267ffae-e862-4c0c-8303-e43fbba92f68"]}},{"type":"Feature","geometry":{"type":"Polygon","coordinates":[[[27.274480730919983,70.95759971254043],[27.301325692269312,70.95759971254043],[27.301325692269312,70.96658282429034],[27.274480730919983,70.96658282429034],[27.274480730919983,70.95759971254043]]]},"properties":{"cell_id":"1016_7899","expected_nets":0.0003,"particle_count":1,"n_nets":1,"contributing_net_ids":["9e759843-4dd6-4b50-bc24-49bb88f8f082"]}},{"type":"Feature","geometry":{"type":"Polygon","coordinates":[[[27.274480730919983,70.97556593604024],[27.301325692269312,70.97556593604024],[27.301325692269312,70.98454904779015],[27.274480730919983,70.98454904779015],[27.274480730919983,70.97556593604024]]]},"properties":{"cell_id":"1016_7901","expected_nets":0.0003,"particle_count":1,"n_nets":1,"contributing_net_ids":["5b5fdf6e-34fa-446c-a7f8-338b8f980dea"]}},{"type":"Feature","geometry":{"type":"Polygon","coordinates":[[[27.301325692269316,70.83183614804169],[27.328170653618646,70.83183614804169],[27.328170653618646,70.8408192597916],[27.301325692269316,70.8408192597916],[27.301325692269316,70.83183614804169]]]},"properties":{"cell_id":"1017_7885","expected_nets":0.0003,"particle_count":1,"n_nets":1,"contributing_net_ids":["86fbc2f8-6e1e-4162-8855-d19e180e5ce9"]}},{"type":"Feature","geometry":{"type":"Polygon","coordinates":[[[27.328170653618646,70.82285303629178],[27.355015614967975,70.82285303629178],[27.355015614967975,70.83183614804169],[27.328170653618646,70.83183614804169],[27.328170653618646,70.82285303629178]]]},"properties":{"cell_id":"1018_7884","expected_nets":0.0003,"particle_count":1,"n_nets":1,"contributing_net_ids":["eef2472f-e20e-4582-83ca-9fccd623673e"]}},{"type":"Feature","geometry":{"type":"Polygon","coordinates":[[[27.328170653618646,70.9396334890406],[27.355015614967975,70.9396334890406],[27.355015614967975,70.94861660079052],[27.328170653618646,70.94861660079052],[27.328170653618646,70.9396334890406]]]},"properties":{"cell_id":"1018_7897","expected_nets":0.0003,"particle_count":1,"n_nets":1,"contributing_net_ids":["e89f3dd1-1609-47c4-b490-a9358c7f09a8"]}},{"type":"Feature","geometry":{"type":"Polygon","coordinates":[[[27.355015614967975,70.82285303629178],[27.381860576317305,70.82285303629178],[27.381860576317305,70.83183614804169],[27.355015614967975,70.83183614804169],[27.355015614967975,70.82285303629178]]]},"properties":{"cell_id":"1019_7884","expected_nets":0.0003,"particle_count":1,"n_nets":1,"contributing_net_ids":["5b5fdf6e-34fa-446c-a7f8-338b8f980dea"]}},{"type":"Feature","geometry":{"type":"Polygon","coordinates":[[[27.51608538306396,71.0294646065397],[27.54293034441329,71.0294646065397],[27.54293034441329,71.03844771828962],[27.51608538306396,71.03844771828962],[27.51608538306396,71.0294646065397]]]},"properties":{"cell_id":"1025_7907","expected_nets":0.0003,"particle_count":1,"n_nets":1,"contributing_net_ids":["9267ffae-e862-4c0c-8303-e43fbba92f68"]}},{"type":"Feature","geometry":{"type":"Polygon","coordinates":[[[27.542930344413293,70.97556593604024],[27.569775305762622,70.97556593604024],[27.569775305762622,70.98454904779015],[27.542930344413293,70.98454904779015],[27.542930344413293,70.97556593604024]]]},"properties":{"cell_id":"1026_7901","expected_nets":0.0003,"particle_count":1,"n_nets":1,"contributing_net_ids":["9e759843-4dd6-4b50-bc24-49bb88f8f082"]}},{"type":"Feature","geometry":{"type":"Polygon","coordinates":[[[27.542930344413293,70.98454904779015],[27.569775305762622,70.98454904779015],[27.569775305762622,70.99353215954007],[27.542930344413293,70.99353215954007],[27.542930344413293,70.98454904779015]]]},"properties":{"cell_id":"1026_7902","expected_nets":0.0003,"particle_count":1,"n_nets":1,"contributing_net_ids":["781d2769-3d71-4ed9-829d-d745be0fbd6e"]}},{"type":"Feature","geometry":{"type":"Polygon","coordinates":[[[27.569775305762622,71.01149838303988],[27.596620267111952,71.01149838303988],[27.596620267111952,71.02048149478979],[27.569775305762622,71.02048149478979],[27.569775305762622,71.01149838303988]]]},"properties":{"cell_id":"1027_7905","expected_nets":0.0003,"particle_count":1,"n_nets":1,"contributing_net_ids":["eef2472f-e20e-4582-83ca-9fccd623673e"]}},{"type":"Feature","geometry":{"type":"Polygon","coordinates":[[[27.730845073858607,71.10132950053898],[27.757690035207936,71.10132950053898],[27.757690035207936,71.1103126122889],[27.730845073858607,71.1103126122889],[27.730845073858607,71.10132950053898]]]},"properties":{"cell_id":"1033_7915","expected_nets":0.0003,"particle_count":1,"n_nets":1,"contributing_net_ids":["2e3e2f82-02e3-45d3-9acb-e62d643605a6"]}},{"type":"Feature","geometry":{"type":"Polygon","coordinates":[[[27.757690035207936,71.04743083003953],[27.784534996557266,71.04743083003953],[27.784534996557266,71.05641394178944],[27.757690035207936,71.05641394178944],[27.757690035207936,71.04743083003953]]]},"properties":{"cell_id":"1034_7909","expected_nets":0.0003,"particle_count":1,"n_nets":1,"contributing_net_ids":["2e3e2f82-02e3-45d3-9acb-e62d643605a6"]}},{"type":"Feature","geometry":{"type":"Polygon","coordinates":[[[27.94560476465325,71.08336327703917],[27.97244972600258,71.08336327703917],[27.97244972600258,71.09234638878908],[27.94560476465325,71.09234638878908],[27.94560476465325,71.08336327703917]]]},"properties":{"cell_id":"1041_7913","expected_nets":0.0003,"particle_count":1,"n_nets":1,"contributing_net_ids":["9e759843-4dd6-4b50-bc24-49bb88f8f082"]}},{"type":"Feature","geometry":{"type":"Polygon","coordinates":[[[27.972449726002584,71.05641394178943],[27.999294687351913,71.05641394178943],[27.999294687351913,71.06539705353934],[27.972449726002584,71.06539705353934],[27.972449726002584,71.05641394178943]]]},"properties":{"cell_id":"1042_7910","expected_nets":0.0003,"particle_count":1,"n_nets":1,"contributing_net_ids":["568c48d8-7903-40cc-9fda-3bb3c1d00a00"]}},{"type":"Feature","geometry":{"type":"Polygon","coordinates":[[[28.26774430084522,71.06539705353934],[28.29458926219455,71.06539705353934],[28.29458926219455,71.07438016528926],[28.26774430084522,71.07438016528926],[28.26774430084522,71.06539705353934]]]},"properties":{"cell_id":"1053_7911","expected_nets":0.0003,"particle_count":1,"n_nets":1,"contributing_net_ids":["86fbc2f8-6e1e-4162-8855-d19e180e5ce9"]}},{"type":"Feature","geometry":{"type":"Polygon","coordinates":[[[28.294589262194553,71.00251527128998],[28.321434223543882,71.00251527128998],[28.321434223543882,71.01149838303989],[28.294589262194553,71.01149838303989],[28.294589262194553,71.00251527128998]]]},"properties":{"cell_id":"1054_7904","expected_nets":0.0003,"particle_count":1,"n_nets":1,"contributing_net_ids":["2e00546b-1350-4f4a-84bd-55da3dcb55ed"]}},{"type":"Feature","geometry":{"type":"Polygon","coordinates":[[[28.321434223543882,70.80488681279195],[28.34827918489321,70.80488681279195],[28.34827918489321,70.81386992454186],[28.321434223543882,70.81386992454186],[28.321434223543882,70.80488681279195]]]},"properties":{"cell_id":"1055_7882","expected_nets":0.0003,"particle_count":1,"n_nets":1,"contributing_net_ids":["a5f2d7f3-60b1-400b-8f91-f6403d9e7442"]}},{"type":"Feature","geometry":{"type":"Polygon","coordinates":[[[28.401969107591874,70.55335968379447],[28.428814068941204,70.55335968379447],[28.428814068941204,70.56234279554438],[28.401969107591874,70.56234279554438],[28.401969107591874,70.55335968379447]]]},"properties":{"cell_id":"1058_7854","expected_nets":0.0003,"particle_count":1,"n_nets":1,"contributing_net_ids":["a5f2d7f3-60b1-400b-8f91-f6403d9e7442"]}},{"type":"Feature","geometry":{"type":"Polygon","coordinates":[[[28.428814068941204,70.5803090190442],[28.455659030290533,70.5803090190442],[28.455659030290533,70.5892921307941],[28.428814068941204,70.5892921307941],[28.428814068941204,70.5803090190442]]]},"properties":{"cell_id":"1059_7857","expected_nets":0.0003,"particle_count":1,"n_nets":1,"contributing_net_ids":["a5f2d7f3-60b1-400b-8f91-f6403d9e7442"]}},{"type":"Feature","geometry":{"type":"Polygon","coordinates":[[[28.482503991639867,70.61624146604383],[28.509348952989196,70.61624146604383],[28.509348952989196,70.62522457779374],[28.482503991639867,70.62522457779374],[28.482503991639867,70.61624146604383]]]},"properties":{"cell_id":"1061_7861","expected_nets":0.0003,"particle_count":1,"n_nets":1,"contributing_net_ids":["a5f2d7f3-60b1-400b-8f91-f6403d9e7442"]}},{"type":"Feature","geometry":{"type":"Polygon","coordinates":[[[28.509348952989196,70.98454904779015],[28.536193914338526,70.98454904779015],[28.536193914338526,70.99353215954007],[28.509348952989196,70.99353215954007],[28.509348952989196,70.98454904779015]]]},"properties":{"cell_id":"1062_7902","expected_nets":0.0003,"particle_count":1,"n_nets":1,"contributing_net_ids":["e89f3dd1-1609-47c4-b490-a9358c7f09a8"]}},{"type":"Feature","geometry":{"type":"Polygon","coordinates":[[[28.616728798386518,70.76895436579231],[28.643573759735848,70.76895436579231],[28.643573759735848,70.77793747754222],[28.616728798386518,70.77793747754222],[28.616728798386518,70.76895436579231]]]},"properties":{"cell_id":"1066_7878","expected_nets":0.0003,"particle_count":1,"n_nets":1,"contributing_net_ids":["15e549ea-ffd5-4ec2-98b7-32276621e3f2"]}},{"type":"Feature","geometry":{"type":"Polygon","coordinates":[[[28.965713295927817,70.13115343154868],[28.992558257277146,70.13115343154868],[28.992558257277146,70.1401365432986],[28.965713295927817,70.1401365432986],[28.965713295927817,70.13115343154868]]]},"properties":{"cell_id":"1079_7807","expected_nets":0.0003,"particle_count":1,"n_nets":1,"contributing_net_ids":["6ae9c1b0-2a7f-4315-a8f6-7e6491c6cb74"]}},{"type":"Feature","geometry":{"type":"Polygon","coordinates":[[[29.01940321862648,70.0592885375494],[29.04624817997581,70.0592885375494],[29.04624817997581,70.06827164929932],[29.01940321862648,70.06827164929932],[29.01940321862648,70.0592885375494]]]},"properties":{"cell_id":"1081_7799","expected_nets":0.0003,"particle_count":1,"n_nets":1,"contributing_net_ids":["c52841a4-c77e-4497-a4e9-73f605567542"]}},{"type":"Feature","geometry":{"type":"Polygon","coordinates":[[[29.073093141325142,70.06827164929932],[29.09993810267447,70.06827164929932],[29.09993810267447,70.07725476104923],[29.073093141325142,70.07725476104923],[29.073093141325142,70.06827164929932]]]},"properties":{"cell_id":"1083_7800","expected_nets":0.0003,"particle_count":1,"n_nets":1,"contributing_net_ids":["c52841a4-c77e-4497-a4e9-73f605567542"]}},{"type":"Feature","geometry":{"type":"Polygon","coordinates":[[[29.09993810267447,70.0503054257995],[29.1267830640238,70.0503054257995],[29.1267830640238,70.0592885375494],[29.09993810267447,70.0592885375494],[29.09993810267447,70.0503054257995]]]},"properties":{"cell_id":"1084_7798","expected_nets":0.0003,"particle_count":1,"n_nets":1,"contributing_net_ids":["6ae9c1b0-2a7f-4315-a8f6-7e6491c6cb74"]}},{"type":"Feature","geometry":{"type":"Polygon","coordinates":[[[29.09993810267447,70.0592885375494],[29.1267830640238,70.0592885375494],[29.1267830640238,70.06827164929932],[29.09993810267447,70.06827164929932],[29.09993810267447,70.0592885375494]]]},"properties":{"cell_id":"1084_7799","expected_nets":0.0003,"particle_count":1,"n_nets":1,"contributing_net_ids":["6c6c4be3-4036-4a62-8c92-47730a8c7aeb"]}},{"type":"Feature","geometry":{"type":"Polygon","coordinates":[[[29.09993810267447,70.85878548329141],[29.1267830640238,70.85878548329141],[29.1267830640238,70.86776859504133],[29.09993810267447,70.86776859504133],[29.09993810267447,70.85878548329141]]]},"properties":{"cell_id":"1084_7888","expected_nets":0.0003,"particle_count":1,"n_nets":1,"contributing_net_ids":["2e00546b-1350-4f4a-84bd-55da3dcb55ed"]}},{"type":"Feature","geometry":{"type":"Polygon","coordinates":[[[29.1267830640238,70.04132231404958],[29.15362802537313,70.04132231404958],[29.15362802537313,70.0503054257995],[29.1267830640238,70.0503054257995],[29.1267830640238,70.04132231404958]]]},"properties":{"cell_id":"1085_7797","expected_nets":0.0003,"particle_count":1,"n_nets":1,"contributing_net_ids":["5bc9b541-9afc-45ba-95db-3a4685de44a3"]}},{"type":"Feature","geometry":{"type":"Polygon","coordinates":[[[29.153628025373134,70.03233920229968],[29.180472986722464,70.03233920229968],[29.180472986722464,70.0413223140496],[29.153628025373134,70.0413223140496],[29.153628025373134,70.03233920229968]]]},"properties":{"cell_id":"1086_7796","expected_nets":0.0003,"particle_count":1,"n_nets":1,"contributing_net_ids":["6ae9c1b0-2a7f-4315-a8f6-7e6491c6cb74"]}},{"type":"Feature","geometry":{"type":"Polygon","coordinates":[[[29.180472986722464,70.01437297879986],[29.207317948071793,70.01437297879986],[29.207317948071793,70.02335609054977],[29.180472986722464,70.02335609054977],[29.180472986722464,70.01437297879986]]]},"properties":{"cell_id":"1087_7794","expected_nets":0.0003,"particle_count":1,"n_nets":1,"contributing_net_ids":["183b3a5b-2fd0-4d2a-9c77-77281bb30173"]}},{"type":"Feature","geometry":{"type":"Polygon","coordinates":[[[29.207317948071793,70.00538986704994],[29.234162909421123,70.00538986704994],[29.234162909421123,70.01437297879986],[29.207317948071793,70.01437297879986],[29.207317948071793,70.00538986704994]]]},"properties":{"cell_id":"1088_7793","expected_nets":0.0003,"particle_count":1,"n_nets":1,"contributing_net_ids":["6ae9c1b0-2a7f-4315-a8f6-7e6491c6cb74"]}},{"type":"Feature","geometry":{"type":"Polygon","coordinates":[[[29.207317948071793,70.01437297879986],[29.234162909421123,70.01437297879986],[29.234162909421123,70.02335609054977],[29.207317948071793,70.02335609054977],[29.207317948071793,70.01437297879986]]]},"properties":{"cell_id":"1088_7794","expected_nets":0.0003,"particle_count":1,"n_nets":1,"contributing_net_ids":["2a840416-2518-4cd8-9332-09ee6dfac95f"]}},{"type":"Feature","geometry":{"type":"Polygon","coordinates":[[[29.234162909421126,70.8498023715415],[29.261007870770456,70.8498023715415],[29.261007870770456,70.85878548329141],[29.234162909421126,70.85878548329141],[29.234162909421126,70.8498023715415]]]},"properties":{"cell_id":"1089_7887","expected_nets":0.0003,"particle_count":1,"n_nets":1,"contributing_net_ids":["a5f2d7f3-60b1-400b-8f91-f6403d9e7442"]}},{"type":"Feature","geometry":{"type":"Polygon","coordinates":[[[29.287852832119786,70.00538986704994],[29.314697793469115,70.00538986704994],[29.314697793469115,70.01437297879986],[29.287852832119786,70.01437297879986],[29.287852832119786,70.00538986704994]]]},"properties":{"cell_id":"1091_7793","expected_nets":0.0003,"particle_count":1,"n_nets":1,"contributing_net_ids":["183b3a5b-2fd0-4d2a-9c77-77281bb30173"]}},{"type":"Feature","geometry":{"type":"Polygon","coordinates":[[[29.368387716167778,70.77793747754222],[29.395232677517107,70.77793747754222],[29.395232677517107,70.78692058929214],[29.368387716167778,70.78692058929214],[29.368387716167778,70.77793747754222]]]},"properties":{"cell_id":"1094_7879","expected_nets":0.0003,"particle_count":1,"n_nets":1,"contributing_net_ids":["92774a0e-6c8c-4eea-b18e-be40e50056f7"]}},{"type":"Feature","geometry":{"type":"Polygon","coordinates":[[[29.502612522914433,70.71505569529285],[29.529457484263762,70.71505569529285],[29.529457484263762,70.72403880704276],[29.502612522914433,70.72403880704276],[29.502612522914433,70.71505569529285]]]},"properties":{"cell_id":"1099_7872","expected_nets":0.0003,"particle_count":1,"n_nets":1,"contributing_net_ids":["a5f2d7f3-60b1-400b-8f91-f6403d9e7442"]}},{"type":"Feature","geometry":{"type":"Polygon","coordinates":[[[29.529457484263762,70.07725476104923],[29.556302445613092,70.07725476104923],[29.556302445613092,70.08623787279915],[29.529457484263762,70.08623787279915],[29.529457484263762,70.07725476104923]]]},"properties":{"cell_id":"1100_7801","expected_nets":0.0003,"particle_count":1,"n_nets":1,"contributing_net_ids":["36c0b306-27cf-4788-a28e-37a6791e6842"]}},{"type":"Feature","geometry":{"type":"Polygon","coordinates":[[[29.529457484263762,70.71505569529285],[29.556302445613092,70.71505569529285],[29.556302445613092,70.72403880704276],[29.529457484263762,70.72403880704276],[29.529457484263762,70.71505569529285]]]},"properties":{"cell_id":"1100_7872","expected_nets":0.0003,"particle_count":1,"n_nets":1,"contributing_net_ids":["86fbc2f8-6e1e-4162-8855-d19e180e5ce9"]}},{"type":"Feature","geometry":{"type":"Polygon","coordinates":[[[29.583147406962425,69.9694574200503],[29.609992368311755,69.9694574200503],[29.609992368311755,69.97844053180022],[29.583147406962425,69.97844053180022],[29.583147406962425,69.9694574200503]]]},"properties":{"cell_id":"1102_7789","expected_nets":0.0003,"particle_count":1,"n_nets":1,"contributing_net_ids":["5ca74a64-d88d-45cb-a627-c8a2b8eea308"]}},{"type":"Feature","geometry":{"type":"Polygon","coordinates":[[[29.74421717505841,69.90657563780094],[29.77106213640774,69.90657563780094],[29.77106213640774,69.91555874955085],[29.74421717505841,69.91555874955085],[29.74421717505841,69.90657563780094]]]},"properties":{"cell_id":"1108_7782","expected_nets":0.0003,"particle_count":1,"n_nets":1,"contributing_net_ids":["6c6c4be3-4036-4a62-8c92-47730a8c7aeb"]}},{"type":"Feature","geometry":{"type":"Polygon","coordinates":[[[29.79790709775707,69.89759252605103],[29.824752059106398,69.89759252605103],[29.824752059106398,69.90657563780094],[29.79790709775707,69.90657563780094],[29.79790709775707,69.89759252605103]]]},"properties":{"cell_id":"1110_7781","expected_nets":0.0003,"particle_count":1,"n_nets":1,"contributing_net_ids":["178a8ce9-4d9c-4e1e-b6b9-6131b016ac1f"]}},{"type":"Feature","geometry":{"type":"Polygon","coordinates":[[[29.79790709775707,69.90657563780094],[29.824752059106398,69.90657563780094],[29.824752059106398,69.91555874955085],[29.79790709775707,69.91555874955085],[29.79790709775707,69.90657563780094]]]},"properties":{"cell_id":"1110_7782","expected_nets":0.0003,"particle_count":1,"n_nets":1,"contributing_net_ids":["444ac6fa-3c86-44c4-a0b0-2e7d79922517"]}},{"type":"Feature","geometry":{"type":"Polygon","coordinates":[[[29.79790709775707,70.72403880704276],[29.824752059106398,70.72403880704276],[29.824752059106398,70.73302191879267],[29.79790709775707,70.73302191879267],[29.79790709775707,70.72403880704276]]]},"properties":{"cell_id":"1110_7873","expected_nets":0.0003,"particle_count":1,"n_nets":1,"contributing_net_ids":["0998896f-06e6-4fff-aa6b-85723c189a4e"]}},{"type":"Feature","geometry":{"type":"Polygon","coordinates":[[[29.85159702045573,69.89759252605103],[29.87844198180506,69.89759252605103],[29.87844198180506,69.90657563780094],[29.85159702045573,69.90657563780094],[29.85159702045573,69.89759252605103]]]},"properties":{"cell_id":"1112_7781","expected_nets":0.0003,"particle_count":1,"n_nets":1,"contributing_net_ids":["6b2ff976-a86c-46ff-9367-7349073cc0be"]}},{"type":"Feature","geometry":{"type":"Polygon","coordinates":[[[29.85159702045573,70.66115702479338],[29.87844198180506,70.66115702479338],[29.87844198180506,70.6701401365433],[29.85159702045573,70.6701401365433],[29.85159702045573,70.66115702479338]]]},"properties":{"cell_id":"1112_7866","expected_nets":0.0003,"particle_count":1,"n_nets":1,"contributing_net_ids":["0b8fa665-5e64-4a79-bcaa-073539cf0009"]}},{"type":"Feature","geometry":{"type":"Polygon","coordinates":[[[29.87844198180506,69.88860941430111],[29.90528694315439,69.88860941430111],[29.90528694315439,69.89759252605103],[29.87844198180506,69.89759252605103],[29.87844198180506,69.88860941430111]]]},"properties":{"cell_id":"1113_7780","expected_nets":0.0003,"particle_count":1,"n_nets":1,"contributing_net_ids":["e987972b-877b-44cf-b400-eaef3df7f643"]}},{"type":"Feature","geometry":{"type":"Polygon","coordinates":[[[29.87844198180506,70.66115702479338],[29.90528694315439,70.66115702479338],[29.90528694315439,70.6701401365433],[29.87844198180506,70.6701401365433],[29.87844198180506,70.66115702479338]]]},"properties":{"cell_id":"1113_7866","expected_nets":0.0003,"particle_count":1,"n_nets":1,"contributing_net_ids":["a5f2d7f3-60b1-400b-8f91-f6403d9e7442"]}},{"type":"Feature","geometry":{"type":"Polygon","coordinates":[[[29.87844198180506,70.67912324829321],[29.90528694315439,70.67912324829321],[29.90528694315439,70.68810636004312],[29.87844198180506,70.68810636004312],[29.87844198180506,70.67912324829321]]]},"properties":{"cell_id":"1113_7868","expected_nets":0.0003,"particle_count":1,"n_nets":1,"contributing_net_ids":["5b5fdf6e-34fa-446c-a7f8-338b8f980dea"]}},{"type":"Feature","geometry":{"type":"Polygon","coordinates":[[[29.958976865853053,69.7897951850521],[29.985821827202383,69.7897951850521],[29.985821827202383,69.79877829680201],[29.958976865853053,69.79877829680201],[29.958976865853053,69.7897951850521]]]},"properties":{"cell_id":"1116_7769","expected_nets":0.0003,"particle_count":1,"n_nets":1,"contributing_net_ids":["8a902380-5115-48f1-9298-b78b2d595262"]}},{"type":"Feature","geometry":{"type":"Polygon","coordinates":[[[29.958976865853053,69.8796263025512],[29.985821827202383,69.8796263025512],[29.985821827202383,69.88860941430111],[29.958976865853053,69.88860941430111],[29.958976865853053,69.8796263025512]]]},"properties":{"cell_id":"1116_7779","expected_nets":0.0003,"particle_count":1,"n_nets":1,"contributing_net_ids":["6c6c4be3-4036-4a62-8c92-47730a8c7aeb"]}},{"type":"Feature","geometry":{"type":"Polygon","coordinates":[[[29.958976865853053,69.88860941430111],[29.985821827202383,69.88860941430111],[29.985821827202383,69.89759252605103],[29.958976865853053,69.89759252605103],[29.958976865853053,69.88860941430111]]]},"properties":{"cell_id":"1116_7780","expected_nets":0.0003,"particle_count":1,"n_nets":1,"contributing_net_ids":["0044b29c-5a23-4047-8f64-6763e05133e4"]}},{"type":"Feature","geometry":{"type":"Polygon","coordinates":[[[30.012666788551716,69.86166007905139],[30.039511749901045,69.86166007905139],[30.039511749901045,69.8706431908013],[30.012666788551716,69.8706431908013],[30.012666788551716,69.86166007905139]]]},"properties":{"cell_id":"1118_7777","expected_nets":0.0003,"particle_count":1,"n_nets":1,"contributing_net_ids":["39d2f659-e666-4b43-ab4a-c4439252e729"]}},{"type":"Feature","geometry":{"type":"Polygon","coordinates":[[[30.039511749901045,69.85267696730148],[30.066356711250375,69.85267696730148],[30.066356711250375,69.86166007905139],[30.039511749901045,69.86166007905139],[30.039511749901045,69.85267696730148]]]},"properties":{"cell_id":"1119_7776","expected_nets":0.0003,"particle_count":1,"n_nets":1,"contributing_net_ids":["39d2f659-e666-4b43-ab4a-c4439252e729"]}},{"type":"Feature","geometry":{"type":"Polygon","coordinates":[[[30.20058151799703,69.87064319080129],[30.22742647934636,69.87064319080129],[30.22742647934636,69.8796263025512],[30.20058151799703,69.8796263025512],[30.20058151799703,69.87064319080129]]]},"properties":{"cell_id":"1125_7778","expected_nets":0.0003,"particle_count":1,"n_nets":1,"contributing_net_ids":["6b2ff976-a86c-46ff-9367-7349073cc0be"]}},{"type":"Feature","geometry":{"type":"Polygon","coordinates":[[[30.281116402045022,70.11318720804887],[30.30796136339435,70.11318720804887],[30.30796136339435,70.12217031979878],[30.281116402045022,70.12217031979878],[30.281116402045022,70.11318720804887]]]},"properties":{"cell_id":"1128_7805","expected_nets":0.0003,"particle_count":1,"n_nets":1,"contributing_net_ids":["39d2f659-e666-4b43-ab4a-c4439252e729"]}},{"type":"Feature","geometry":{"type":"Polygon","coordinates":[[[30.281116402045022,70.61624146604383],[30.30796136339435,70.61624146604383],[30.30796136339435,70.62522457779374],[30.281116402045022,70.62522457779374],[30.281116402045022,70.61624146604383]]]},"properties":{"cell_id":"1128_7861","expected_nets":0.0003,"particle_count":1,"n_nets":1,"contributing_net_ids":["0998896f-06e6-4fff-aa6b-85723c189a4e"]}},{"type":"Feature","geometry":{"type":"Polygon","coordinates":[[[30.30796136339435,69.87064319080129],[30.33480632474368,69.87064319080129],[30.33480632474368,69.8796263025512],[30.30796136339435,69.8796263025512],[30.30796136339435,69.87064319080129]]]},"properties":{"cell_id":"1129_7778","expected_nets":0.0003,"particle_count":1,"n_nets":1,"contributing_net_ids":["5bc9b541-9afc-45ba-95db-3a4685de44a3"]}},{"type":"Feature","geometry":{"type":"Polygon","coordinates":[[[30.30796136339435,70.13115343154868],[30.33480632474368,70.13115343154868],[30.33480632474368,70.1401365432986],[30.30796136339435,70.1401365432986],[30.30796136339435,70.13115343154868]]]},"properties":{"cell_id":"1129_7807","expected_nets":0.0003,"particle_count":1,"n_nets":1,"contributing_net_ids":["39d2f659-e666-4b43-ab4a-c4439252e729"]}},{"type":"Feature","geometry":{"type":"Polygon","coordinates":[[[30.30796136339435,70.60725835429393],[30.33480632474368,70.60725835429393],[30.33480632474368,70.61624146604385],[30.30796136339435,70.61624146604385],[30.30796136339435,70.60725835429393]]]},"properties":{"cell_id":"1129_7860","expected_nets":0.0003,"particle_count":1,"n_nets":1,"contributing_net_ids":["eef2472f-e20e-4582-83ca-9fccd623673e"]}},{"type":"Feature","geometry":{"type":"Polygon","coordinates":[[[30.334806324743685,70.60725835429393],[30.361651286093014,70.60725835429393],[30.361651286093014,70.61624146604385],[30.334806324743685,70.61624146604385],[30.334806324743685,70.60725835429393]]]},"properties":{"cell_id":"1130_7860","expected_nets":0.0003,"particle_count":1,"n_nets":1,"contributing_net_ids":["0b8fa665-5e64-4a79-bcaa-073539cf0009"]}},{"type":"Feature","geometry":{"type":"Polygon","coordinates":[[[30.361651286093014,70.1401365432986],[30.388496247442344,70.1401365432986],[30.388496247442344,70.14911965504851],[30.361651286093014,70.14911965504851],[30.361651286093014,70.1401365432986]]]},"properties":{"cell_id":"1131_7808","expected_nets":0.0003,"particle_count":1,"n_nets":1,"contributing_net_ids":["b44ee1c5-8e80-49ac-93f1-e4399df11d7f"]}},{"type":"Feature","geometry":{"type":"Polygon","coordinates":[[[30.361651286093014,70.18505210204815],[30.388496247442344,70.18505210204815],[30.388496247442344,70.19403521379806],[30.361651286093014,70.19403521379806],[30.361651286093014,70.18505210204815]]]},"properties":{"cell_id":"1131_7813","expected_nets":0.0003,"particle_count":1,"n_nets":1,"contributing_net_ids":["491a8576-d12c-4378-8c01-07c2717e4a07"]}},{"type":"Feature","geometry":{"type":"Polygon","coordinates":[[[30.388496247442344,70.54437657204456],[30.415341208791673,70.54437657204456],[30.415341208791673,70.55335968379447],[30.388496247442344,70.55335968379447],[30.388496247442344,70.54437657204456]]]},"properties":{"cell_id":"1132_7853","expected_nets":0.0003,"particle_count":1,"n_nets":1,"contributing_net_ids":["e7bca5ed-e073-45a9-bcb6-86ee920223fc"]}},{"type":"Feature","geometry":{"type":"Polygon","coordinates":[[[30.415341208791677,70.20301832554797],[30.442186170141007,70.20301832554797],[30.442186170141007,70.21200143729789],[30.415341208791677,70.21200143729789],[30.415341208791677,70.20301832554797]]]},"properties":{"cell_id":"1133_7815","expected_nets":0.0003,"particle_count":1,"n_nets":1,"contributing_net_ids":["444ac6fa-3c86-44c4-a0b0-2e7d79922517"]}},{"type":"Feature","geometry":{"type":"Polygon","coordinates":[[[30.415341208791677,70.55335968379447],[30.442186170141007,70.55335968379447],[30.442186170141007,70.56234279554438],[30.415341208791677,70.56234279554438],[30.415341208791677,70.55335968379447]]]},"properties":{"cell_id":"1133_7854","expected_nets":0.0003,"particle_count":1,"n_nets":1,"contributing_net_ids":["f8bfcb7e-c7fd-402c-b02c-4f35bae30cbb"]}},{"type":"Feature","geometry":{"type":"Polygon","coordinates":[[[30.49587609283967,70.2299676607977],[30.522721054189,70.2299676607977],[30.522721054189,70.23895077254761],[30.49587609283967,70.23895077254761],[30.49587609283967,70.2299676607977]]]},"properties":{"cell_id":"1136_7818","expected_nets":0.0003,"particle_count":1,"n_nets":1,"contributing_net_ids":["491a8576-d12c-4378-8c01-07c2717e4a07"]}},{"type":"Feature","geometry":{"type":"Polygon","coordinates":[[[30.60325593823699,69.80776140855193],[30.63010089958632,69.80776140855193],[30.63010089958632,69.81674452030184],[30.60325593823699,69.81674452030184],[30.60325593823699,69.80776140855193]]]},"properties":{"cell_id":"1140_7771","expected_nets":0.0003,"particle_count":1,"n_nets":1,"contributing_net_ids":["59cde757-4957-437b-86cd-8d9932cbb5a2"]}},{"type":"Feature","geometry":{"type":"Polygon","coordinates":[[[30.60325593823699,70.24793388429752],[30.63010089958632,70.24793388429752],[30.63010089958632,70.25691699604744],[30.60325593823699,70.25691699604744],[30.60325593823699,70.24793388429752]]]},"properties":{"cell_id":"1140_7820","expected_nets":0.0003,"particle_count":1,"n_nets":1,"contributing_net_ids":["491a8576-d12c-4378-8c01-07c2717e4a07"]}},{"type":"Feature","geometry":{"type":"Polygon","coordinates":[[[30.63010089958632,70.23895077254761],[30.65694586093565,70.23895077254761],[30.65694586093565,70.24793388429752],[30.63010089958632,70.24793388429752],[30.63010089958632,70.23895077254761]]]},"properties":{"cell_id":"1141_7819","expected_nets":0.0003,"particle_count":1,"n_nets":1,"contributing_net_ids":["491a8576-d12c-4378-8c01-07c2717e4a07"]}},{"type":"Feature","geometry":{"type":"Polygon","coordinates":[[[30.65694586093565,69.80776140855193],[30.68379082228498,69.80776140855193],[30.68379082228498,69.81674452030184],[30.65694586093565,69.81674452030184],[30.65694586093565,69.80776140855193]]]},"properties":{"cell_id":"1142_7771","expected_nets":0.0003,"particle_count":1,"n_nets":1,"contributing_net_ids":["178a8ce9-4d9c-4e1e-b6b9-6131b016ac1f"]}},{"type":"Feature","geometry":{"type":"Polygon","coordinates":[[[30.683790822284983,69.79877829680201],[30.710635783634313,69.79877829680201],[30.710635783634313,69.80776140855193],[30.683790822284983,69.80776140855193],[30.683790822284983,69.79877829680201]]]},"properties":{"cell_id":"1143_7770","expected_nets":0.0003,"particle_count":1,"n_nets":1,"contributing_net_ids":["5ca74a64-d88d-45cb-a627-c8a2b8eea308"]}},{"type":"Feature","geometry":{"type":"Polygon","coordinates":[[[30.683790822284983,70.24793388429752],[30.710635783634313,70.24793388429752],[30.710635783634313,70.25691699604744],[30.683790822284983,70.25691699604744],[30.683790822284983,70.24793388429752]]]},"properties":{"cell_id":"1143_7820","expected_nets":0.0003,"particle_count":1,"n_nets":1,"contributing_net_ids":["491a8576-d12c-4378-8c01-07c2717e4a07"]}},{"type":"Feature","geometry":{"type":"Polygon","coordinates":[[[30.710635783634313,70.25691699604744],[30.737480744983642,70.25691699604744],[30.737480744983642,70.26590010779735],[30.710635783634313,70.26590010779735],[30.710635783634313,70.25691699604744]]]},"properties":{"cell_id":"1144_7821","expected_nets":0.0003,"particle_count":1,"n_nets":1,"contributing_net_ids":["491a8576-d12c-4378-8c01-07c2717e4a07"]}},{"type":"Feature","geometry":{"type":"Polygon","coordinates":[[[30.737480744983642,69.77182896155229],[30.764325706332972,69.77182896155229],[30.764325706332972,69.7808120733022],[30.737480744983642,69.7808120733022],[30.737480744983642,69.77182896155229]]]},"properties":{"cell_id":"1145_7767","expected_nets":0.0003,"particle_count":1,"n_nets":1,"contributing_net_ids":["285cb79f-371f-48f7-ad51-d9c0c62f9384"]}},{"type":"Feature","geometry":{"type":"Polygon","coordinates":[[[30.764325706332976,70.42759611929573],[30.791170667682305,70.42759611929573],[30.791170667682305,70.43657923104564],[30.764325706332976,70.43657923104564],[30.764325706332976,70.42759611929573]]]},"properties":{"cell_id":"1146_7840","expected_nets":0.0003,"particle_count":1,"n_nets":1,"contributing_net_ids":["01a0254d-21d3-43e2-a1f8-1df90cc7a881"]}},{"type":"Feature","geometry":{"type":"Polygon","coordinates":[[[30.791170667682305,70.42759611929573],[30.818015629031635,70.42759611929573],[30.818015629031635,70.43657923104564],[30.791170667682305,70.43657923104564],[30.791170667682305,70.42759611929573]]]},"properties":{"cell_id":"1147_7840","expected_nets":0.0003,"particle_count":1,"n_nets":1,"contributing_net_ids":["fb076de6-0572-43d4-92cd-757bd343d372"]}},{"type":"Feature","geometry":{"type":"Polygon","coordinates":[[[30.818015629031635,70.42759611929573],[30.844860590380964,70.42759611929573],[30.844860590380964,70.43657923104564],[30.818015629031635,70.43657923104564],[30.818015629031635,70.42759611929573]]]},"properties":{"cell_id":"1148_7840","expected_nets":0.0003,"particle_count":1,"n_nets":1,"contributing_net_ids":["5b5fdf6e-34fa-446c-a7f8-338b8f980dea"]}},{"type":"Feature","geometry":{"type":"Polygon","coordinates":[[[30.844860590380968,70.43657923104564],[30.871705551730297,70.43657923104564],[30.871705551730297,70.44556234279555],[30.844860590380968,70.44556234279555],[30.844860590380968,70.43657923104564]]]},"properties":{"cell_id":"1149_7841","expected_nets":0.0003,"particle_count":1,"n_nets":1,"contributing_net_ids":["6e83e64b-da9b-4221-849e-1847280a05af"]}},{"type":"Feature","geometry":{"type":"Polygon","coordinates":[[[30.871705551730297,70.43657923104564],[30.898550513079627,70.43657923104564],[30.898550513079627,70.44556234279555],[30.871705551730297,70.44556234279555],[30.871705551730297,70.43657923104564]]]},"properties":{"cell_id":"1150_7841","expected_nets":0.0003,"particle_count":1,"n_nets":1,"contributing_net_ids":["e7bca5ed-e073-45a9-bcb6-86ee920223fc"]}},{"type":"Feature","geometry":{"type":"Polygon","coordinates":[[[30.898550513079627,69.7897951850521],[30.925395474428957,69.7897951850521],[30.925395474428957,69.79877829680201],[30.898550513079627,69.79877829680201],[30.898550513079627,69.7897951850521]]]},"properties":{"cell_id":"1151_7769","expected_nets":0.0003,"particle_count":1,"n_nets":1,"contributing_net_ids":["59cde757-4957-437b-86cd-8d9932cbb5a2"]}},{"type":"Feature","geometry":{"type":"Polygon","coordinates":[[[30.898550513079627,70.43657923104564],[30.925395474428957,70.43657923104564],[30.925395474428957,70.44556234279555],[30.898550513079627,70.44556234279555],[30.898550513079627,70.43657923104564]]]},"properties":{"cell_id":"1151_7841","expected_nets":0.0003,"particle_count":1,"n_nets":1,"contributing_net_ids":["60968c7c-8266-471c-84ae-1f14936bfba6"]}},{"type":"Feature","geometry":{"type":"Polygon","coordinates":[[[30.95224043577829,69.78081207330219],[30.97908539712762,69.78081207330219],[30.97908539712762,69.7897951850521],[30.95224043577829,69.7897951850521],[30.95224043577829,69.78081207330219]]]},"properties":{"cell_id":"1153_7768","expected_nets":0.0003,"particle_count":1,"n_nets":1,"contributing_net_ids":["5ca74a64-d88d-45cb-a627-c8a2b8eea308"]}},{"type":"Feature","geometry":{"type":"Polygon","coordinates":[[[30.95224043577829,70.43657923104564],[30.97908539712762,70.43657923104564],[30.97908539712762,70.44556234279555],[30.95224043577829,70.44556234279555],[30.95224043577829,70.43657923104564]]]},"properties":{"cell_id":"1153_7841","expected_nets":0.0003,"particle_count":1,"n_nets":1,"contributing_net_ids":["a5f2d7f3-60b1-400b-8f91-f6403d9e7442"]}},{"type":"Feature","geometry":{"type":"Polygon","coordinates":[[[30.97908539712762,69.78081207330219],[31.00593035847695,69.78081207330219],[31.00593035847695,69.7897951850521],[30.97908539712762,69.7897951850521],[30.97908539712762,69.78081207330219]]]},"properties":{"cell_id":"1154_7768","expected_nets":0.0003,"particle_count":1,"n_nets":1,"contributing_net_ids":["178a8ce9-4d9c-4e1e-b6b9-6131b016ac1f"]}},{"type":"Feature","geometry":{"type":"Polygon","coordinates":[[[30.97908539712762,70.27488321954725],[31.00593035847695,70.27488321954725],[31.00593035847695,70.28386633129716],[30.97908539712762,70.28386633129716],[30.97908539712762,70.27488321954725]]]},"properties":{"cell_id":"1154_7823","expected_nets":0.0003,"particle_count":1,"n_nets":1,"contributing_net_ids":["43c5d8b6-1fb3-465b-b441-487f33c6a908"]}},{"type":"Feature","geometry":{"type":"Polygon","coordinates":[[[30.97908539712762,70.41861300754582],[31.00593035847695,70.41861300754582],[31.00593035847695,70.42759611929573],[30.97908539712762,70.42759611929573],[30.97908539712762,70.41861300754582]]]},"properties":{"cell_id":"1154_7839","expected_nets":0.0003,"particle_count":1,"n_nets":1,"contributing_net_ids":["501f7877-ea08-4c1e-bb0c-f805d7b93531"]}},{"type":"Feature","geometry":{"type":"Polygon","coordinates":[[[31.032775319826282,70.34674811354654],[31.05962028117561,70.34674811354654],[31.05962028117561,70.35573122529645],[31.032775319826282,70.35573122529645],[31.032775319826282,70.34674811354654]]]},"properties":{"cell_id":"1156_7831","expected_nets":0.0003,"particle_count":1,"n_nets":1,"contributing_net_ids":["43c5d8b6-1fb3-465b-b441-487f33c6a908"]}},{"type":"Feature","geometry":{"type":"Polygon","coordinates":[[[31.05962028117561,70.28386633129716],[31.08646524252494,70.28386633129716],[31.08646524252494,70.29284944304707],[31.05962028117561,70.29284944304707],[31.05962028117561,70.28386633129716]]]},"properties":{"cell_id":"1157_7824","expected_nets":0.0003,"particle_count":1,"n_nets":1,"contributing_net_ids":["43c5d8b6-1fb3-465b-b441-487f33c6a908"]}},{"type":"Feature","geometry":{"type":"Polygon","coordinates":[[[31.086465242524945,69.76284584980237],[31.113310203874274,69.76284584980237],[31.113310203874274,69.77182896155229],[31.086465242524945,69.77182896155229],[31.086465242524945,69.76284584980237]]]},"properties":{"cell_id":"1158_7766","expected_nets":0.0003,"particle_count":1,"n_nets":1,"contributing_net_ids":["39d2f659-e666-4b43-ab4a-c4439252e729"]}},{"type":"Feature","geometry":{"type":"Polygon","coordinates":[[[31.167000126572933,69.74487962630255],[31.193845087922263,69.74487962630255],[31.193845087922263,69.75386273805246],[31.167000126572933,69.75386273805246],[31.167000126572933,69.74487962630255]]]},"properties":{"cell_id":"1161_7764","expected_nets":0.0003,"particle_count":1,"n_nets":1,"contributing_net_ids":["5bc9b541-9afc-45ba-95db-3a4685de44a3"]}},{"type":"Feature","geometry":{"type":"Polygon","coordinates":[[[31.542829585463565,69.68199784405319],[31.569674546812895,69.68199784405319],[31.569674546812895,69.6909809558031],[31.542829585463565,69.6909809558031],[31.542829585463565,69.68199784405319]]]},"properties":{"cell_id":"1175_7757","expected_nets":0.0003,"particle_count":1,"n_nets":1,"contributing_net_ids":["491a8576-d12c-4378-8c01-07c2717e4a07"]}},{"type":"Feature","geometry":{"type":"Polygon","coordinates":[[[31.569674546812895,69.68199784405319],[31.596519508162224,69.68199784405319],[31.596519508162224,69.6909809558031],[31.569674546812895,69.6909809558031],[31.569674546812895,69.68199784405319]]]},"properties":{"cell_id":"1176_7757","expected_nets":0.0003,"particle_count":1,"n_nets":1,"contributing_net_ids":["444ac6fa-3c86-44c4-a0b0-2e7d79922517"]}},{"type":"Feature","geometry":{"type":"Polygon","coordinates":[[[31.569674546812895,69.84369385555156],[31.596519508162224,69.84369385555156],[31.596519508162224,69.85267696730148],[31.569674546812895,69.85267696730148],[31.569674546812895,69.84369385555156]]]},"properties":{"cell_id":"1176_7775","expected_nets":0.0003,"particle_count":1,"n_nets":1,"contributing_net_ids":["413b3abc-f65b-4b08-bae5-c33750216192"]}},{"type":"Feature","geometry":{"type":"Polygon","coordinates":[[[31.596519508162228,69.67301473230327],[31.623364469511557,69.67301473230327],[31.623364469511557,69.68199784405319],[31.596519508162228,69.68199784405319],[31.596519508162228,69.67301473230327]]]},"properties":{"cell_id":"1177_7756","expected_nets":0.0003,"particle_count":1,"n_nets":1,"contributing_net_ids":["39d2f659-e666-4b43-ab4a-c4439252e729"]}},{"type":"Feature","geometry":{"type":"Polygon","coordinates":[[[31.70389935355955,69.66403162055336],[31.73074431490888,69.66403162055336],[31.73074431490888,69.67301473230327],[31.70389935355955,69.67301473230327],[31.70389935355955,69.66403162055336]]]},"properties":{"cell_id":"1181_7755","expected_nets":0.0003,"particle_count":1,"n_nets":1,"contributing_net_ids":["39d2f659-e666-4b43-ab4a-c4439252e729"]}},{"type":"Feature","geometry":{"type":"Polygon","coordinates":[[[31.70389935355955,69.67301473230327],[31.73074431490888,69.67301473230327],[31.73074431490888,69.68199784405319],[31.70389935355955,69.68199784405319],[31.70389935355955,69.67301473230327]]]},"properties":{"cell_id":"1181_7756","expected_nets":0.0003,"particle_count":1,"n_nets":1,"contributing_net_ids":["444ac6fa-3c86-44c4-a0b0-2e7d79922517"]}},{"type":"Feature","geometry":{"type":"Polygon","coordinates":[[[31.70389935355955,69.69098095580308],[31.73074431490888,69.69098095580308],[31.73074431490888,69.699964067553],[31.70389935355955,69.699964067553],[31.70389935355955,69.69098095580308]]]},"properties":{"cell_id":"1181_7758","expected_nets":0.0003,"particle_count":1,"n_nets":1,"contributing_net_ids":["444ac6fa-3c86-44c4-a0b0-2e7d79922517"]}},{"type":"Feature","geometry":{"type":"Polygon","coordinates":[[[31.70389935355955,69.7897951850521],[31.73074431490888,69.7897951850521],[31.73074431490888,69.79877829680201],[31.70389935355955,69.79877829680201],[31.70389935355955,69.7897951850521]]]},"properties":{"cell_id":"1181_7769","expected_nets":0.0003,"particle_count":1,"n_nets":1,"contributing_net_ids":["413b3abc-f65b-4b08-bae5-c33750216192"]}},{"type":"Feature","geometry":{"type":"Polygon","coordinates":[[[31.78443423760754,69.64606539705353],[31.81127919895687,69.64606539705353],[31.81127919895687,69.65504850880345],[31.78443423760754,69.65504850880345],[31.78443423760754,69.64606539705353]]]},"properties":{"cell_id":"1184_7753","expected_nets":0.0003,"particle_count":1,"n_nets":1,"contributing_net_ids":["444ac6fa-3c86-44c4-a0b0-2e7d79922517"]}},{"type":"Feature","geometry":{"type":"Polygon","coordinates":[[[31.81127919895687,69.82572763205174],[31.8381241603062,69.82572763205174],[31.8381241603062,69.83471074380165],[31.81127919895687,69.83471074380165],[31.81127919895687,69.82572763205174]]]},"properties":{"cell_id":"1185_7773","expected_nets":0.0003,"particle_count":1,"n_nets":1,"contributing_net_ids":["413b3abc-f65b-4b08-bae5-c33750216192"]}},{"type":"Feature","geometry":{"type":"Polygon","coordinates":[[[31.864969121655534,69.80776140855193],[31.891814083004864,69.80776140855193],[31.891814083004864,69.81674452030184],[31.864969121655534,69.81674452030184],[31.864969121655534,69.80776140855193]]]},"properties":{"cell_id":"1187_7771","expected_nets":0.0003,"particle_count":1,"n_nets":1,"contributing_net_ids":["413b3abc-f65b-4b08-bae5-c33750216192"]}},{"type":"Feature","geometry":{"type":"Polygon","coordinates":[[[31.891814083004864,69.79877829680201],[31.918659044354193,69.79877829680201],[31.918659044354193,69.80776140855193],[31.891814083004864,69.80776140855193],[31.891814083004864,69.79877829680201]]]},"properties":{"cell_id":"1188_7770","expected_nets":0.0003,"particle_count":1,"n_nets":1,"contributing_net_ids":["413b3abc-f65b-4b08-bae5-c33750216192"]}},{"type":"Feature","geometry":{"type":"Polygon","coordinates":[[[31.891814083004864,69.94250808480058],[31.918659044354193,69.94250808480058],[31.918659044354193,69.95149119655049],[31.891814083004864,69.95149119655049],[31.891814083004864,69.94250808480058]]]},"properties":{"cell_id":"1188_7786","expected_nets":0.0003,"particle_count":1,"n_nets":1,"contributing_net_ids":["8a3bdd3c-8344-4b09-8b3a-0f9a3d5dae08"]}},{"type":"Feature","geometry":{"type":"Polygon","coordinates":[[[32.02603888975152,69.94250808480058],[32.05288385110085,69.94250808480058],[32.05288385110085,69.95149119655049],[32.02603888975152,69.95149119655049],[32.02603888975152,69.94250808480058]]]},"properties":{"cell_id":"1193_7786","expected_nets":0.0003,"particle_count":1,"n_nets":1,"contributing_net_ids":["822fb14e-3e5d-4d49-842e-39d6f5621e8b"]}},{"type":"Feature","geometry":{"type":"Polygon","coordinates":[[[32.052883851100844,69.93352497305067],[32.07972881245018,69.93352497305067],[32.07972881245018,69.94250808480058],[32.052883851100844,69.94250808480058],[32.052883851100844,69.93352497305067]]]},"properties":{"cell_id":"1194_7785","expected_nets":0.0003,"particle_count":1,"n_nets":1,"contributing_net_ids":["cb0ddc2d-92e0-4234-b4cb-6ca7c091c319"]}},{"type":"Feature","geometry":{"type":"Polygon","coordinates":[[[32.052883851100844,69.94250808480058],[32.07972881245018,69.94250808480058],[32.07972881245018,69.95149119655049],[32.052883851100844,69.95149119655049],[32.052883851100844,69.94250808480058]]]},"properties":{"cell_id":"1194_7786","expected_nets":0.0003,"particle_count":1,"n_nets":1,"contributing_net_ids":["285cb79f-371f-48f7-ad51-d9c0c62f9384"]}},{"type":"Feature","geometry":{"type":"Polygon","coordinates":[[[32.07972881245018,69.93352497305067],[32.10657377379951,69.93352497305067],[32.10657377379951,69.94250808480058],[32.07972881245018,69.94250808480058],[32.07972881245018,69.93352497305067]]]},"properties":{"cell_id":"1195_7785","expected_nets":0.0003,"particle_count":1,"n_nets":1,"contributing_net_ids":["cb0ddc2d-92e0-4234-b4cb-6ca7c091c319"]}},{"type":"Feature","geometry":{"type":"Polygon","coordinates":[[[32.455558271340806,69.83471074380165],[32.48240323269014,69.83471074380165],[32.48240323269014,69.84369385555156],[32.455558271340806,69.84369385555156],[32.455558271340806,69.83471074380165]]]},"properties":{"cell_id":"1209_7774","expected_nets":0.0003,"particle_count":1,"n_nets":1,"contributing_net_ids":["1cd692f0-e1bd-4f62-9162-4f5a33f16ae9"]}},{"type":"Feature","geometry":{"type":"Polygon","coordinates":[[[32.67031796213546,69.78081207330219],[32.69716292348479,69.78081207330219],[32.69716292348479,69.7897951850521],[32.67031796213546,69.7897951850521],[32.67031796213546,69.78081207330219]]]},"properties":{"cell_id":"1217_7768","expected_nets":0.0003,"particle_count":1,"n_nets":1,"contributing_net_ids":["1cd692f0-e1bd-4f62-9162-4f5a33f16ae9"]}},{"type":"Feature","geometry":{"type":"Polygon","coordinates":[[[32.67031796213546,69.7897951850521],[32.69716292348479,69.7897951850521],[32.69716292348479,69.79877829680201],[32.67031796213546,69.79877829680201],[32.67031796213546,69.7897951850521]]]},"properties":{"cell_id":"1217_7769","expected_nets":0.0003,"particle_count":1,"n_nets":1,"contributing_net_ids":["cb0ddc2d-92e0-4234-b4cb-6ca7c091c319"]}},{"type":"Feature","geometry":{"type":"Polygon","coordinates":[[[32.724007884834116,69.78081207330219],[32.75085284618345,69.78081207330219],[32.75085284618345,69.7897951850521],[32.724007884834116,69.7897951850521],[32.724007884834116,69.78081207330219]]]},"properties":{"cell_id":"1219_7768","expected_nets":0.0003,"particle_count":1,"n_nets":1,"contributing_net_ids":["4f1df18f-2aa1-40db-923c-9e7359a62300"]}},{"type":"Feature","geometry":{"type":"Polygon","coordinates":[[[32.85823269158077,69.76284584980237],[32.8850776529301,69.76284584980237],[32.8850776529301,69.77182896155229],[32.85823269158077,69.77182896155229],[32.85823269158077,69.76284584980237]]]},"properties":{"cell_id":"1224_7766","expected_nets":0.0003,"particle_count":1,"n_nets":1,"contributing_net_ids":["1cd692f0-e1bd-4f62-9162-4f5a33f16ae9"]}},{"type":"Feature","geometry":{"type":"Polygon","coordinates":[[[33.046147421026085,69.74487962630255],[33.07299238237542,69.74487962630255],[33.07299238237542,69.75386273805246],[33.046147421026085,69.75386273805246],[33.046147421026085,69.74487962630255]]]},"properties":{"cell_id":"1231_7764","expected_nets":0.0003,"particle_count":1,"n_nets":1,"contributing_net_ids":["1cd692f0-e1bd-4f62-9162-4f5a33f16ae9"]}},{"type":"Feature","geometry":{"type":"Polygon","coordinates":[[[24.965814054877544,70.99353215954007],[24.992659016226874,70.99353215954007],[24.992659016226874,71.00251527128998],[24.965814054877544,71.00251527128998],[24.965814054877544,70.99353215954007]]]},"properties":{"cell_id":"930_7903","expected_nets":0.0003,"particle_count":1,"n_nets":1,"contributing_net_ids":["c4c6d9a6-bf57-4182-966d-55046e277ae0"]}},{"type":"Feature","geometry":{"type":"Polygon","coordinates":[[[24.992659016226874,70.91268415379088],[25.019503977576203,70.91268415379088],[25.019503977576203,70.92166726554079],[24.992659016226874,70.92166726554079],[24.992659016226874,70.91268415379088]]]},"properties":{"cell_id":"931_7894","expected_nets":0.0003,"particle_count":1,"n_nets":1,"contributing_net_ids":["c4c6d9a6-bf57-4182-966d-55046e277ae0"]}},{"type":"Feature","geometry":{"type":"Polygon","coordinates":[[[24.992659016226874,70.99353215954007],[25.019503977576203,70.99353215954007],[25.019503977576203,71.00251527128998],[24.992659016226874,71.00251527128998],[24.992659016226874,70.99353215954007]]]},"properties":{"cell_id":"931_7903","expected_nets":0.0003,"particle_count":1,"n_nets":1,"contributing_net_ids":["c4c6d9a6-bf57-4182-966d-55046e277ae0"]}},{"type":"Feature","geometry":{"type":"Polygon","coordinates":[[[24.992659016226874,71.00251527128998],[25.019503977576203,71.00251527128998],[25.019503977576203,71.01149838303989],[24.992659016226874,71.01149838303989],[24.992659016226874,71.00251527128998]]]},"properties":{"cell_id":"931_7904","expected_nets":0.0003,"particle_count":1,"n_nets":1,"contributing_net_ids":["c4c6d9a6-bf57-4182-966d-55046e277ae0"]}},{"type":"Feature","geometry":{"type":"Polygon","coordinates":[[[25.019503977576207,70.88573481854114],[25.046348938925536,70.88573481854114],[25.046348938925536,70.89471793029105],[25.019503977576207,70.89471793029105],[25.019503977576207,70.88573481854114]]]},"properties":{"cell_id":"932_7891","expected_nets":0.0003,"particle_count":1,"n_nets":1,"contributing_net_ids":["c4c6d9a6-bf57-4182-966d-55046e277ae0"]}},{"type":"Feature","geometry":{"type":"Polygon","coordinates":[[[25.019503977576207,70.96658282429033],[25.046348938925536,70.96658282429033],[25.046348938925536,70.97556593604024],[25.019503977576207,70.97556593604024],[25.019503977576207,70.96658282429033]]]},"properties":{"cell_id":"932_7900","expected_nets":0.0003,"particle_count":1,"n_nets":1,"contributing_net_ids":["c4c6d9a6-bf57-4182-966d-55046e277ae0"]}},{"type":"Feature","geometry":{"type":"Polygon","coordinates":[[[25.019503977576207,71.00251527128998],[25.046348938925536,71.00251527128998],[25.046348938925536,71.01149838303989],[25.019503977576207,71.01149838303989],[25.019503977576207,71.00251527128998]]]},"properties":{"cell_id":"932_7904","expected_nets":0.0003,"particle_count":1,"n_nets":1,"contributing_net_ids":["c4c6d9a6-bf57-4182-966d-55046e277ae0"]}},{"type":"Feature","geometry":{"type":"Polygon","coordinates":[[[25.019503977576207,71.02048149478979],[25.046348938925536,71.02048149478979],[25.046348938925536,71.0294646065397],[25.019503977576207,71.0294646065397],[25.019503977576207,71.02048149478979]]]},"properties":{"cell_id":"932_7906","expected_nets":0.0003,"particle_count":1,"n_nets":1,"contributing_net_ids":["c4c6d9a6-bf57-4182-966d-55046e277ae0"]}},{"type":"Feature","geometry":{"type":"Polygon","coordinates":[[[25.046348938925536,71.0294646065397],[25.073193900274866,71.0294646065397],[25.073193900274866,71.03844771828962],[25.046348938925536,71.03844771828962],[25.046348938925536,71.0294646065397]]]},"properties":{"cell_id":"933_7907","expected_nets":0.0003,"particle_count":1,"n_nets":1,"contributing_net_ids":["c4c6d9a6-bf57-4182-966d-55046e277ae0"]}},{"type":"Feature","geometry":{"type":"Polygon","coordinates":[[[25.073193900274866,70.91268415379088],[25.100038861624196,70.91268415379088],[25.100038861624196,70.92166726554079],[25.073193900274866,70.92166726554079],[25.073193900274866,70.91268415379088]]]},"properties":{"cell_id":"934_7894","expected_nets":0.0003,"particle_count":1,"n_nets":1,"contributing_net_ids":["c4c6d9a6-bf57-4182-966d-55046e277ae0"]}},{"type":"Feature","geometry":{"type":"Polygon","coordinates":[[[25.1000388616242,70.92166726554079],[25.12688382297353,70.92166726554079],[25.12688382297353,70.9306503772907],[25.1000388616242,70.9306503772907],[25.1000388616242,70.92166726554079]]]},"properties":{"cell_id":"935_7895","expected_nets":0.0003,"particle_count":1,"n_nets":1,"contributing_net_ids":["c4c6d9a6-bf57-4182-966d-55046e277ae0"]}},{"type":"Feature","geometry":{"type":"Polygon","coordinates":[[[25.15372878432286,70.54437657204456],[25.180573745672188,70.54437657204456],[25.180573745672188,70.55335968379447],[25.15372878432286,70.55335968379447],[25.15372878432286,70.54437657204456]]]},"properties":{"cell_id":"937_7853","expected_nets":0.0003,"particle_count":1,"n_nets":1,"contributing_net_ids":["b68c38a7-1ccd-4ae6-9801-c4f2ce607946"]}},{"type":"Feature","geometry":{"type":"Polygon","coordinates":[[[25.15372878432286,70.90370104204096],[25.180573745672188,70.90370104204096],[25.180573745672188,70.91268415379088],[25.15372878432286,70.91268415379088],[25.15372878432286,70.90370104204096]]]},"properties":{"cell_id":"937_7893","expected_nets":0.0003,"particle_count":1,"n_nets":1,"contributing_net_ids":["c4c6d9a6-bf57-4182-966d-55046e277ae0"]}},{"type":"Feature","geometry":{"type":"Polygon","coordinates":[[[25.15372878432286,70.91268415379088],[25.180573745672188,70.91268415379088],[25.180573745672188,70.92166726554079],[25.15372878432286,70.92166726554079],[25.15372878432286,70.91268415379088]]]},"properties":{"cell_id":"937_7894","expected_nets":0.0003,"particle_count":1,"n_nets":1,"contributing_net_ids":["c4c6d9a6-bf57-4182-966d-55046e277ae0"]}},{"type":"Feature","geometry":{"type":"Polygon","coordinates":[[[25.18057374567219,70.89471793029105],[25.20741870702152,70.89471793029105],[25.20741870702152,70.90370104204096],[25.18057374567219,70.90370104204096],[25.18057374567219,70.89471793029105]]]},"properties":{"cell_id":"938_7892","expected_nets":0.0003,"particle_count":1,"n_nets":1,"contributing_net_ids":["c4c6d9a6-bf57-4182-966d-55046e277ae0"]}},{"type":"Feature","geometry":{"type":"Polygon","coordinates":[[[25.20741870702152,70.4096298957959],[25.23426366837085,70.4096298957959],[25.23426366837085,70.41861300754582],[25.20741870702152,70.41861300754582],[25.20741870702152,70.4096298957959]]]},"properties":{"cell_id":"939_7838","expected_nets":0.0003,"particle_count":1,"n_nets":1,"contributing_net_ids":["efe29baa-49f5-4eef-bf00-780fc94fd192"]}},{"type":"Feature","geometry":{"type":"Polygon","coordinates":[[[25.23426366837085,70.38268056054618],[25.26110862972018,70.38268056054618],[25.26110862972018,70.39166367229609],[25.23426366837085,70.39166367229609],[25.23426366837085,70.38268056054618]]]},"properties":{"cell_id":"940_7835","expected_nets":0.0003,"particle_count":1,"n_nets":1,"contributing_net_ids":["e75a847a-c3de-4b7e-a353-9f70acc6da3e"]}},{"type":"Feature","geometry":{"type":"Polygon","coordinates":[[[25.23426366837085,70.39166367229609],[25.26110862972018,70.39166367229609],[25.26110862972018,70.400646784046],[25.23426366837085,70.400646784046],[25.23426366837085,70.39166367229609]]]},"properties":{"cell_id":"940_7836","expected_nets":0.0003,"particle_count":1,"n_nets":1,"contributing_net_ids":["e75a847a-c3de-4b7e-a353-9f70acc6da3e"]}},{"type":"Feature","geometry":{"type":"Polygon","coordinates":[[[25.23426366837085,70.40064678404599],[25.26110862972018,70.40064678404599],[25.26110862972018,70.4096298957959],[25.23426366837085,70.4096298957959],[25.23426366837085,70.40064678404599]]]},"properties":{"cell_id":"940_7837","expected_nets":0.0003,"particle_count":1,"n_nets":1,"contributing_net_ids":["efe29baa-49f5-4eef-bf00-780fc94fd192"]}},{"type":"Feature","geometry":{"type":"Polygon","coordinates":[[[25.23426366837085,71.04743083003953],[25.26110862972018,71.04743083003953],[25.26110862972018,71.05641394178944],[25.23426366837085,71.05641394178944],[25.23426366837085,71.04743083003953]]]},"properties":{"cell_id":"940_7909","expected_nets":0.0003,"particle_count":1,"n_nets":1,"contributing_net_ids":["c4c6d9a6-bf57-4182-966d-55046e277ae0"]}},{"type":"Feature","geometry":{"type":"Polygon","coordinates":[[[25.261108629720184,71.04743083003953],[25.287953591069513,71.04743083003953],[25.287953591069513,71.05641394178944],[25.261108629720184,71.05641394178944],[25.261108629720184,71.04743083003953]]]},"properties":{"cell_id":"941_7909","expected_nets":0.0003,"particle_count":1,"n_nets":1,"contributing_net_ids":["c4c6d9a6-bf57-4182-966d-55046e277ae0"]}},{"type":"Feature","geometry":{"type":"Polygon","coordinates":[[[25.261108629720184,71.05641394178943],[25.287953591069513,71.05641394178943],[25.287953591069513,71.06539705353934],[25.261108629720184,71.06539705353934],[25.261108629720184,71.05641394178943]]]},"properties":{"cell_id":"941_7910","expected_nets":0.0003,"particle_count":1,"n_nets":1,"contributing_net_ids":["c4c6d9a6-bf57-4182-966d-55046e277ae0"]}},{"type":"Feature","geometry":{"type":"Polygon","coordinates":[[[25.287953591069513,70.23895077254761],[25.314798552418843,70.23895077254761],[25.314798552418843,70.24793388429752],[25.287953591069513,70.24793388429752],[25.287953591069513,70.23895077254761]]]},"properties":{"cell_id":"942_7819","expected_nets":0.0003,"particle_count":1,"n_nets":1,"contributing_net_ids":["065457f6-ccdd-491e-8dbf-470416157a18"]}},{"type":"Feature","geometry":{"type":"Polygon","coordinates":[[[25.287953591069513,70.3197987782968],[25.314798552418843,70.3197987782968],[25.314798552418843,70.32878189004671],[25.287953591069513,70.32878189004671],[25.287953591069513,70.3197987782968]]]},"properties":{"cell_id":"942_7828","expected_nets":0.0003,"particle_count":1,"n_nets":1,"contributing_net_ids":["efe29baa-49f5-4eef-bf00-780fc94fd192"]}},{"type":"Feature","geometry":{"type":"Polygon","coordinates":[[[25.287953591069513,70.95759971254043],[25.314798552418843,70.95759971254043],[25.314798552418843,70.96658282429034],[25.287953591069513,70.96658282429034],[25.287953591069513,70.95759971254043]]]},"properties":{"cell_id":"942_7899","expected_nets":0.0003,"particle_count":1,"n_nets":1,"contributing_net_ids":["c4c6d9a6-bf57-4182-966d-55046e277ae0"]}},{"type":"Feature","geometry":{"type":"Polygon","coordinates":[[[25.287953591069513,71.05641394178943],[25.314798552418843,71.05641394178943],[25.314798552418843,71.06539705353934],[25.287953591069513,71.06539705353934],[25.287953591069513,71.05641394178943]]]},"properties":{"cell_id":"942_7910","expected_nets":0.0003,"particle_count":1,"n_nets":1,"contributing_net_ids":["c4c6d9a6-bf57-4182-966d-55046e277ae0"]}},{"type":"Feature","geometry":{"type":"Polygon","coordinates":[[[25.314798552418843,70.25691699604744],[25.341643513768172,70.25691699604744],[25.341643513768172,70.26590010779735],[25.314798552418843,70.26590010779735],[25.314798552418843,70.25691699604744]]]},"properties":{"cell_id":"943_7821","expected_nets":0.0003,"particle_count":1,"n_nets":1,"contributing_net_ids":["065457f6-ccdd-491e-8dbf-470416157a18"]}},{"type":"Feature","geometry":{"type":"Polygon","coordinates":[[[25.314798552418843,71.1192957240388],[25.341643513768172,71.1192957240388],[25.341643513768172,71.12827883578872],[25.314798552418843,71.12827883578872],[25.314798552418843,71.1192957240388]]]},"properties":{"cell_id":"943_7917","expected_nets":0.0003,"particle_count":1,"n_nets":1,"contributing_net_ids":["c4c6d9a6-bf57-4182-966d-55046e277ae0"]}},{"type":"Feature","geometry":{"type":"Polygon","coordinates":[[[25.314798552418843,71.13726194753863],[25.341643513768172,71.13726194753863],[25.341643513768172,71.14624505928855],[25.314798552418843,71.14624505928855],[25.314798552418843,71.13726194753863]]]},"properties":{"cell_id":"943_7919","expected_nets":0.0003,"particle_count":1,"n_nets":1,"contributing_net_ids":["c4c6d9a6-bf57-4182-966d-55046e277ae0"]}},{"type":"Feature","geometry":{"type":"Polygon","coordinates":[[[25.341643513768176,70.39166367229609],[25.368488475117505,70.39166367229609],[25.368488475117505,70.400646784046],[25.341643513768176,70.400646784046],[25.341643513768176,70.39166367229609]]]},"properties":{"cell_id":"944_7836","expected_nets":0.0003,"particle_count":1,"n_nets":1,"contributing_net_ids":["efe29baa-49f5-4eef-bf00-780fc94fd192"]}},{"type":"Feature","geometry":{"type":"Polygon","coordinates":[[[25.341643513768176,71.01149838303988],[25.368488475117505,71.01149838303988],[25.368488475117505,71.02048149478979],[25.341643513768176,71.02048149478979],[25.341643513768176,71.01149838303988]]]},"properties":{"cell_id":"944_7905","expected_nets":0.0003,"particle_count":1,"n_nets":1,"contributing_net_ids":["51ea4374-4f03-4957-b2d3-91e78f0021c5"]}},{"type":"Feature","geometry":{"type":"Polygon","coordinates":[[[25.341643513768176,71.10132950053898],[25.368488475117505,71.10132950053898],[25.368488475117505,71.1103126122889],[25.341643513768176,71.1103126122889],[25.341643513768176,71.10132950053898]]]},"properties":{"cell_id":"944_7915","expected_nets":0.0003,"particle_count":1,"n_nets":1,"contributing_net_ids":["c4c6d9a6-bf57-4182-966d-55046e277ae0"]}},{"type":"Feature","geometry":{"type":"Polygon","coordinates":[[[25.341643513768176,71.13726194753863],[25.368488475117505,71.13726194753863],[25.368488475117505,71.14624505928855],[25.341643513768176,71.14624505928855],[25.341643513768176,71.13726194753863]]]},"properties":{"cell_id":"944_7919","expected_nets":0.0003,"particle_count":1,"n_nets":1,"contributing_net_ids":["c4c6d9a6-bf57-4182-966d-55046e277ae0"]}},{"type":"Feature","geometry":{"type":"Polygon","coordinates":[[[25.368488475117505,70.19403521379806],[25.395333436466835,70.19403521379806],[25.395333436466835,70.20301832554797],[25.368488475117505,70.20301832554797],[25.368488475117505,70.19403521379806]]]},"properties":{"cell_id":"945_7814","expected_nets":0.0003,"particle_count":1,"n_nets":1,"contributing_net_ids":["065457f6-ccdd-491e-8dbf-470416157a18"]}},{"type":"Feature","geometry":{"type":"Polygon","coordinates":[[[25.368488475117505,70.87675170679124],[25.395333436466835,70.87675170679124],[25.395333436466835,70.88573481854115],[25.368488475117505,70.88573481854115],[25.368488475117505,70.87675170679124]]]},"properties":{"cell_id":"945_7890","expected_nets":0.0003,"particle_count":1,"n_nets":1,"contributing_net_ids":["c4c6d9a6-bf57-4182-966d-55046e277ae0"]}},{"type":"Feature","geometry":{"type":"Polygon","coordinates":[[[25.368488475117505,71.1103126122889],[25.395333436466835,71.1103126122889],[25.395333436466835,71.1192957240388],[25.368488475117505,71.1192957240388],[25.368488475117505,71.1103126122889]]]},"properties":{"cell_id":"945_7916","expected_nets":0.0003,"particle_count":1,"n_nets":1,"contributing_net_ids":["c4c6d9a6-bf57-4182-966d-55046e277ae0"]}},{"type":"Feature","geometry":{"type":"Polygon","coordinates":[[[25.395333436466835,70.22098454904778],[25.422178397816165,70.22098454904778],[25.422178397816165,70.2299676607977],[25.395333436466835,70.2299676607977],[25.395333436466835,70.22098454904778]]]},"properties":{"cell_id":"946_7817","expected_nets":0.0003,"particle_count":1,"n_nets":1,"contributing_net_ids":["065457f6-ccdd-491e-8dbf-470416157a18"]}},{"type":"Feature","geometry":{"type":"Polygon","coordinates":[[[25.395333436466835,70.23895077254761],[25.422178397816165,70.23895077254761],[25.422178397816165,70.24793388429752],[25.395333436466835,70.24793388429752],[25.395333436466835,70.23895077254761]]]},"properties":{"cell_id":"946_7819","expected_nets":0.0003,"particle_count":1,"n_nets":1,"contributing_net_ids":["065457f6-ccdd-491e-8dbf-470416157a18"]}},{"type":"Feature","geometry":{"type":"Polygon","coordinates":[[[25.395333436466835,70.28386633129716],[25.422178397816165,70.28386633129716],[25.422178397816165,70.29284944304707],[25.395333436466835,70.29284944304707],[25.395333436466835,70.28386633129716]]]},"properties":{"cell_id":"946_7824","expected_nets":0.0003,"particle_count":1,"n_nets":1,"contributing_net_ids":["065457f6-ccdd-491e-8dbf-470416157a18"]}},{"type":"Feature","geometry":{"type":"Polygon","coordinates":[[[25.395333436466835,70.32878189004671],[25.422178397816165,70.32878189004671],[25.422178397816165,70.33776500179663],[25.395333436466835,70.33776500179663],[25.395333436466835,70.32878189004671]]]},"properties":{"cell_id":"946_7829","expected_nets":0.0003,"particle_count":1,"n_nets":1,"contributing_net_ids":["efe29baa-49f5-4eef-bf00-780fc94fd192"]}},{"type":"Feature","geometry":{"type":"Polygon","coordinates":[[[25.395333436466835,70.88573481854114],[25.422178397816165,70.88573481854114],[25.422178397816165,70.89471793029105],[25.395333436466835,70.89471793029105],[25.395333436466835,70.88573481854114]]]},"properties":{"cell_id":"946_7891","expected_nets":0.0003,"particle_count":1,"n_nets":1,"contributing_net_ids":["c4c6d9a6-bf57-4182-966d-55046e277ae0"]}},{"type":"Feature","geometry":{"type":"Polygon","coordinates":[[[25.422178397816168,70.99353215954007],[25.449023359165498,70.99353215954007],[25.449023359165498,71.00251527128998],[25.422178397816168,71.00251527128998],[25.422178397816168,70.99353215954007]]]},"properties":{"cell_id":"947_7903","expected_nets":0.0003,"particle_count":1,"n_nets":1,"contributing_net_ids":["4cf87f47-5937-4c4f-9f67-d0df31b15978"]}},{"type":"Feature","geometry":{"type":"Polygon","coordinates":[[[25.422178397816168,71.02048149478979],[25.449023359165498,71.02048149478979],[25.449023359165498,71.0294646065397],[25.422178397816168,71.0294646065397],[25.422178397816168,71.02048149478979]]]},"properties":{"cell_id":"947_7906","expected_nets":0.0003,"particle_count":1,"n_nets":1,"contributing_net_ids":["c4c6d9a6-bf57-4182-966d-55046e277ae0"]}},{"type":"Feature","geometry":{"type":"Polygon","coordinates":[[[25.449023359165498,71.1103126122889],[25.475868320514827,71.1103126122889],[25.475868320514827,71.1192957240388],[25.449023359165498,71.1192957240388],[25.449023359165498,71.1103126122889]]]},"properties":{"cell_id":"948_7916","expected_nets":0.0003,"particle_count":1,"n_nets":1,"contributing_net_ids":["c4c6d9a6-bf57-4182-966d-55046e277ae0"]}},{"type":"Feature","geometry":{"type":"Polygon","coordinates":[[[25.475868320514827,70.30183255479699],[25.502713281864157,70.30183255479699],[25.502713281864157,70.3108156665469],[25.475868320514827,70.3108156665469],[25.475868320514827,70.30183255479699]]]},"properties":{"cell_id":"949_7826","expected_nets":0.0003,"particle_count":1,"n_nets":1,"contributing_net_ids":["065457f6-ccdd-491e-8dbf-470416157a18"]}},{"type":"Feature","geometry":{"type":"Polygon","coordinates":[[[25.475868320514827,70.31081566654689],[25.502713281864157,70.31081566654689],[25.502713281864157,70.3197987782968],[25.475868320514827,70.3197987782968],[25.475868320514827,70.31081566654689]]]},"properties":{"cell_id":"949_7827","expected_nets":0.0003,"particle_count":1,"n_nets":1,"contributing_net_ids":["065457f6-ccdd-491e-8dbf-470416157a18"]}},{"type":"Feature","geometry":{"type":"Polygon","coordinates":[[[25.475868320514827,70.6701401365433],[25.502713281864157,70.6701401365433],[25.502713281864157,70.67912324829321],[25.475868320514827,70.67912324829321],[25.475868320514827,70.6701401365433]]]},"properties":{"cell_id":"949_7867","expected_nets":0.0003,"particle_count":1,"n_nets":1,"contributing_net_ids":["b68c38a7-1ccd-4ae6-9801-c4f2ce607946"]}},{"type":"Feature","geometry":{"type":"Polygon","coordinates":[[[25.50271328186416,70.28386633129716],[25.52955824321349,70.28386633129716],[25.52955824321349,70.29284944304707],[25.50271328186416,70.29284944304707],[25.50271328186416,70.28386633129716]]]},"properties":{"cell_id":"950_7824","expected_nets":0.0003,"particle_count":1,"n_nets":1,"contributing_net_ids":["065457f6-ccdd-491e-8dbf-470416157a18"]}},{"type":"Feature","geometry":{"type":"Polygon","coordinates":[[[25.50271328186416,70.38268056054618],[25.52955824321349,70.38268056054618],[25.52955824321349,70.39166367229609],[25.50271328186416,70.39166367229609],[25.50271328186416,70.38268056054618]]]},"properties":{"cell_id":"950_7835","expected_nets":0.0003,"particle_count":1,"n_nets":1,"contributing_net_ids":["b68c38a7-1ccd-4ae6-9801-c4f2ce607946"]}},{"type":"Feature","geometry":{"type":"Polygon","coordinates":[[[25.50271328186416,70.68810636004312],[25.52955824321349,70.68810636004312],[25.52955824321349,70.69708947179303],[25.50271328186416,70.69708947179303],[25.50271328186416,70.68810636004312]]]},"properties":{"cell_id":"950_7869","expected_nets":0.0003,"particle_count":1,"n_nets":1,"contributing_net_ids":["e75a847a-c3de-4b7e-a353-9f70acc6da3e"]}},{"type":"Feature","geometry":{"type":"Polygon","coordinates":[[[25.50271328186416,70.9396334890406],[25.52955824321349,70.9396334890406],[25.52955824321349,70.94861660079052],[25.50271328186416,70.94861660079052],[25.50271328186416,70.9396334890406]]]},"properties":{"cell_id":"950_7897","expected_nets":0.0003,"particle_count":1,"n_nets":1,"contributing_net_ids":["d9de1f0e-7743-4a5a-950e-71a72e96bff4"]}},{"type":"Feature","geometry":{"type":"Polygon","coordinates":[[[25.50271328186416,71.02048149478979],[25.52955824321349,71.02048149478979],[25.52955824321349,71.0294646065397],[25.50271328186416,71.0294646065397],[25.50271328186416,71.02048149478979]]]},"properties":{"cell_id":"950_7906","expected_nets":0.0003,"particle_count":1,"n_nets":1,"contributing_net_ids":["51ea4374-4f03-4957-b2d3-91e78f0021c5"]}},{"type":"Feature","geometry":{"type":"Polygon","coordinates":[[[25.52955824321349,70.39166367229609],[25.55640320456282,70.39166367229609],[25.55640320456282,70.400646784046],[25.52955824321349,70.400646784046],[25.52955824321349,70.39166367229609]]]},"properties":{"cell_id":"951_7836","expected_nets":0.0003,"particle_count":1,"n_nets":1,"contributing_net_ids":["b68c38a7-1ccd-4ae6-9801-c4f2ce607946"]}},{"type":"Feature","geometry":{"type":"Polygon","coordinates":[[[25.52955824321349,71.02048149478979],[25.55640320456282,71.02048149478979],[25.55640320456282,71.0294646065397],[25.52955824321349,71.0294646065397],[25.52955824321349,71.02048149478979]]]},"properties":{"cell_id":"951_7906","expected_nets":0.0003,"particle_count":1,"n_nets":1,"contributing_net_ids":["470db2b9-33e2-459d-b899-d527741f15ff"]}},{"type":"Feature","geometry":{"type":"Polygon","coordinates":[[[25.55640320456282,70.40064678404599],[25.58324816591215,70.40064678404599],[25.58324816591215,70.4096298957959],[25.55640320456282,70.4096298957959],[25.55640320456282,70.40064678404599]]]},"properties":{"cell_id":"952_7837","expected_nets":0.0003,"particle_count":1,"n_nets":1,"contributing_net_ids":["efe29baa-49f5-4eef-bf00-780fc94fd192"]}},{"type":"Feature","geometry":{"type":"Polygon","coordinates":[[[25.610093127261482,70.43657923104564],[25.636938088610812,70.43657923104564],[25.636938088610812,70.44556234279555],[25.610093127261482,70.44556234279555],[25.610093127261482,70.43657923104564]]]},"properties":{"cell_id":"954_7841","expected_nets":0.0003,"particle_count":1,"n_nets":1,"contributing_net_ids":["b68c38a7-1ccd-4ae6-9801-c4f2ce607946"]}},{"type":"Feature","geometry":{"type":"Polygon","coordinates":[[[25.610093127261482,70.45454545454545],[25.636938088610812,70.45454545454545],[25.636938088610812,70.46352856629537],[25.610093127261482,70.46352856629537],[25.610093127261482,70.45454545454545]]]},"properties":{"cell_id":"954_7843","expected_nets":0.0003,"particle_count":1,"n_nets":1,"contributing_net_ids":["efe29baa-49f5-4eef-bf00-780fc94fd192"]}},{"type":"Feature","geometry":{"type":"Polygon","coordinates":[[[25.610093127261482,70.93065037729069],[25.636938088610812,70.93065037729069],[25.636938088610812,70.9396334890406],[25.610093127261482,70.9396334890406],[25.610093127261482,70.93065037729069]]]},"properties":{"cell_id":"954_7896","expected_nets":0.0003,"particle_count":1,"n_nets":1,"contributing_net_ids":["470db2b9-33e2-459d-b899-d527741f15ff"]}},{"type":"Feature","geometry":{"type":"Polygon","coordinates":[[[25.636938088610812,70.46352856629537],[25.66378304996014,70.46352856629537],[25.66378304996014,70.47251167804528],[25.636938088610812,70.47251167804528],[25.636938088610812,70.46352856629537]]]},"properties":{"cell_id":"955_7844","expected_nets":0.0003,"particle_count":1,"n_nets":1,"contributing_net_ids":["e75a847a-c3de-4b7e-a353-9f70acc6da3e"]}},{"type":"Feature","geometry":{"type":"Polygon","coordinates":[[[25.66378304996014,71.16421128278836],[25.69062801130947,71.16421128278836],[25.69062801130947,71.17319439453827],[25.66378304996014,71.17319439453827],[25.66378304996014,71.16421128278836]]]},"properties":{"cell_id":"956_7922","expected_nets":0.0003,"particle_count":1,"n_nets":1,"contributing_net_ids":["c4c6d9a6-bf57-4182-966d-55046e277ae0"]}},{"type":"Feature","geometry":{"type":"Polygon","coordinates":[[[25.717472972658804,70.50844412504492],[25.744317934008134,70.50844412504492],[25.744317934008134,70.51742723679483],[25.717472972658804,70.51742723679483],[25.717472972658804,70.50844412504492]]]},"properties":{"cell_id":"958_7849","expected_nets":0.0003,"particle_count":1,"n_nets":1,"contributing_net_ids":["b68c38a7-1ccd-4ae6-9801-c4f2ce607946"]}},{"type":"Feature","geometry":{"type":"Polygon","coordinates":[[[25.717472972658804,70.74200503054259],[25.744317934008134,70.74200503054259],[25.744317934008134,70.7509881422925],[25.717472972658804,70.7509881422925],[25.717472972658804,70.74200503054259]]]},"properties":{"cell_id":"958_7875","expected_nets":0.0003,"particle_count":1,"n_nets":1,"contributing_net_ids":["e75a847a-c3de-4b7e-a353-9f70acc6da3e"]}},{"type":"Feature","geometry":{"type":"Polygon","coordinates":[[[25.717472972658804,71.15522817103844],[25.744317934008134,71.15522817103844],[25.744317934008134,71.16421128278836],[25.717472972658804,71.16421128278836],[25.717472972658804,71.15522817103844]]]},"properties":{"cell_id":"958_7921","expected_nets":0.0003,"particle_count":1,"n_nets":1,"contributing_net_ids":["c4c6d9a6-bf57-4182-966d-55046e277ae0"]}},{"type":"Feature","geometry":{"type":"Polygon","coordinates":[[[25.744317934008134,70.78692058929214],[25.771162895357463,70.78692058929214],[25.771162895357463,70.79590370104205],[25.744317934008134,70.79590370104205],[25.744317934008134,70.78692058929214]]]},"properties":{"cell_id":"959_7880","expected_nets":0.0003,"particle_count":1,"n_nets":1,"contributing_net_ids":["e75a847a-c3de-4b7e-a353-9f70acc6da3e"]}},{"type":"Feature","geometry":{"type":"Polygon","coordinates":[[[25.771162895357467,70.88573481854114],[25.798007856706796,70.88573481854114],[25.798007856706796,70.89471793029105],[25.771162895357467,70.89471793029105],[25.771162895357467,70.88573481854114]]]},"properties":{"cell_id":"960_7891","expected_nets":0.0003,"particle_count":1,"n_nets":1,"contributing_net_ids":["0dc85fe8-24ce-4a5b-9c68-10fde23c3974"]}},{"type":"Feature","geometry":{"type":"Polygon","coordinates":[[[25.798007856706796,70.54437657204456],[25.824852818056126,70.54437657204456],[25.824852818056126,70.55335968379447],[25.798007856706796,70.55335968379447],[25.798007856706796,70.54437657204456]]]},"properties":{"cell_id":"961_7853","expected_nets":0.0003,"particle_count":1,"n_nets":1,"contributing_net_ids":["b68c38a7-1ccd-4ae6-9801-c4f2ce607946"]}},{"type":"Feature","geometry":{"type":"Polygon","coordinates":[[[25.798007856706796,71.15522817103844],[25.824852818056126,71.15522817103844],[25.824852818056126,71.16421128278836],[25.798007856706796,71.16421128278836],[25.798007856706796,71.15522817103844]]]},"properties":{"cell_id":"961_7921","expected_nets":0.0003,"particle_count":1,"n_nets":1,"contributing_net_ids":["501f7877-ea08-4c1e-bb0c-f805d7b93531"]}},{"type":"Feature","geometry":{"type":"Polygon","coordinates":[[[25.824852818056126,70.69708947179303],[25.851697779405455,70.69708947179303],[25.851697779405455,70.70607258354295],[25.824852818056126,70.70607258354295],[25.824852818056126,70.69708947179303]]]},"properties":{"cell_id":"962_7870","expected_nets":0.0003,"particle_count":1,"n_nets":1,"contributing_net_ids":["efe29baa-49f5-4eef-bf00-780fc94fd192"]}},{"type":"Feature","geometry":{"type":"Polygon","coordinates":[[[25.85169777940546,70.55335968379447],[25.87854274075479,70.55335968379447],[25.87854274075479,70.56234279554438],[25.85169777940546,70.56234279554438],[25.85169777940546,70.55335968379447]]]},"properties":{"cell_id":"963_7854","expected_nets":0.0003,"particle_count":1,"n_nets":1,"contributing_net_ids":["e75a847a-c3de-4b7e-a353-9f70acc6da3e"]}},{"type":"Feature","geometry":{"type":"Polygon","coordinates":[[[25.85169777940546,70.88573481854114],[25.87854274075479,70.88573481854114],[25.87854274075479,70.89471793029105],[25.85169777940546,70.89471793029105],[25.85169777940546,70.88573481854114]]]},"properties":{"cell_id":"963_7891","expected_nets":0.0003,"particle_count":1,"n_nets":1,"contributing_net_ids":["efe29baa-49f5-4eef-bf00-780fc94fd192"]}},{"type":"Feature","geometry":{"type":"Polygon","coordinates":[[[25.87854274075479,70.67912324829321],[25.905387702104118,70.67912324829321],[25.905387702104118,70.68810636004312],[25.87854274075479,70.68810636004312],[25.87854274075479,70.67912324829321]]]},"properties":{"cell_id":"964_7868","expected_nets":0.0003,"particle_count":1,"n_nets":1,"contributing_net_ids":["efe29baa-49f5-4eef-bf00-780fc94fd192"]}},{"type":"Feature","geometry":{"type":"Polygon","coordinates":[[[25.87854274075479,70.68810636004312],[25.905387702104118,70.68810636004312],[25.905387702104118,70.69708947179303],[25.87854274075479,70.69708947179303],[25.87854274075479,70.68810636004312]]]},"properties":{"cell_id":"964_7869","expected_nets":0.0003,"particle_count":1,"n_nets":1,"contributing_net_ids":["e75a847a-c3de-4b7e-a353-9f70acc6da3e"]}},{"type":"Feature","geometry":{"type":"Polygon","coordinates":[[[25.87854274075479,70.89471793029105],[25.905387702104118,70.89471793029105],[25.905387702104118,70.90370104204096],[25.87854274075479,70.90370104204096],[25.87854274075479,70.89471793029105]]]},"properties":{"cell_id":"964_7892","expected_nets":0.0003,"particle_count":1,"n_nets":1,"contributing_net_ids":["1856880d-fea0-414e-9d9b-151b7bafb7eb"]}},{"type":"Feature","geometry":{"type":"Polygon","coordinates":[[[25.87854274075479,70.95759971254043],[25.905387702104118,70.95759971254043],[25.905387702104118,70.96658282429034],[25.87854274075479,70.96658282429034],[25.87854274075479,70.95759971254043]]]},"properties":{"cell_id":"964_7899","expected_nets":0.0003,"particle_count":1,"n_nets":1,"contributing_net_ids":["d9de1f0e-7743-4a5a-950e-71a72e96bff4"]}},{"type":"Feature","geometry":{"type":"Polygon","coordinates":[[[25.905387702104118,70.57132590729428],[25.932232663453448,70.57132590729428],[25.932232663453448,70.5803090190442],[25.905387702104118,70.5803090190442],[25.905387702104118,70.57132590729428]]]},"properties":{"cell_id":"965_7856","expected_nets":0.0003,"particle_count":1,"n_nets":1,"contributing_net_ids":["efe29baa-49f5-4eef-bf00-780fc94fd192"]}},{"type":"Feature","geometry":{"type":"Polygon","coordinates":[[[25.905387702104118,70.85878548329141],[25.932232663453448,70.85878548329141],[25.932232663453448,70.86776859504133],[25.905387702104118,70.86776859504133],[25.905387702104118,70.85878548329141]]]},"properties":{"cell_id":"965_7888","expected_nets":0.0003,"particle_count":1,"n_nets":1,"contributing_net_ids":["efe29baa-49f5-4eef-bf00-780fc94fd192"]}},{"type":"Feature","geometry":{"type":"Polygon","coordinates":[[[25.905387702104118,70.86776859504133],[25.932232663453448,70.86776859504133],[25.932232663453448,70.87675170679124],[25.905387702104118,70.87675170679124],[25.905387702104118,70.86776859504133]]]},"properties":{"cell_id":"965_7889","expected_nets":0.0003,"particle_count":1,"n_nets":1,"contributing_net_ids":["efe29baa-49f5-4eef-bf00-780fc94fd192"]}},{"type":"Feature","geometry":{"type":"Polygon","coordinates":[[[25.905387702104118,71.14624505928853],[25.932232663453448,71.14624505928853],[25.932232663453448,71.15522817103844],[25.905387702104118,71.15522817103844],[25.905387702104118,71.14624505928853]]]},"properties":{"cell_id":"965_7920","expected_nets":0.0003,"particle_count":1,"n_nets":1,"contributing_net_ids":["f8bfcb7e-c7fd-402c-b02c-4f35bae30cbb"]}},{"type":"Feature","geometry":{"type":"Polygon","coordinates":[[[25.93223266345345,70.5803090190442],[25.95907762480278,70.5803090190442],[25.95907762480278,70.5892921307941],[25.93223266345345,70.5892921307941],[25.93223266345345,70.5803090190442]]]},"properties":{"cell_id":"966_7857","expected_nets":0.0003,"particle_count":1,"n_nets":1,"contributing_net_ids":["b68c38a7-1ccd-4ae6-9801-c4f2ce607946"]}},{"type":"Feature","geometry":{"type":"Polygon","coordinates":[[[25.93223266345345,70.5892921307941],[25.95907762480278,70.5892921307941],[25.95907762480278,70.59827524254402],[25.93223266345345,70.59827524254402],[25.93223266345345,70.5892921307941]]]},"properties":{"cell_id":"966_7858","expected_nets":0.0003,"particle_count":1,"n_nets":1,"contributing_net_ids":["e75a847a-c3de-4b7e-a353-9f70acc6da3e"]}},{"type":"Feature","geometry":{"type":"Polygon","coordinates":[[[25.95907762480278,70.59827524254402],[25.98592258615211,70.59827524254402],[25.98592258615211,70.60725835429393],[25.95907762480278,70.60725835429393],[25.95907762480278,70.59827524254402]]]},"properties":{"cell_id":"967_7859","expected_nets":0.0003,"particle_count":1,"n_nets":1,"contributing_net_ids":["b68c38a7-1ccd-4ae6-9801-c4f2ce607946"]}},{"type":"Feature","geometry":{"type":"Polygon","coordinates":[[[25.95907762480278,71.13726194753863],[25.98592258615211,71.13726194753863],[25.98592258615211,71.14624505928855],[25.95907762480278,71.14624505928855],[25.95907762480278,71.13726194753863]]]},"properties":{"cell_id":"967_7919","expected_nets":0.0003,"particle_count":1,"n_nets":1,"contributing_net_ids":["a5827a71-1d16-4233-aebd-d14b478c5fff"]}},{"type":"Feature","geometry":{"type":"Polygon","coordinates":[[[25.98592258615211,70.59827524254402],[26.01276754750144,70.59827524254402],[26.01276754750144,70.60725835429393],[25.98592258615211,70.60725835429393],[25.98592258615211,70.59827524254402]]]},"properties":{"cell_id":"968_7859","expected_nets":0.0003,"particle_count":1,"n_nets":1,"contributing_net_ids":["efe29baa-49f5-4eef-bf00-780fc94fd192"]}},{"type":"Feature","geometry":{"type":"Polygon","coordinates":[[[26.012767547501443,70.66115702479338],[26.039612508850773,70.66115702479338],[26.039612508850773,70.6701401365433],[26.012767547501443,70.6701401365433],[26.012767547501443,70.66115702479338]]]},"properties":{"cell_id":"969_7866","expected_nets":0.0003,"particle_count":1,"n_nets":1,"contributing_net_ids":["e75a847a-c3de-4b7e-a353-9f70acc6da3e"]}},{"type":"Feature","geometry":{"type":"Polygon","coordinates":[[[26.039612508850773,70.68810636004312],[26.066457470200103,70.68810636004312],[26.066457470200103,70.69708947179303],[26.039612508850773,70.69708947179303],[26.039612508850773,70.68810636004312]]]},"properties":{"cell_id":"970_7869","expected_nets":0.0003,"particle_count":1,"n_nets":1,"contributing_net_ids":["efe29baa-49f5-4eef-bf00-780fc94fd192"]}},{"type":"Feature","geometry":{"type":"Polygon","coordinates":[[[26.066457470200103,71.0294646065397],[26.093302431549432,71.0294646065397],[26.093302431549432,71.03844771828962],[26.066457470200103,71.03844771828962],[26.066457470200103,71.0294646065397]]]},"properties":{"cell_id":"971_7907","expected_nets":0.0003,"particle_count":1,"n_nets":1,"contributing_net_ids":["eef2472f-e20e-4582-83ca-9fccd623673e"]}},{"type":"Feature","geometry":{"type":"Polygon","coordinates":[[[26.093302431549432,70.72403880704276],[26.12014739289876,70.72403880704276],[26.12014739289876,70.73302191879267],[26.093302431549432,70.73302191879267],[26.093302431549432,70.72403880704276]]]},"properties":{"cell_id":"972_7873","expected_nets":0.0003,"particle_count":1,"n_nets":1,"contributing_net_ids":["51ea4374-4f03-4957-b2d3-91e78f0021c5"]}},{"type":"Feature","geometry":{"type":"Polygon","coordinates":[[[26.093302431549432,71.0294646065397],[26.12014739289876,71.0294646065397],[26.12014739289876,71.03844771828962],[26.093302431549432,71.03844771828962],[26.093302431549432,71.0294646065397]]]},"properties":{"cell_id":"972_7907","expected_nets":0.0003,"particle_count":1,"n_nets":1,"contributing_net_ids":["86fbc2f8-6e1e-4162-8855-d19e180e5ce9"]}},{"type":"Feature","geometry":{"type":"Polygon","coordinates":[[[26.093302431549432,71.03844771828962],[26.12014739289876,71.03844771828962],[26.12014739289876,71.04743083003953],[26.093302431549432,71.04743083003953],[26.093302431549432,71.03844771828962]]]},"properties":{"cell_id":"972_7908","expected_nets":0.0003,"particle_count":1,"n_nets":1,"contributing_net_ids":["eef2472f-e20e-4582-83ca-9fccd623673e"]}},{"type":"Feature","geometry":{"type":"Polygon","coordinates":[[[26.120147392898765,70.75098814229248],[26.146992354248095,70.75098814229248],[26.146992354248095,70.7599712540424],[26.120147392898765,70.7599712540424],[26.120147392898765,70.75098814229248]]]},"properties":{"cell_id":"973_7876","expected_nets":0.0003,"particle_count":1,"n_nets":1,"contributing_net_ids":["e75a847a-c3de-4b7e-a353-9f70acc6da3e"]}},{"type":"Feature","geometry":{"type":"Polygon","coordinates":[[[26.173837315597424,71.01149838303988],[26.200682276946754,71.01149838303988],[26.200682276946754,71.02048149478979],[26.173837315597424,71.02048149478979],[26.173837315597424,71.01149838303988]]]},"properties":{"cell_id":"975_7905","expected_nets":0.0003,"particle_count":1,"n_nets":1,"contributing_net_ids":["5e862cee-8b9f-45d7-8ca0-daaa28a39706"]}},{"type":"Feature","geometry":{"type":"Polygon","coordinates":[[[26.173837315597424,71.05641394178943],[26.200682276946754,71.05641394178943],[26.200682276946754,71.06539705353934],[26.173837315597424,71.06539705353934],[26.173837315597424,71.05641394178943]]]},"properties":{"cell_id":"975_7910","expected_nets":0.0003,"particle_count":1,"n_nets":1,"contributing_net_ids":["e75a847a-c3de-4b7e-a353-9f70acc6da3e"]}},{"type":"Feature","geometry":{"type":"Polygon","coordinates":[[[26.200682276946758,70.79590370104204],[26.227527238296087,70.79590370104204],[26.227527238296087,70.80488681279195],[26.200682276946758,70.80488681279195],[26.200682276946758,70.79590370104204]]]},"properties":{"cell_id":"976_7881","expected_nets":0.0003,"particle_count":1,"n_nets":1,"contributing_net_ids":["efe29baa-49f5-4eef-bf00-780fc94fd192"]}},{"type":"Feature","geometry":{"type":"Polygon","coordinates":[[[26.200682276946758,71.01149838303988],[26.227527238296087,71.01149838303988],[26.227527238296087,71.02048149478979],[26.200682276946758,71.02048149478979],[26.200682276946758,71.01149838303988]]]},"properties":{"cell_id":"976_7905","expected_nets":0.0003,"particle_count":1,"n_nets":1,"contributing_net_ids":["e75a847a-c3de-4b7e-a353-9f70acc6da3e"]}},{"type":"Feature","geometry":{"type":"Polygon","coordinates":[[[26.200682276946758,71.04743083003953],[26.227527238296087,71.04743083003953],[26.227527238296087,71.05641394178944],[26.200682276946758,71.05641394178944],[26.200682276946758,71.04743083003953]]]},"properties":{"cell_id":"976_7909","expected_nets":0.0003,"particle_count":1,"n_nets":1,"contributing_net_ids":["01a0254d-21d3-43e2-a1f8-1df90cc7a881"]}},{"type":"Feature","geometry":{"type":"Polygon","coordinates":[[[26.657046619885378,70.84081925979159],[26.683891581234708,70.84081925979159],[26.683891581234708,70.8498023715415],[26.657046619885378,70.8498023715415],[26.657046619885378,70.84081925979159]]]},"properties":{"cell_id":"993_7886","expected_nets":0.0003,"particle_count":1,"n_nets":1,"contributing_net_ids":["eef2472f-e20e-4582-83ca-9fccd623673e"]}},{"type":"Feature","geometry":{"type":"Polygon","coordinates":[[[26.657046619885378,70.95759971254043],[26.683891581234708,70.95759971254043],[26.683891581234708,70.96658282429034],[26.657046619885378,70.96658282429034],[26.657046619885378,70.95759971254043]]]},"properties":{"cell_id":"993_7899","expected_nets":0.0003,"particle_count":1,"n_nets":1,"contributing_net_ids":["b68c38a7-1ccd-4ae6-9801-c4f2ce607946"]}},{"type":"Feature","geometry":{"type":"Polygon","coordinates":[[[26.683891581234708,70.95759971254043],[26.710736542584037,70.95759971254043],[26.710736542584037,70.96658282429034],[26.683891581234708,70.96658282429034],[26.683891581234708,70.95759971254043]]]},"properties":{"cell_id":"994_7899","expected_nets":0.0003,"particle_count":1,"n_nets":1,"contributing_net_ids":["2e00546b-1350-4f4a-84bd-55da3dcb55ed"]}},{"type":"Feature","geometry":{"type":"Polygon","coordinates":[[[26.71073654258404,70.76895436579231],[26.73758150393337,70.76895436579231],[26.73758150393337,70.77793747754222],[26.71073654258404,70.77793747754222],[26.71073654258404,70.76895436579231]]]},"properties":{"cell_id":"995_7878","expected_nets":0.0003,"particle_count":1,"n_nets":1,"contributing_net_ids":["5b5fdf6e-34fa-446c-a7f8-338b8f980dea"]}}]}