{"type":"FeatureCollection","features":[{"type":"Feature","geometry":{"type":"Polygon","coordinates":[[[29.368387716167778,70.09522098454904],[29.395232677517107,70.09522098454904],[29.395232677517107,70.10420409629896],[29.368387716167778,70.10420409629896],[29.368387716167778,70.09522098454904]]]},"properties":{"cell_id":"1094_7803","expected_nets":0.0345,"particle_count":138,"n_nets":16,"contributing_net_ids":["178a8ce9-4d9c-4e1e-b6b9-6131b016ac1f","183b3a5b-2fd0-4d2a-9c77-77281bb30173","2649e37d-4983-4386-bc52-e0093db3ec65","2a840416-2518-4cd8-9332-09ee6dfac95f","36c0b306-27cf-4788-a28e-37a6791e6842","5bc9b541-9afc-45ba-95db-3a4685de44a3","5ca74a64-d88d-45cb-a627-c8a2b8eea308","6ae9c1b0-2a7f-4315-a8f6-7e6491c6cb74","6b2ff976-a86c-46ff-9367-7349073cc0be","6c6c4be3-4036-4a62-8c92-47730a8c7aeb","73b4a014-4822-4620-9d9e-4cc02ebf79ab","875fd11c-f2c7-4f5c-9d85-3053dab0618b","b826b39f-0f3c-499e-baf6-7ac015b5659d","c52841a4-c77e-4497-a4e9-73f605567542","cd20f9be-e4bb-436b-ad0c-563775f7c010","e987972b-877b-44cf-b400-eaef3df7f643"]}},{"type":"Feature","geometry":{"type":"Polygon","coordinates":[[[29.39523267751711,70.09522098454904],[29.42207763886644,70.09522098454904],[29.42207763886644,70.10420409629896],[29.39523267751711,70.10420409629896],[29.39523267751711,70.09522098454904]]]},"properties":{"cell_id":"1095_7803","expected_nets":0.0345,"particle_count":138,"n_nets":15,"contributing_net_ids":["178a8ce9-4d9c-4e1e-b6b9-6131b016ac1f","2a840416-2518-4cd8-9332-09ee6dfac95f","36c0b306-27cf-4788-a28e-37a6791e6842","59cde757-4957-437b-86cd-8d9932cbb5a2","5bc9b541-9afc-45ba-95db-3a4685de44a3","5ca74a64-d88d-45cb-a627-c8a2b8eea308","6ae9c1b0-2a7f-4315-a8f6-7e6491c6cb74","6b2ff976-a86c-46ff-9367-7349073cc0be","6c6c4be3-4036-4a62-8c92-47730a8c7aeb","73b4a014-4822-4620-9d9e-4cc02ebf79ab","875fd11c-f2c7-4f5c-9d85-3053dab0618b","b826b39f-0f3c-499e-baf6-7ac015b5659d","c52841a4-c77e-4497-a4e9-73f605567542","cd20f9be-e4bb-436b-ad0c-563775f7c010","e987972b-877b-44cf-b400-eaef3df7f643"]}},{"type":"Feature","geometry":{"type":"Polygon","coordinates":[[[27.193945846871994,71.00251527128998],[27.220790808221324,71.00251527128998],[27.220790808221324,71.01149838303989],[27.193945846871994,71.01149838303989],[27.193945846871994,71.00251527128998]]]},"properties":{"cell_id":"1013_7904","expected_nets":0.0295,"particle_count":56,"n_nets":22,"contributing_net_ids":["00fb55ca-9483-401f-8f29-3e596d6d520c","01a0254d-21d3-43e2-a1f8-1df90cc7a881","15e549ea-ffd5-4ec2-98b7-32276621e3f2","17b986f2-2962-4704-b0e1-eabe0cbc5fed","2c38e76b-b975-4368-8686-873e9d17b862","2e00546b-1350-4f4a-84bd-55da3dcb55ed","2e3e2f82-02e3-45d3-9acb-e62d643605a6","372da560-3ffc-4c03-9e63-083a0c2edeae","456e18aa-ddf2-494e-b309-badf3802d91f","501f7877-ea08-4c1e-bb0c-f805d7b93531","568c48d8-7903-40cc-9fda-3bb3c1d00a00","5b5fdf6e-34fa-446c-a7f8-338b8f980dea","86fbc2f8-6e1e-4162-8855-d19e180e5ce9","9267ffae-e862-4c0c-8303-e43fbba92f68","92774a0e-6c8c-4eea-b18e-be40e50056f7","9e759843-4dd6-4b50-bc24-49bb88f8f082","bac07fcb-7e10-44cb-894c-88ea9522b8e1","cabe54b4-68f5-4047-9a69-f3a33abca056","d78d9010-3d05-4faf-a72b-008ae0f5db62","e89f3dd1-1609-47c4-b490-a9358c7f09a8","eef2472f-e20e-4582-83ca-9fccd623673e","fb076de6-0572-43d4-92cd-757bd343d372"]}},{"type":"Feature","geometry":{"type":"Polygon","coordinates":[[[29.341542754818448,70.09522098454904],[29.368387716167778,70.09522098454904],[29.368387716167778,70.10420409629896],[29.341542754818448,70.10420409629896],[29.341542754818448,70.09522098454904]]]},"properties":{"cell_id":"1093_7803","expected_nets":0.0285,"particle_count":114,"n_nets":16,"contributing_net_ids":["178a8ce9-4d9c-4e1e-b6b9-6131b016ac1f","183b3a5b-2fd0-4d2a-9c77-77281bb30173","2649e37d-4983-4386-bc52-e0093db3ec65","2a840416-2518-4cd8-9332-09ee6dfac95f","36c0b306-27cf-4788-a28e-37a6791e6842","5bc9b541-9afc-45ba-95db-3a4685de44a3","5ca74a64-d88d-45cb-a627-c8a2b8eea308","6ae9c1b0-2a7f-4315-a8f6-7e6491c6cb74","6b2ff976-a86c-46ff-9367-7349073cc0be","6c6c4be3-4036-4a62-8c92-47730a8c7aeb","73b4a014-4822-4620-9d9e-4cc02ebf79ab","875fd11c-f2c7-4f5c-9d85-3053dab0618b","b826b39f-0f3c-499e-baf6-7ac015b5659d","c52841a4-c77e-4497-a4e9-73f605567542","cd20f9be-e4bb-436b-ad0c-563775f7c010","e987972b-877b-44cf-b400-eaef3df7f643"]}},{"type":"Feature","geometry":{"type":"Polygon","coordinates":[[[29.4757675615651,70.09522098454904],[29.50261252291443,70.09522098454904],[29.50261252291443,70.10420409629896],[29.4757675615651,70.10420409629896],[29.4757675615651,70.09522098454904]]]},"properties":{"cell_id":"1098_7803","expected_nets":0.0248,"particle_count":99,"n_nets":15,"contributing_net_ids":["178a8ce9-4d9c-4e1e-b6b9-6131b016ac1f","183b3a5b-2fd0-4d2a-9c77-77281bb30173","2649e37d-4983-4386-bc52-e0093db3ec65","2a840416-2518-4cd8-9332-09ee6dfac95f","36c0b306-27cf-4788-a28e-37a6791e6842","5bc9b541-9afc-45ba-95db-3a4685de44a3","5ca74a64-d88d-45cb-a627-c8a2b8eea308","6ae9c1b0-2a7f-4315-a8f6-7e6491c6cb74","6b2ff976-a86c-46ff-9367-7349073cc0be","6c6c4be3-4036-4a62-8c92-47730a8c7aeb","73b4a014-4822-4620-9d9e-4cc02ebf79ab","875fd11c-f2c7-4f5c-9d85-3053dab0618b","c52841a4-c77e-4497-a4e9-73f605567542","cd20f9be-e4bb-436b-ad0c-563775f7c010","e987972b-877b-44cf-b400-eaef3df7f643"]}},{"type":"Feature","geometry":{"type":"Polygon","coordinates":[[[29.42207763886644,70.09522098454904],[29.44892260021577,70.09522098454904],[29.44892260021577,70.10420409629896],[29.42207763886644,70.10420409629896],[29.42207763886644,70.09522098454904]]]},"properties":{"cell_id":"1096_7803","expected_nets":0.021,"particle_count":84,"n_nets":16,"contributing_net_ids":["178a8ce9-4d9c-4e1e-b6b9-6131b016ac1f","183b3a5b-2fd0-4d2a-9c77-77281bb30173","2649e37d-4983-4386-bc52-e0093db3ec65","2a840416-2518-4cd8-9332-09ee6dfac95f","36c0b306-27cf-4788-a28e-37a6791e6842","59cde757-4957-437b-86cd-8d9932cbb5a2","5bc9b541-9afc-45ba-95db-3a4685de44a3","5ca74a64-d88d-45cb-a627-c8a2b8eea308","6ae9c1b0-2a7f-4315-a8f6-7e6491c6cb74","6b2ff976-a86c-46ff-9367-7349073cc0be","6c6c4be3-4036-4a62-8c92-47730a8c7aeb","73b4a014-4822-4620-9d9e-4cc02ebf79ab","875fd11c-f2c7-4f5c-9d85-3053dab0618b","c52841a4-c77e-4497-a4e9-73f605567542","cd20f9be-e4bb-436b-ad0c-563775f7c010","e987972b-877b-44cf-b400-eaef3df7f643"]}},{"type":"Feature","geometry":{"type":"Polygon","coordinates":[[[29.207317948071793,70.11318720804887],[29.234162909421123,70.11318720804887],[29.234162909421123,70.12217031979878],[29.207317948071793,70.12217031979878],[29.207317948071793,70.11318720804887]]]},"properties":{"cell_id":"1088_7805","expected_nets":0.0198,"particle_count":79,"n_nets":12,"contributing_net_ids":["178a8ce9-4d9c-4e1e-b6b9-6131b016ac1f","183b3a5b-2fd0-4d2a-9c77-77281bb30173","2649e37d-4983-4386-bc52-e0093db3ec65","2a840416-2518-4cd8-9332-09ee6dfac95f","36c0b306-27cf-4788-a28e-37a6791e6842","5bc9b541-9afc-45ba-95db-3a4685de44a3","6ae9c1b0-2a7f-4315-a8f6-7e6491c6cb74","6c6c4be3-4036-4a62-8c92-47730a8c7aeb","73b4a014-4822-4620-9d9e-4cc02ebf79ab","c52841a4-c77e-4497-a4e9-73f605567542","cd20f9be-e4bb-436b-ad0c-563775f7c010","e987972b-877b-44cf-b400-eaef3df7f643"]}},{"type":"Feature","geometry":{"type":"Polygon","coordinates":[[[27.08656600147467,70.91268415379088],[27.113410962824,70.91268415379088],[27.113410962824,70.92166726554079],[27.08656600147467,70.92166726554079],[27.08656600147467,70.91268415379088]]]},"properties":{"cell_id":"1009_7894","expected_nets":0.0185,"particle_count":15,"n_nets":4,"contributing_net_ids":["00fb55ca-9483-401f-8f29-3e596d6d520c","9e759843-4dd6-4b50-bc24-49bb88f8f082","bac07fcb-7e10-44cb-894c-88ea9522b8e1","d78d9010-3d05-4faf-a72b-008ae0f5db62"]}},{"type":"Feature","geometry":{"type":"Polygon","coordinates":[[[29.180472986722464,70.11318720804887],[29.207317948071793,70.11318720804887],[29.207317948071793,70.12217031979878],[29.180472986722464,70.12217031979878],[29.180472986722464,70.11318720804887]]]},"properties":{"cell_id":"1087_7805","expected_nets":0.0182,"particle_count":73,"n_nets":10,"contributing_net_ids":["178a8ce9-4d9c-4e1e-b6b9-6131b016ac1f","183b3a5b-2fd0-4d2a-9c77-77281bb30173","2649e37d-4983-4386-bc52-e0093db3ec65","36c0b306-27cf-4788-a28e-37a6791e6842","5bc9b541-9afc-45ba-95db-3a4685de44a3","6ae9c1b0-2a7f-4315-a8f6-7e6491c6cb74","6b2ff976-a86c-46ff-9367-7349073cc0be","6c6c4be3-4036-4a62-8c92-47730a8c7aeb","c52841a4-c77e-4497-a4e9-73f605567542","e987972b-877b-44cf-b400-eaef3df7f643"]}},{"type":"Feature","geometry":{"type":"Polygon","coordinates":[[[29.529457484263762,70.08623787279913],[29.556302445613092,70.08623787279913],[29.556302445613092,70.09522098454904],[29.529457484263762,70.09522098454904],[29.529457484263762,70.08623787279913]]]},"properties":{"cell_id":"1100_7802","expected_nets":0.0165,"particle_count":66,"n_nets":16,"contributing_net_ids":["178a8ce9-4d9c-4e1e-b6b9-6131b016ac1f","183b3a5b-2fd0-4d2a-9c77-77281bb30173","2649e37d-4983-4386-bc52-e0093db3ec65","2a840416-2518-4cd8-9332-09ee6dfac95f","36c0b306-27cf-4788-a28e-37a6791e6842","59cde757-4957-437b-86cd-8d9932cbb5a2","5bc9b541-9afc-45ba-95db-3a4685de44a3","5ca74a64-d88d-45cb-a627-c8a2b8eea308","6ae9c1b0-2a7f-4315-a8f6-7e6491c6cb74","6b2ff976-a86c-46ff-9367-7349073cc0be","6c6c4be3-4036-4a62-8c92-47730a8c7aeb","73b4a014-4822-4620-9d9e-4cc02ebf79ab","875fd11c-f2c7-4f5c-9d85-3053dab0618b","c52841a4-c77e-4497-a4e9-73f605567542","cd20f9be-e4bb-436b-ad0c-563775f7c010","e987972b-877b-44cf-b400-eaef3df7f643"]}},{"type":"Feature","geometry":{"type":"Polygon","coordinates":[[[29.556302445613092,70.08623787279913],[29.58314740696242,70.08623787279913],[29.58314740696242,70.09522098454904],[29.556302445613092,70.09522098454904],[29.556302445613092,70.08623787279913]]]},"properties":{"cell_id":"1101_7802","expected_nets":0.0163,"particle_count":65,"n_nets":15,"contributing_net_ids":["178a8ce9-4d9c-4e1e-b6b9-6131b016ac1f","183b3a5b-2fd0-4d2a-9c77-77281bb30173","2a840416-2518-4cd8-9332-09ee6dfac95f","36c0b306-27cf-4788-a28e-37a6791e6842","59cde757-4957-437b-86cd-8d9932cbb5a2","5bc9b541-9afc-45ba-95db-3a4685de44a3","5ca74a64-d88d-45cb-a627-c8a2b8eea308","6ae9c1b0-2a7f-4315-a8f6-7e6491c6cb74","6b2ff976-a86c-46ff-9367-7349073cc0be","6c6c4be3-4036-4a62-8c92-47730a8c7aeb","73b4a014-4822-4620-9d9e-4cc02ebf79ab","875fd11c-f2c7-4f5c-9d85-3053dab0618b","c52841a4-c77e-4497-a4e9-73f605567542","cd20f9be-e4bb-436b-ad0c-563775f7c010","e987972b-877b-44cf-b400-eaef3df7f643"]}},{"type":"Feature","geometry":{"type":"Polygon","coordinates":[[[29.583147406962425,70.08623787279913],[29.609992368311755,70.08623787279913],[29.609992368311755,70.09522098454904],[29.583147406962425,70.09522098454904],[29.583147406962425,70.08623787279913]]]},"properties":{"cell_id":"1102_7802","expected_nets":0.0163,"particle_count":65,"n_nets":15,"contributing_net_ids":["178a8ce9-4d9c-4e1e-b6b9-6131b016ac1f","183b3a5b-2fd0-4d2a-9c77-77281bb30173","2a840416-2518-4cd8-9332-09ee6dfac95f","36c0b306-27cf-4788-a28e-37a6791e6842","59cde757-4957-437b-86cd-8d9932cbb5a2","5bc9b541-9afc-45ba-95db-3a4685de44a3","5ca74a64-d88d-45cb-a627-c8a2b8eea308","6ae9c1b0-2a7f-4315-a8f6-7e6491c6cb74","6b2ff976-a86c-46ff-9367-7349073cc0be","6c6c4be3-4036-4a62-8c92-47730a8c7aeb","73b4a014-4822-4620-9d9e-4cc02ebf79ab","875fd11c-f2c7-4f5c-9d85-3053dab0618b","b826b39f-0f3c-499e-baf6-7ac015b5659d","cd20f9be-e4bb-436b-ad0c-563775f7c010","e987972b-877b-44cf-b400-eaef3df7f643"]}},{"type":"Feature","geometry":{"type":"Polygon","coordinates":[[[29.609992368311755,70.08623787279913],[29.636837329661084,70.08623787279913],[29.636837329661084,70.09522098454904],[29.609992368311755,70.09522098454904],[29.609992368311755,70.08623787279913]]]},"properties":{"cell_id":"1103_7802","expected_nets":0.016,"particle_count":64,"n_nets":16,"contributing_net_ids":["178a8ce9-4d9c-4e1e-b6b9-6131b016ac1f","183b3a5b-2fd0-4d2a-9c77-77281bb30173","2649e37d-4983-4386-bc52-e0093db3ec65","2a840416-2518-4cd8-9332-09ee6dfac95f","36c0b306-27cf-4788-a28e-37a6791e6842","59cde757-4957-437b-86cd-8d9932cbb5a2","5bc9b541-9afc-45ba-95db-3a4685de44a3","5ca74a64-d88d-45cb-a627-c8a2b8eea308","6ae9c1b0-2a7f-4315-a8f6-7e6491c6cb74","6b2ff976-a86c-46ff-9367-7349073cc0be","6c6c4be3-4036-4a62-8c92-47730a8c7aeb","73b4a014-4822-4620-9d9e-4cc02ebf79ab","875fd11c-f2c7-4f5c-9d85-3053dab0618b","c52841a4-c77e-4497-a4e9-73f605567542","cd20f9be-e4bb-436b-ad0c-563775f7c010","e987972b-877b-44cf-b400-eaef3df7f643"]}},{"type":"Feature","geometry":{"type":"Polygon","coordinates":[[[27.193945846871994,71.02048149478979],[27.220790808221324,71.02048149478979],[27.220790808221324,71.0294646065397],[27.193945846871994,71.0294646065397],[27.193945846871994,71.02048149478979]]]},"properties":{"cell_id":"1013_7906","expected_nets":0.0155,"particle_count":42,"n_nets":22,"contributing_net_ids":["01a0254d-21d3-43e2-a1f8-1df90cc7a881","0b254efb-1769-4e93-a17e-11f0d9834bcc","17b986f2-2962-4704-b0e1-eabe0cbc5fed","2e00546b-1350-4f4a-84bd-55da3dcb55ed","2e3e2f82-02e3-45d3-9acb-e62d643605a6","372da560-3ffc-4c03-9e63-083a0c2edeae","456e18aa-ddf2-494e-b309-badf3802d91f","568c48d8-7903-40cc-9fda-3bb3c1d00a00","5b5fdf6e-34fa-446c-a7f8-338b8f980dea","781d2769-3d71-4ed9-829d-d745be0fbd6e","86fbc2f8-6e1e-4162-8855-d19e180e5ce9","9267ffae-e862-4c0c-8303-e43fbba92f68","92774a0e-6c8c-4eea-b18e-be40e50056f7","9e759843-4dd6-4b50-bc24-49bb88f8f082","a5827a71-1d16-4233-aebd-d14b478c5fff","bac07fcb-7e10-44cb-894c-88ea9522b8e1","cabe54b4-68f5-4047-9a69-f3a33abca056","d78d9010-3d05-4faf-a72b-008ae0f5db62","e5dc0a98-2f84-4a90-abe0-8b1a1d0116ed","eef2472f-e20e-4582-83ca-9fccd623673e","f8bfcb7e-c7fd-402c-b02c-4f35bae30cbb","fb076de6-0572-43d4-92cd-757bd343d372"]}},{"type":"Feature","geometry":{"type":"Polygon","coordinates":[[[29.234162909421126,70.11318720804887],[29.261007870770456,70.11318720804887],[29.261007870770456,70.12217031979878],[29.234162909421126,70.12217031979878],[29.234162909421126,70.11318720804887]]]},"properties":{"cell_id":"1089_7805","expected_nets":0.0135,"particle_count":54,"n_nets":16,"contributing_net_ids":["178a8ce9-4d9c-4e1e-b6b9-6131b016ac1f","183b3a5b-2fd0-4d2a-9c77-77281bb30173","2649e37d-4983-4386-bc52-e0093db3ec65","2a840416-2518-4cd8-9332-09ee6dfac95f","36c0b306-27cf-4788-a28e-37a6791e6842","5bc9b541-9afc-45ba-95db-3a4685de44a3","5ca74a64-d88d-45cb-a627-c8a2b8eea308","6ae9c1b0-2a7f-4315-a8f6-7e6491c6cb74","6b2ff976-a86c-46ff-9367-7349073cc0be","6c6c4be3-4036-4a62-8c92-47730a8c7aeb","73b4a014-4822-4620-9d9e-4cc02ebf79ab","875fd11c-f2c7-4f5c-9d85-3053dab0618b","b826b39f-0f3c-499e-baf6-7ac015b5659d","c52841a4-c77e-4497-a4e9-73f605567542","cd20f9be-e4bb-436b-ad0c-563775f7c010","e987972b-877b-44cf-b400-eaef3df7f643"]}},{"type":"Feature","geometry":{"type":"Polygon","coordinates":[[[27.193945846871994,71.01149838303988],[27.220790808221324,71.01149838303988],[27.220790808221324,71.02048149478979],[27.193945846871994,71.02048149478979],[27.193945846871994,71.01149838303988]]]},"properties":{"cell_id":"1013_7905","expected_nets":0.0132,"particle_count":38,"n_nets":18,"contributing_net_ids":["01a0254d-21d3-43e2-a1f8-1df90cc7a881","15e549ea-ffd5-4ec2-98b7-32276621e3f2","17b986f2-2962-4704-b0e1-eabe0cbc5fed","2e00546b-1350-4f4a-84bd-55da3dcb55ed","2e3e2f82-02e3-45d3-9acb-e62d643605a6","372da560-3ffc-4c03-9e63-083a0c2edeae","456e18aa-ddf2-494e-b309-badf3802d91f","568c48d8-7903-40cc-9fda-3bb3c1d00a00","5b5fdf6e-34fa-446c-a7f8-338b8f980dea","86fbc2f8-6e1e-4162-8855-d19e180e5ce9","9267ffae-e862-4c0c-8303-e43fbba92f68","9e759843-4dd6-4b50-bc24-49bb88f8f082","a5827a71-1d16-4233-aebd-d14b478c5fff","cabe54b4-68f5-4047-9a69-f3a33abca056","d78d9010-3d05-4faf-a72b-008ae0f5db62","e89f3dd1-1609-47c4-b490-a9358c7f09a8","eb7dd3b7-cce2-46a9-92d0-08b1c6f49b7d","f8bfcb7e-c7fd-402c-b02c-4f35bae30cbb"]}},{"type":"Feature","geometry":{"type":"Polygon","coordinates":[[[29.31469779346912,70.10420409629896],[29.341542754818448,70.10420409629896],[29.341542754818448,70.11318720804887],[29.31469779346912,70.11318720804887],[29.31469779346912,70.10420409629896]]]},"properties":{"cell_id":"1092_7804","expected_nets":0.013,"particle_count":52,"n_nets":13,"contributing_net_ids":["178a8ce9-4d9c-4e1e-b6b9-6131b016ac1f","183b3a5b-2fd0-4d2a-9c77-77281bb30173","2649e37d-4983-4386-bc52-e0093db3ec65","2a840416-2518-4cd8-9332-09ee6dfac95f","36c0b306-27cf-4788-a28e-37a6791e6842","5bc9b541-9afc-45ba-95db-3a4685de44a3","5ca74a64-d88d-45cb-a627-c8a2b8eea308","6ae9c1b0-2a7f-4315-a8f6-7e6491c6cb74","6c6c4be3-4036-4a62-8c92-47730a8c7aeb","73b4a014-4822-4620-9d9e-4cc02ebf79ab","c52841a4-c77e-4497-a4e9-73f605567542","cd20f9be-e4bb-436b-ad0c-563775f7c010","e987972b-877b-44cf-b400-eaef3df7f643"]}},{"type":"Feature","geometry":{"type":"Polygon","coordinates":[[[29.42207763886644,70.08623787279913],[29.44892260021577,70.08623787279913],[29.44892260021577,70.09522098454904],[29.42207763886644,70.09522098454904],[29.42207763886644,70.08623787279913]]]},"properties":{"cell_id":"1096_7802","expected_nets":0.013,"particle_count":52,"n_nets":14,"contributing_net_ids":["178a8ce9-4d9c-4e1e-b6b9-6131b016ac1f","183b3a5b-2fd0-4d2a-9c77-77281bb30173","2649e37d-4983-4386-bc52-e0093db3ec65","36c0b306-27cf-4788-a28e-37a6791e6842","5bc9b541-9afc-45ba-95db-3a4685de44a3","5ca74a64-d88d-45cb-a627-c8a2b8eea308","6ae9c1b0-2a7f-4315-a8f6-7e6491c6cb74","6b2ff976-a86c-46ff-9367-7349073cc0be","6c6c4be3-4036-4a62-8c92-47730a8c7aeb","73b4a014-4822-4620-9d9e-4cc02ebf79ab","875fd11c-f2c7-4f5c-9d85-3053dab0618b","c52841a4-c77e-4497-a4e9-73f605567542","cd20f9be-e4bb-436b-ad0c-563775f7c010","e987972b-877b-44cf-b400-eaef3df7f643"]}},{"type":"Feature","geometry":{"type":"Polygon","coordinates":[[[27.113410962824002,70.91268415379088],[27.14025592417333,70.91268415379088],[27.14025592417333,70.92166726554079],[27.113410962824002,70.92166726554079],[27.113410962824002,70.91268415379088]]]},"properties":{"cell_id":"1010_7894","expected_nets":0.011,"particle_count":10,"n_nets":4,"contributing_net_ids":["00fb55ca-9483-401f-8f29-3e596d6d520c","9e759843-4dd6-4b50-bc24-49bb88f8f082","bac07fcb-7e10-44cb-894c-88ea9522b8e1","d78d9010-3d05-4faf-a72b-008ae0f5db62"]}},{"type":"Feature","geometry":{"type":"Polygon","coordinates":[[[29.44892260021577,70.09522098454904],[29.4757675615651,70.09522098454904],[29.4757675615651,70.10420409629896],[29.44892260021577,70.10420409629896],[29.44892260021577,70.09522098454904]]]},"properties":{"cell_id":"1097_7803","expected_nets":0.011,"particle_count":44,"n_nets":13,"contributing_net_ids":["178a8ce9-4d9c-4e1e-b6b9-6131b016ac1f","2a840416-2518-4cd8-9332-09ee6dfac95f","36c0b306-27cf-4788-a28e-37a6791e6842","5bc9b541-9afc-45ba-95db-3a4685de44a3","5ca74a64-d88d-45cb-a627-c8a2b8eea308","6ae9c1b0-2a7f-4315-a8f6-7e6491c6cb74","6b2ff976-a86c-46ff-9367-7349073cc0be","6c6c4be3-4036-4a62-8c92-47730a8c7aeb","73b4a014-4822-4620-9d9e-4cc02ebf79ab","875fd11c-f2c7-4f5c-9d85-3053dab0618b","c52841a4-c77e-4497-a4e9-73f605567542","cd20f9be-e4bb-436b-ad0c-563775f7c010","e987972b-877b-44cf-b400-eaef3df7f643"]}},{"type":"Feature","geometry":{"type":"Polygon","coordinates":[[[29.502612522914433,70.09522098454904],[29.529457484263762,70.09522098454904],[29.529457484263762,70.10420409629896],[29.502612522914433,70.10420409629896],[29.502612522914433,70.09522098454904]]]},"properties":{"cell_id":"1099_7803","expected_nets":0.011,"particle_count":44,"n_nets":13,"contributing_net_ids":["178a8ce9-4d9c-4e1e-b6b9-6131b016ac1f","183b3a5b-2fd0-4d2a-9c77-77281bb30173","2a840416-2518-4cd8-9332-09ee6dfac95f","36c0b306-27cf-4788-a28e-37a6791e6842","5bc9b541-9afc-45ba-95db-3a4685de44a3","5ca74a64-d88d-45cb-a627-c8a2b8eea308","6ae9c1b0-2a7f-4315-a8f6-7e6491c6cb74","6b2ff976-a86c-46ff-9367-7349073cc0be","6c6c4be3-4036-4a62-8c92-47730a8c7aeb","73b4a014-4822-4620-9d9e-4cc02ebf79ab","875fd11c-f2c7-4f5c-9d85-3053dab0618b","cd20f9be-e4bb-436b-ad0c-563775f7c010","e987972b-877b-44cf-b400-eaef3df7f643"]}},{"type":"Feature","geometry":{"type":"Polygon","coordinates":[[[29.261007870770456,70.11318720804887],[29.287852832119786,70.11318720804887],[29.287852832119786,70.12217031979878],[29.261007870770456,70.12217031979878],[29.261007870770456,70.11318720804887]]]},"properties":{"cell_id":"1090_7805","expected_nets":0.0105,"particle_count":42,"n_nets":13,"contributing_net_ids":["178a8ce9-4d9c-4e1e-b6b9-6131b016ac1f","183b3a5b-2fd0-4d2a-9c77-77281bb30173","2649e37d-4983-4386-bc52-e0093db3ec65","2a840416-2518-4cd8-9332-09ee6dfac95f","36c0b306-27cf-4788-a28e-37a6791e6842","5bc9b541-9afc-45ba-95db-3a4685de44a3","5ca74a64-d88d-45cb-a627-c8a2b8eea308","6c6c4be3-4036-4a62-8c92-47730a8c7aeb","73b4a014-4822-4620-9d9e-4cc02ebf79ab","b826b39f-0f3c-499e-baf6-7ac015b5659d","c52841a4-c77e-4497-a4e9-73f605567542","cd20f9be-e4bb-436b-ad0c-563775f7c010","e987972b-877b-44cf-b400-eaef3df7f643"]}},{"type":"Feature","geometry":{"type":"Polygon","coordinates":[[[27.220790808221324,71.0294646065397],[27.247635769570653,71.0294646065397],[27.247635769570653,71.03844771828962],[27.220790808221324,71.03844771828962],[27.220790808221324,71.0294646065397]]]},"properties":{"cell_id":"1014_7907","expected_nets":0.01,"particle_count":18,"n_nets":12,"contributing_net_ids":["00fb55ca-9483-401f-8f29-3e596d6d520c","01a0254d-21d3-43e2-a1f8-1df90cc7a881","2e00546b-1350-4f4a-84bd-55da3dcb55ed","2e3e2f82-02e3-45d3-9acb-e62d643605a6","86fbc2f8-6e1e-4162-8855-d19e180e5ce9","9267ffae-e862-4c0c-8303-e43fbba92f68","9e759843-4dd6-4b50-bc24-49bb88f8f082","bd2b6276-a7fe-4197-a967-101d706af8ed","d78d9010-3d05-4faf-a72b-008ae0f5db62","e89f3dd1-1609-47c4-b490-a9358c7f09a8","eb7dd3b7-cce2-46a9-92d0-08b1c6f49b7d","f8bfcb7e-c7fd-402c-b02c-4f35bae30cbb"]}},{"type":"Feature","geometry":{"type":"Polygon","coordinates":[[[30.120046633949038,70.06827164929932],[30.146891595298367,70.06827164929932],[30.146891595298367,70.07725476104923],[30.120046633949038,70.07725476104923],[30.120046633949038,70.06827164929932]]]},"properties":{"cell_id":"1122_7800","expected_nets":0.0097,"particle_count":39,"n_nets":5,"contributing_net_ids":["0044b29c-5a23-4047-8f64-6763e05133e4","39d2f659-e666-4b43-ab4a-c4439252e729","444ac6fa-3c86-44c4-a0b0-2e7d79922517","59cde757-4957-437b-86cd-8d9932cbb5a2","b44ee1c5-8e80-49ac-93f1-e4399df11d7f"]}},{"type":"Feature","geometry":{"type":"Polygon","coordinates":[[[29.153628025373134,70.12217031979878],[29.180472986722464,70.12217031979878],[29.180472986722464,70.1311534315487],[29.153628025373134,70.1311534315487],[29.153628025373134,70.12217031979878]]]},"properties":{"cell_id":"1086_7806","expected_nets":0.0095,"particle_count":38,"n_nets":8,"contributing_net_ids":["178a8ce9-4d9c-4e1e-b6b9-6131b016ac1f","183b3a5b-2fd0-4d2a-9c77-77281bb30173","2649e37d-4983-4386-bc52-e0093db3ec65","6ae9c1b0-2a7f-4315-a8f6-7e6491c6cb74","73b4a014-4822-4620-9d9e-4cc02ebf79ab","b826b39f-0f3c-499e-baf6-7ac015b5659d","c52841a4-c77e-4497-a4e9-73f605567542","cd20f9be-e4bb-436b-ad0c-563775f7c010"]}},{"type":"Feature","geometry":{"type":"Polygon","coordinates":[[[29.556302445613092,70.07725476104923],[29.58314740696242,70.07725476104923],[29.58314740696242,70.08623787279915],[29.556302445613092,70.08623787279915],[29.556302445613092,70.07725476104923]]]},"properties":{"cell_id":"1101_7801","expected_nets":0.0092,"particle_count":37,"n_nets":16,"contributing_net_ids":["178a8ce9-4d9c-4e1e-b6b9-6131b016ac1f","183b3a5b-2fd0-4d2a-9c77-77281bb30173","2649e37d-4983-4386-bc52-e0093db3ec65","2a840416-2518-4cd8-9332-09ee6dfac95f","36c0b306-27cf-4788-a28e-37a6791e6842","59cde757-4957-437b-86cd-8d9932cbb5a2","5bc9b541-9afc-45ba-95db-3a4685de44a3","5ca74a64-d88d-45cb-a627-c8a2b8eea308","6ae9c1b0-2a7f-4315-a8f6-7e6491c6cb74","6b2ff976-a86c-46ff-9367-7349073cc0be","6c6c4be3-4036-4a62-8c92-47730a8c7aeb","73b4a014-4822-4620-9d9e-4cc02ebf79ab","875fd11c-f2c7-4f5c-9d85-3053dab0618b","c52841a4-c77e-4497-a4e9-73f605567542","cd20f9be-e4bb-436b-ad0c-563775f7c010","e987972b-877b-44cf-b400-eaef3df7f643"]}},{"type":"Feature","geometry":{"type":"Polygon","coordinates":[[[29.636837329661084,70.06827164929932],[29.663682291010414,70.06827164929932],[29.663682291010414,70.07725476104923],[29.636837329661084,70.07725476104923],[29.636837329661084,70.06827164929932]]]},"properties":{"cell_id":"1104_7800","expected_nets":0.0092,"particle_count":37,"n_nets":14,"contributing_net_ids":["178a8ce9-4d9c-4e1e-b6b9-6131b016ac1f","183b3a5b-2fd0-4d2a-9c77-77281bb30173","2649e37d-4983-4386-bc52-e0093db3ec65","2a840416-2518-4cd8-9332-09ee6dfac95f","36c0b306-27cf-4788-a28e-37a6791e6842","59cde757-4957-437b-86cd-8d9932cbb5a2","5bc9b541-9afc-45ba-95db-3a4685de44a3","5ca74a64-d88d-45cb-a627-c8a2b8eea308","6b2ff976-a86c-46ff-9367-7349073cc0be","6c6c4be3-4036-4a62-8c92-47730a8c7aeb","73b4a014-4822-4620-9d9e-4cc02ebf79ab","875fd11c-f2c7-4f5c-9d85-3053dab0618b","c52841a4-c77e-4497-a4e9-73f605567542","e987972b-877b-44cf-b400-eaef3df7f643"]}},{"type":"Feature","geometry":{"type":"Polygon","coordinates":[[[29.636837329661084,70.07725476104923],[29.663682291010414,70.07725476104923],[29.663682291010414,70.08623787279915],[29.636837329661084,70.08623787279915],[29.636837329661084,70.07725476104923]]]},"properties":{"cell_id":"1104_7801","expected_nets":0.0092,"particle_count":37,"n_nets":13,"contributing_net_ids":["183b3a5b-2fd0-4d2a-9c77-77281bb30173","2649e37d-4983-4386-bc52-e0093db3ec65","2a840416-2518-4cd8-9332-09ee6dfac95f","36c0b306-27cf-4788-a28e-37a6791e6842","59cde757-4957-437b-86cd-8d9932cbb5a2","5bc9b541-9afc-45ba-95db-3a4685de44a3","5ca74a64-d88d-45cb-a627-c8a2b8eea308","6ae9c1b0-2a7f-4315-a8f6-7e6491c6cb74","6b2ff976-a86c-46ff-9367-7349073cc0be","73b4a014-4822-4620-9d9e-4cc02ebf79ab","875fd11c-f2c7-4f5c-9d85-3053dab0618b","cd20f9be-e4bb-436b-ad0c-563775f7c010","e987972b-877b-44cf-b400-eaef3df7f643"]}},{"type":"Feature","geometry":{"type":"Polygon","coordinates":[[[27.113410962824002,70.95759971254043],[27.14025592417333,70.95759971254043],[27.14025592417333,70.96658282429034],[27.113410962824002,70.96658282429034],[27.113410962824002,70.95759971254043]]]},"properties":{"cell_id":"1010_7899","expected_nets":0.009,"particle_count":10,"n_nets":3,"contributing_net_ids":["00fb55ca-9483-401f-8f29-3e596d6d520c","9e759843-4dd6-4b50-bc24-49bb88f8f082","d78d9010-3d05-4faf-a72b-008ae0f5db62"]}},{"type":"Feature","geometry":{"type":"Polygon","coordinates":[[[27.113410962824002,70.96658282429033],[27.14025592417333,70.96658282429033],[27.14025592417333,70.97556593604024],[27.113410962824002,70.97556593604024],[27.113410962824002,70.96658282429033]]]},"properties":{"cell_id":"1010_7900","expected_nets":0.009,"particle_count":11,"n_nets":3,"contributing_net_ids":["00fb55ca-9483-401f-8f29-3e596d6d520c","2e00546b-1350-4f4a-84bd-55da3dcb55ed","9e759843-4dd6-4b50-bc24-49bb88f8f082"]}},{"type":"Feature","geometry":{"type":"Polygon","coordinates":[[[29.1267830640238,70.12217031979878],[29.15362802537313,70.12217031979878],[29.15362802537313,70.1311534315487],[29.1267830640238,70.1311534315487],[29.1267830640238,70.12217031979878]]]},"properties":{"cell_id":"1085_7806","expected_nets":0.009,"particle_count":36,"n_nets":6,"contributing_net_ids":["183b3a5b-2fd0-4d2a-9c77-77281bb30173","2649e37d-4983-4386-bc52-e0093db3ec65","6ae9c1b0-2a7f-4315-a8f6-7e6491c6cb74","c52841a4-c77e-4497-a4e9-73f605567542","cd20f9be-e4bb-436b-ad0c-563775f7c010","e987972b-877b-44cf-b400-eaef3df7f643"]}},{"type":"Feature","geometry":{"type":"Polygon","coordinates":[[[30.146891595298367,70.06827164929932],[30.173736556647697,70.06827164929932],[30.173736556647697,70.07725476104923],[30.146891595298367,70.07725476104923],[30.146891595298367,70.06827164929932]]]},"properties":{"cell_id":"1123_7800","expected_nets":0.009,"particle_count":36,"n_nets":5,"contributing_net_ids":["0044b29c-5a23-4047-8f64-6763e05133e4","37e8bf79-8d0c-4820-9b6c-98fdaa828590","39d2f659-e666-4b43-ab4a-c4439252e729","444ac6fa-3c86-44c4-a0b0-2e7d79922517","b44ee1c5-8e80-49ac-93f1-e4399df11d7f"]}},{"type":"Feature","geometry":{"type":"Polygon","coordinates":[[[29.690527252359747,70.07725476104923],[29.717372213709076,70.07725476104923],[29.717372213709076,70.08623787279915],[29.690527252359747,70.08623787279915],[29.690527252359747,70.07725476104923]]]},"properties":{"cell_id":"1106_7801","expected_nets":0.0085,"particle_count":34,"n_nets":12,"contributing_net_ids":["178a8ce9-4d9c-4e1e-b6b9-6131b016ac1f","183b3a5b-2fd0-4d2a-9c77-77281bb30173","2a840416-2518-4cd8-9332-09ee6dfac95f","36c0b306-27cf-4788-a28e-37a6791e6842","59cde757-4957-437b-86cd-8d9932cbb5a2","5bc9b541-9afc-45ba-95db-3a4685de44a3","5ca74a64-d88d-45cb-a627-c8a2b8eea308","6c6c4be3-4036-4a62-8c92-47730a8c7aeb","73b4a014-4822-4620-9d9e-4cc02ebf79ab","875fd11c-f2c7-4f5c-9d85-3053dab0618b","cd20f9be-e4bb-436b-ad0c-563775f7c010","e987972b-877b-44cf-b400-eaef3df7f643"]}},{"type":"Feature","geometry":{"type":"Polygon","coordinates":[[[30.898550513079627,70.24793388429752],[30.925395474428957,70.24793388429752],[30.925395474428957,70.25691699604744],[30.898550513079627,70.25691699604744],[30.898550513079627,70.24793388429752]]]},"properties":{"cell_id":"1151_7820","expected_nets":0.0085,"particle_count":10,"n_nets":3,"contributing_net_ids":["43c5d8b6-1fb3-465b-b441-487f33c6a908","bc3ed7a1-c829-44b9-9a0c-f2ea4fcc06b7","cb0ddc2d-92e0-4234-b4cb-6ca7c091c319"]}},{"type":"Feature","geometry":{"type":"Polygon","coordinates":[[[29.663682291010417,70.07725476104923],[29.690527252359747,70.07725476104923],[29.690527252359747,70.08623787279915],[29.663682291010417,70.08623787279915],[29.663682291010417,70.07725476104923]]]},"properties":{"cell_id":"1105_7801","expected_nets":0.008,"particle_count":32,"n_nets":12,"contributing_net_ids":["178a8ce9-4d9c-4e1e-b6b9-6131b016ac1f","183b3a5b-2fd0-4d2a-9c77-77281bb30173","2649e37d-4983-4386-bc52-e0093db3ec65","2a840416-2518-4cd8-9332-09ee6dfac95f","59cde757-4957-437b-86cd-8d9932cbb5a2","6ae9c1b0-2a7f-4315-a8f6-7e6491c6cb74","6b2ff976-a86c-46ff-9367-7349073cc0be","6c6c4be3-4036-4a62-8c92-47730a8c7aeb","73b4a014-4822-4620-9d9e-4cc02ebf79ab","875fd11c-f2c7-4f5c-9d85-3053dab0618b","cd20f9be-e4bb-436b-ad0c-563775f7c010","e987972b-877b-44cf-b400-eaef3df7f643"]}},{"type":"Feature","geometry":{"type":"Polygon","coordinates":[[[29.502612522914433,70.08623787279913],[29.529457484263762,70.08623787279913],[29.529457484263762,70.09522098454904],[29.502612522914433,70.09522098454904],[29.502612522914433,70.08623787279913]]]},"properties":{"cell_id":"1099_7802","expected_nets":0.0077,"particle_count":31,"n_nets":13,"contributing_net_ids":["178a8ce9-4d9c-4e1e-b6b9-6131b016ac1f","2649e37d-4983-4386-bc52-e0093db3ec65","2a840416-2518-4cd8-9332-09ee6dfac95f","36c0b306-27cf-4788-a28e-37a6791e6842","59cde757-4957-437b-86cd-8d9932cbb5a2","5ca74a64-d88d-45cb-a627-c8a2b8eea308","6b2ff976-a86c-46ff-9367-7349073cc0be","6c6c4be3-4036-4a62-8c92-47730a8c7aeb","73b4a014-4822-4620-9d9e-4cc02ebf79ab","875fd11c-f2c7-4f5c-9d85-3053dab0618b","c52841a4-c77e-4497-a4e9-73f605567542","cd20f9be-e4bb-436b-ad0c-563775f7c010","e987972b-877b-44cf-b400-eaef3df7f643"]}},{"type":"Feature","geometry":{"type":"Polygon","coordinates":[[[28.401969107591874,70.8498023715415],[28.428814068941204,70.8498023715415],[28.428814068941204,70.85878548329141],[28.401969107591874,70.85878548329141],[28.401969107591874,70.8498023715415]]]},"properties":{"cell_id":"1058_7887","expected_nets":0.0075,"particle_count":3,"n_nets":1,"contributing_net_ids":["8f0532fc-ebc6-4b0b-9fb0-4e010db44ea0"]}},{"type":"Feature","geometry":{"type":"Polygon","coordinates":[[[27.220790808221324,71.02048149478979],[27.247635769570653,71.02048149478979],[27.247635769570653,71.0294646065397],[27.220790808221324,71.0294646065397],[27.220790808221324,71.02048149478979]]]},"properties":{"cell_id":"1014_7906","expected_nets":0.0067,"particle_count":13,"n_nets":9,"contributing_net_ids":["00fb55ca-9483-401f-8f29-3e596d6d520c","01a0254d-21d3-43e2-a1f8-1df90cc7a881","0b254efb-1769-4e93-a17e-11f0d9834bcc","15e549ea-ffd5-4ec2-98b7-32276621e3f2","2e3e2f82-02e3-45d3-9acb-e62d643605a6","9e759843-4dd6-4b50-bc24-49bb88f8f082","a5827a71-1d16-4233-aebd-d14b478c5fff","d78d9010-3d05-4faf-a72b-008ae0f5db62","eef2472f-e20e-4582-83ca-9fccd623673e"]}},{"type":"Feature","geometry":{"type":"Polygon","coordinates":[[[29.717372213709076,70.06827164929932],[29.744217175058406,70.06827164929932],[29.744217175058406,70.07725476104923],[29.717372213709076,70.07725476104923],[29.717372213709076,70.06827164929932]]]},"properties":{"cell_id":"1107_7800","expected_nets":0.0065,"particle_count":26,"n_nets":11,"contributing_net_ids":["178a8ce9-4d9c-4e1e-b6b9-6131b016ac1f","183b3a5b-2fd0-4d2a-9c77-77281bb30173","2649e37d-4983-4386-bc52-e0093db3ec65","59cde757-4957-437b-86cd-8d9932cbb5a2","6ae9c1b0-2a7f-4315-a8f6-7e6491c6cb74","6b2ff976-a86c-46ff-9367-7349073cc0be","73b4a014-4822-4620-9d9e-4cc02ebf79ab","875fd11c-f2c7-4f5c-9d85-3053dab0618b","c52841a4-c77e-4497-a4e9-73f605567542","cd20f9be-e4bb-436b-ad0c-563775f7c010","e987972b-877b-44cf-b400-eaef3df7f643"]}},{"type":"Feature","geometry":{"type":"Polygon","coordinates":[[[27.247635769570653,71.0294646065397],[27.274480730919983,71.0294646065397],[27.274480730919983,71.03844771828962],[27.247635769570653,71.03844771828962],[27.247635769570653,71.0294646065397]]]},"properties":{"cell_id":"1015_7907","expected_nets":0.0063,"particle_count":17,"n_nets":13,"contributing_net_ids":["00fb55ca-9483-401f-8f29-3e596d6d520c","15e549ea-ffd5-4ec2-98b7-32276621e3f2","17b986f2-2962-4704-b0e1-eabe0cbc5fed","2c38e76b-b975-4368-8686-873e9d17b862","2e00546b-1350-4f4a-84bd-55da3dcb55ed","372da560-3ffc-4c03-9e63-083a0c2edeae","501f7877-ea08-4c1e-bb0c-f805d7b93531","568c48d8-7903-40cc-9fda-3bb3c1d00a00","9e759843-4dd6-4b50-bc24-49bb88f8f082","a5827a71-1d16-4233-aebd-d14b478c5fff","d78d9010-3d05-4faf-a72b-008ae0f5db62","eef2472f-e20e-4582-83ca-9fccd623673e","f8bfcb7e-c7fd-402c-b02c-4f35bae30cbb"]}},{"type":"Feature","geometry":{"type":"Polygon","coordinates":[[[25.66378304996014,70.72403880704276],[25.69062801130947,70.72403880704276],[25.69062801130947,70.73302191879267],[25.66378304996014,70.73302191879267],[25.66378304996014,70.72403880704276]]]},"properties":{"cell_id":"956_7873","expected_nets":0.0063,"particle_count":25,"n_nets":3,"contributing_net_ids":["b68c38a7-1ccd-4ae6-9801-c4f2ce607946","e75a847a-c3de-4b7e-a353-9f70acc6da3e","efe29baa-49f5-4eef-bf00-780fc94fd192"]}},{"type":"Feature","geometry":{"type":"Polygon","coordinates":[[[30.093201672599708,70.06827164929932],[30.120046633949038,70.06827164929932],[30.120046633949038,70.07725476104923],[30.093201672599708,70.07725476104923],[30.093201672599708,70.06827164929932]]]},"properties":{"cell_id":"1121_7800","expected_nets":0.006,"particle_count":24,"n_nets":5,"contributing_net_ids":["0044b29c-5a23-4047-8f64-6763e05133e4","39d2f659-e666-4b43-ab4a-c4439252e729","444ac6fa-3c86-44c4-a0b0-2e7d79922517","59cde757-4957-437b-86cd-8d9932cbb5a2","b44ee1c5-8e80-49ac-93f1-e4399df11d7f"]}},{"type":"Feature","geometry":{"type":"Polygon","coordinates":[[[29.153628025373134,70.11318720804887],[29.180472986722464,70.11318720804887],[29.180472986722464,70.12217031979878],[29.153628025373134,70.12217031979878],[29.153628025373134,70.11318720804887]]]},"properties":{"cell_id":"1086_7805","expected_nets":0.0057,"particle_count":23,"n_nets":9,"contributing_net_ids":["178a8ce9-4d9c-4e1e-b6b9-6131b016ac1f","183b3a5b-2fd0-4d2a-9c77-77281bb30173","2649e37d-4983-4386-bc52-e0093db3ec65","2a840416-2518-4cd8-9332-09ee6dfac95f","36c0b306-27cf-4788-a28e-37a6791e6842","5bc9b541-9afc-45ba-95db-3a4685de44a3","5ca74a64-d88d-45cb-a627-c8a2b8eea308","6ae9c1b0-2a7f-4315-a8f6-7e6491c6cb74","c52841a4-c77e-4497-a4e9-73f605567542"]}},{"type":"Feature","geometry":{"type":"Polygon","coordinates":[[[29.636837329661084,70.08623787279913],[29.663682291010414,70.08623787279913],[29.663682291010414,70.09522098454904],[29.636837329661084,70.09522098454904],[29.636837329661084,70.08623787279913]]]},"properties":{"cell_id":"1104_7802","expected_nets":0.0055,"particle_count":22,"n_nets":12,"contributing_net_ids":["178a8ce9-4d9c-4e1e-b6b9-6131b016ac1f","183b3a5b-2fd0-4d2a-9c77-77281bb30173","2649e37d-4983-4386-bc52-e0093db3ec65","2a840416-2518-4cd8-9332-09ee6dfac95f","36c0b306-27cf-4788-a28e-37a6791e6842","6ae9c1b0-2a7f-4315-a8f6-7e6491c6cb74","6b2ff976-a86c-46ff-9367-7349073cc0be","6c6c4be3-4036-4a62-8c92-47730a8c7aeb","73b4a014-4822-4620-9d9e-4cc02ebf79ab","875fd11c-f2c7-4f5c-9d85-3053dab0618b","cd20f9be-e4bb-436b-ad0c-563775f7c010","e987972b-877b-44cf-b400-eaef3df7f643"]}},{"type":"Feature","geometry":{"type":"Polygon","coordinates":[[[29.8247520591064,70.0592885375494],[29.85159702045573,70.0592885375494],[29.85159702045573,70.06827164929932],[29.8247520591064,70.06827164929932],[29.8247520591064,70.0592885375494]]]},"properties":{"cell_id":"1111_7799","expected_nets":0.0055,"particle_count":22,"n_nets":11,"contributing_net_ids":["178a8ce9-4d9c-4e1e-b6b9-6131b016ac1f","183b3a5b-2fd0-4d2a-9c77-77281bb30173","2649e37d-4983-4386-bc52-e0093db3ec65","36c0b306-27cf-4788-a28e-37a6791e6842","59cde757-4957-437b-86cd-8d9932cbb5a2","5ca74a64-d88d-45cb-a627-c8a2b8eea308","6ae9c1b0-2a7f-4315-a8f6-7e6491c6cb74","6b2ff976-a86c-46ff-9367-7349073cc0be","73b4a014-4822-4620-9d9e-4cc02ebf79ab","875fd11c-f2c7-4f5c-9d85-3053dab0618b","cd20f9be-e4bb-436b-ad0c-563775f7c010"]}},{"type":"Feature","geometry":{"type":"Polygon","coordinates":[[[30.1737365566477,70.06827164929932],[30.20058151799703,70.06827164929932],[30.20058151799703,70.07725476104923],[30.1737365566477,70.07725476104923],[30.1737365566477,70.06827164929932]]]},"properties":{"cell_id":"1124_7800","expected_nets":0.0055,"particle_count":22,"n_nets":6,"contributing_net_ids":["0044b29c-5a23-4047-8f64-6763e05133e4","37e8bf79-8d0c-4820-9b6c-98fdaa828590","39d2f659-e666-4b43-ab4a-c4439252e729","444ac6fa-3c86-44c4-a0b0-2e7d79922517","59cde757-4957-437b-86cd-8d9932cbb5a2","b44ee1c5-8e80-49ac-93f1-e4399df11d7f"]}},{"type":"Feature","geometry":{"type":"Polygon","coordinates":[[[28.21405437814656,70.78692058929214],[28.24089933949589,70.78692058929214],[28.24089933949589,70.79590370104205],[28.21405437814656,70.79590370104205],[28.21405437814656,70.78692058929214]]]},"properties":{"cell_id":"1051_7880","expected_nets":0.005,"particle_count":2,"n_nets":1,"contributing_net_ids":["8f0532fc-ebc6-4b0b-9fb0-4e010db44ea0"]}},{"type":"Feature","geometry":{"type":"Polygon","coordinates":[[[28.294589262194553,70.80488681279195],[28.321434223543882,70.80488681279195],[28.321434223543882,70.81386992454186],[28.294589262194553,70.81386992454186],[28.294589262194553,70.80488681279195]]]},"properties":{"cell_id":"1054_7882","expected_nets":0.005,"particle_count":2,"n_nets":1,"contributing_net_ids":["8f0532fc-ebc6-4b0b-9fb0-4e010db44ea0"]}},{"type":"Feature","geometry":{"type":"Polygon","coordinates":[[[28.321434223543882,70.82285303629178],[28.34827918489321,70.82285303629178],[28.34827918489321,70.83183614804169],[28.321434223543882,70.83183614804169],[28.321434223543882,70.82285303629178]]]},"properties":{"cell_id":"1055_7884","expected_nets":0.005,"particle_count":2,"n_nets":1,"contributing_net_ids":["8f0532fc-ebc6-4b0b-9fb0-4e010db44ea0"]}},{"type":"Feature","geometry":{"type":"Polygon","coordinates":[[[27.623465228461285,71.1192957240388],[27.650310189810615,71.1192957240388],[27.650310189810615,71.12827883578872],[27.623465228461285,71.12827883578872],[27.623465228461285,71.1192957240388]]]},"properties":{"cell_id":"1029_7917","expected_nets":0.0045,"particle_count":3,"n_nets":1,"contributing_net_ids":["00fb55ca-9483-401f-8f29-3e596d6d520c"]}},{"type":"Feature","geometry":{"type":"Polygon","coordinates":[[[29.09993810267447,70.13115343154868],[29.1267830640238,70.13115343154868],[29.1267830640238,70.1401365432986],[29.09993810267447,70.1401365432986],[29.09993810267447,70.13115343154868]]]},"properties":{"cell_id":"1084_7807","expected_nets":0.0045,"particle_count":18,"n_nets":5,"contributing_net_ids":["178a8ce9-4d9c-4e1e-b6b9-6131b016ac1f","183b3a5b-2fd0-4d2a-9c77-77281bb30173","2649e37d-4983-4386-bc52-e0093db3ec65","6c6c4be3-4036-4a62-8c92-47730a8c7aeb","c52841a4-c77e-4497-a4e9-73f605567542"]}},{"type":"Feature","geometry":{"type":"Polygon","coordinates":[[[29.287852832119786,70.11318720804887],[29.314697793469115,70.11318720804887],[29.314697793469115,70.12217031979878],[29.287852832119786,70.12217031979878],[29.287852832119786,70.11318720804887]]]},"properties":{"cell_id":"1091_7805","expected_nets":0.0045,"particle_count":18,"n_nets":11,"contributing_net_ids":["183b3a5b-2fd0-4d2a-9c77-77281bb30173","2649e37d-4983-4386-bc52-e0093db3ec65","36c0b306-27cf-4788-a28e-37a6791e6842","5ca74a64-d88d-45cb-a627-c8a2b8eea308","6b2ff976-a86c-46ff-9367-7349073cc0be","6c6c4be3-4036-4a62-8c92-47730a8c7aeb","73b4a014-4822-4620-9d9e-4cc02ebf79ab","b826b39f-0f3c-499e-baf6-7ac015b5659d","c52841a4-c77e-4497-a4e9-73f605567542","cd20f9be-e4bb-436b-ad0c-563775f7c010","e987972b-877b-44cf-b400-eaef3df7f643"]}},{"type":"Feature","geometry":{"type":"Polygon","coordinates":[[[29.717372213709076,70.07725476104923],[29.744217175058406,70.07725476104923],[29.744217175058406,70.08623787279915],[29.717372213709076,70.08623787279915],[29.717372213709076,70.07725476104923]]]},"properties":{"cell_id":"1107_7801","expected_nets":0.0043,"particle_count":17,"n_nets":11,"contributing_net_ids":["178a8ce9-4d9c-4e1e-b6b9-6131b016ac1f","183b3a5b-2fd0-4d2a-9c77-77281bb30173","2a840416-2518-4cd8-9332-09ee6dfac95f","59cde757-4957-437b-86cd-8d9932cbb5a2","5bc9b541-9afc-45ba-95db-3a4685de44a3","5ca74a64-d88d-45cb-a627-c8a2b8eea308","6b2ff976-a86c-46ff-9367-7349073cc0be","73b4a014-4822-4620-9d9e-4cc02ebf79ab","875fd11c-f2c7-4f5c-9d85-3053dab0618b","cd20f9be-e4bb-436b-ad0c-563775f7c010","e987972b-877b-44cf-b400-eaef3df7f643"]}},{"type":"Feature","geometry":{"type":"Polygon","coordinates":[[[29.87844198180506,70.0592885375494],[29.90528694315439,70.0592885375494],[29.90528694315439,70.06827164929932],[29.87844198180506,70.06827164929932],[29.87844198180506,70.0592885375494]]]},"properties":{"cell_id":"1113_7799","expected_nets":0.0043,"particle_count":17,"n_nets":9,"contributing_net_ids":["178a8ce9-4d9c-4e1e-b6b9-6131b016ac1f","183b3a5b-2fd0-4d2a-9c77-77281bb30173","2649e37d-4983-4386-bc52-e0093db3ec65","59cde757-4957-437b-86cd-8d9932cbb5a2","5ca74a64-d88d-45cb-a627-c8a2b8eea308","6ae9c1b0-2a7f-4315-a8f6-7e6491c6cb74","6b2ff976-a86c-46ff-9367-7349073cc0be","875fd11c-f2c7-4f5c-9d85-3053dab0618b","e987972b-877b-44cf-b400-eaef3df7f643"]}},{"type":"Feature","geometry":{"type":"Polygon","coordinates":[[[30.791170667682305,70.25691699604744],[30.818015629031635,70.25691699604744],[30.818015629031635,70.26590010779735],[30.791170667682305,70.26590010779735],[30.791170667682305,70.25691699604744]]]},"properties":{"cell_id":"1147_7821","expected_nets":0.0043,"particle_count":5,"n_nets":2,"contributing_net_ids":["491a8576-d12c-4378-8c01-07c2717e4a07","bc3ed7a1-c829-44b9-9a0c-f2ea4fcc06b7"]}},{"type":"Feature","geometry":{"type":"Polygon","coordinates":[[[30.92539547442896,70.26590010779734],[30.95224043577829,70.26590010779734],[30.95224043577829,70.27488321954725],[30.92539547442896,70.27488321954725],[30.92539547442896,70.26590010779734]]]},"properties":{"cell_id":"1152_7822","expected_nets":0.0043,"particle_count":5,"n_nets":3,"contributing_net_ids":["41f2af17-7063-4598-998e-77215c5496ac","43c5d8b6-1fb3-465b-b441-487f33c6a908","bc3ed7a1-c829-44b9-9a0c-f2ea4fcc06b7"]}},{"type":"Feature","geometry":{"type":"Polygon","coordinates":[[[29.74421717505841,70.0592885375494],[29.77106213640774,70.0592885375494],[29.77106213640774,70.06827164929932],[29.74421717505841,70.06827164929932],[29.74421717505841,70.0592885375494]]]},"properties":{"cell_id":"1108_7799","expected_nets":0.004,"particle_count":16,"n_nets":8,"contributing_net_ids":["178a8ce9-4d9c-4e1e-b6b9-6131b016ac1f","183b3a5b-2fd0-4d2a-9c77-77281bb30173","59cde757-4957-437b-86cd-8d9932cbb5a2","5ca74a64-d88d-45cb-a627-c8a2b8eea308","6ae9c1b0-2a7f-4315-a8f6-7e6491c6cb74","6b2ff976-a86c-46ff-9367-7349073cc0be","cd20f9be-e4bb-436b-ad0c-563775f7c010","e987972b-877b-44cf-b400-eaef3df7f643"]}},{"type":"Feature","geometry":{"type":"Polygon","coordinates":[[[29.85159702045573,70.0592885375494],[29.87844198180506,70.0592885375494],[29.87844198180506,70.06827164929932],[29.85159702045573,70.06827164929932],[29.85159702045573,70.0592885375494]]]},"properties":{"cell_id":"1112_7799","expected_nets":0.004,"particle_count":16,"n_nets":9,"contributing_net_ids":["183b3a5b-2fd0-4d2a-9c77-77281bb30173","59cde757-4957-437b-86cd-8d9932cbb5a2","5ca74a64-d88d-45cb-a627-c8a2b8eea308","6ae9c1b0-2a7f-4315-a8f6-7e6491c6cb74","6b2ff976-a86c-46ff-9367-7349073cc0be","875fd11c-f2c7-4f5c-9d85-3053dab0618b","b44ee1c5-8e80-49ac-93f1-e4399df11d7f","c52841a4-c77e-4497-a4e9-73f605567542","e987972b-877b-44cf-b400-eaef3df7f643"]}},{"type":"Feature","geometry":{"type":"Polygon","coordinates":[[[30.254271440695693,70.08623787279913],[30.281116402045022,70.08623787279913],[30.281116402045022,70.09522098454904],[30.254271440695693,70.09522098454904],[30.254271440695693,70.08623787279913]]]},"properties":{"cell_id":"1127_7802","expected_nets":0.004,"particle_count":16,"n_nets":4,"contributing_net_ids":["37e8bf79-8d0c-4820-9b6c-98fdaa828590","39d2f659-e666-4b43-ab4a-c4439252e729","444ac6fa-3c86-44c4-a0b0-2e7d79922517","491a8576-d12c-4378-8c01-07c2717e4a07"]}},{"type":"Feature","geometry":{"type":"Polygon","coordinates":[[[29.073093141325142,70.12217031979878],[29.09993810267447,70.12217031979878],[29.09993810267447,70.1311534315487],[29.073093141325142,70.1311534315487],[29.073093141325142,70.12217031979878]]]},"properties":{"cell_id":"1083_7806","expected_nets":0.0037,"particle_count":15,"n_nets":3,"contributing_net_ids":["183b3a5b-2fd0-4d2a-9c77-77281bb30173","2649e37d-4983-4386-bc52-e0093db3ec65","c52841a4-c77e-4497-a4e9-73f605567542"]}},{"type":"Feature","geometry":{"type":"Polygon","coordinates":[[[29.341542754818448,70.10420409629896],[29.368387716167778,70.10420409629896],[29.368387716167778,70.11318720804887],[29.341542754818448,70.11318720804887],[29.341542754818448,70.10420409629896]]]},"properties":{"cell_id":"1093_7804","expected_nets":0.0035,"particle_count":14,"n_nets":9,"contributing_net_ids":["178a8ce9-4d9c-4e1e-b6b9-6131b016ac1f","2a840416-2518-4cd8-9332-09ee6dfac95f","36c0b306-27cf-4788-a28e-37a6791e6842","5ca74a64-d88d-45cb-a627-c8a2b8eea308","6b2ff976-a86c-46ff-9367-7349073cc0be","6c6c4be3-4036-4a62-8c92-47730a8c7aeb","c52841a4-c77e-4497-a4e9-73f605567542","cd20f9be-e4bb-436b-ad0c-563775f7c010","e987972b-877b-44cf-b400-eaef3df7f643"]}},{"type":"Feature","geometry":{"type":"Polygon","coordinates":[[[29.77106213640774,70.0592885375494],[29.79790709775707,70.0592885375494],[29.79790709775707,70.06827164929932],[29.77106213640774,70.06827164929932],[29.77106213640774,70.0592885375494]]]},"properties":{"cell_id":"1109_7799","expected_nets":0.0035,"particle_count":14,"n_nets":10,"contributing_net_ids":["178a8ce9-4d9c-4e1e-b6b9-6131b016ac1f","183b3a5b-2fd0-4d2a-9c77-77281bb30173","2649e37d-4983-4386-bc52-e0093db3ec65","59cde757-4957-437b-86cd-8d9932cbb5a2","5bc9b541-9afc-45ba-95db-3a4685de44a3","5ca74a64-d88d-45cb-a627-c8a2b8eea308","6c6c4be3-4036-4a62-8c92-47730a8c7aeb","875fd11c-f2c7-4f5c-9d85-3053dab0618b","cd20f9be-e4bb-436b-ad0c-563775f7c010","e987972b-877b-44cf-b400-eaef3df7f643"]}},{"type":"Feature","geometry":{"type":"Polygon","coordinates":[[[30.60325593823699,70.23895077254761],[30.63010089958632,70.23895077254761],[30.63010089958632,70.24793388429752],[30.60325593823699,70.24793388429752],[30.60325593823699,70.23895077254761]]]},"properties":{"cell_id":"1140_7819","expected_nets":0.0035,"particle_count":5,"n_nets":2,"contributing_net_ids":["491a8576-d12c-4378-8c01-07c2717e4a07","bc3ed7a1-c829-44b9-9a0c-f2ea4fcc06b7"]}},{"type":"Feature","geometry":{"type":"Polygon","coordinates":[[[25.66378304996014,70.9396334890406],[25.69062801130947,70.9396334890406],[25.69062801130947,70.94861660079052],[25.66378304996014,70.94861660079052],[25.66378304996014,70.9396334890406]]]},"properties":{"cell_id":"956_7897","expected_nets":0.0035,"particle_count":14,"n_nets":6,"contributing_net_ids":["0dc85fe8-24ce-4a5b-9c68-10fde23c3974","1856880d-fea0-414e-9d9b-151b7bafb7eb","470db2b9-33e2-459d-b899-d527741f15ff","51ea4374-4f03-4957-b2d3-91e78f0021c5","a95c2f17-baa3-44dd-b464-4313692da315","d9de1f0e-7743-4a5a-950e-71a72e96bff4"]}},{"type":"Feature","geometry":{"type":"Polygon","coordinates":[[[25.824852818056126,70.75098814229248],[25.851697779405455,70.75098814229248],[25.851697779405455,70.7599712540424],[25.824852818056126,70.7599712540424],[25.824852818056126,70.75098814229248]]]},"properties":{"cell_id":"962_7876","expected_nets":0.0035,"particle_count":14,"n_nets":3,"contributing_net_ids":["b68c38a7-1ccd-4ae6-9801-c4f2ce607946","e75a847a-c3de-4b7e-a353-9f70acc6da3e","efe29baa-49f5-4eef-bf00-780fc94fd192"]}},{"type":"Feature","geometry":{"type":"Polygon","coordinates":[[[29.79790709775707,70.06827164929932],[29.824752059106398,70.06827164929932],[29.824752059106398,70.07725476104923],[29.79790709775707,70.07725476104923],[29.79790709775707,70.06827164929932]]]},"properties":{"cell_id":"1110_7800","expected_nets":0.0033,"particle_count":13,"n_nets":9,"contributing_net_ids":["178a8ce9-4d9c-4e1e-b6b9-6131b016ac1f","2a840416-2518-4cd8-9332-09ee6dfac95f","5ca74a64-d88d-45cb-a627-c8a2b8eea308","6ae9c1b0-2a7f-4315-a8f6-7e6491c6cb74","6b2ff976-a86c-46ff-9367-7349073cc0be","6c6c4be3-4036-4a62-8c92-47730a8c7aeb","875fd11c-f2c7-4f5c-9d85-3053dab0618b","cd20f9be-e4bb-436b-ad0c-563775f7c010","e987972b-877b-44cf-b400-eaef3df7f643"]}},{"type":"Feature","geometry":{"type":"Polygon","coordinates":[[[30.066356711250375,70.07725476104923],[30.093201672599704,70.07725476104923],[30.093201672599704,70.08623787279915],[30.066356711250375,70.08623787279915],[30.066356711250375,70.07725476104923]]]},"properties":{"cell_id":"1120_7801","expected_nets":0.0033,"particle_count":13,"n_nets":5,"contributing_net_ids":["0044b29c-5a23-4047-8f64-6763e05133e4","39d2f659-e666-4b43-ab4a-c4439252e729","444ac6fa-3c86-44c4-a0b0-2e7d79922517","59cde757-4957-437b-86cd-8d9932cbb5a2","b44ee1c5-8e80-49ac-93f1-e4399df11d7f"]}},{"type":"Feature","geometry":{"type":"Polygon","coordinates":[[[25.341643513768176,71.12827883578872],[25.368488475117505,71.12827883578872],[25.368488475117505,71.13726194753863],[25.341643513768176,71.13726194753863],[25.341643513768176,71.12827883578872]]]},"properties":{"cell_id":"944_7918","expected_nets":0.0033,"particle_count":13,"n_nets":1,"contributing_net_ids":["c4c6d9a6-bf57-4182-966d-55046e277ae0"]}},{"type":"Feature","geometry":{"type":"Polygon","coordinates":[[[25.744317934008134,70.74200503054259],[25.771162895357463,70.74200503054259],[25.771162895357463,70.7509881422925],[25.744317934008134,70.7509881422925],[25.744317934008134,70.74200503054259]]]},"properties":{"cell_id":"959_7875","expected_nets":0.0033,"particle_count":13,"n_nets":3,"contributing_net_ids":["b68c38a7-1ccd-4ae6-9801-c4f2ce607946","e75a847a-c3de-4b7e-a353-9f70acc6da3e","efe29baa-49f5-4eef-bf00-780fc94fd192"]}},{"type":"Feature","geometry":{"type":"Polygon","coordinates":[[[30.093201672599708,70.07725476104923],[30.120046633949038,70.07725476104923],[30.120046633949038,70.08623787279915],[30.093201672599708,70.08623787279915],[30.093201672599708,70.07725476104923]]]},"properties":{"cell_id":"1121_7801","expected_nets":0.003,"particle_count":12,"n_nets":4,"contributing_net_ids":["0044b29c-5a23-4047-8f64-6763e05133e4","39d2f659-e666-4b43-ab4a-c4439252e729","444ac6fa-3c86-44c4-a0b0-2e7d79922517","59cde757-4957-437b-86cd-8d9932cbb5a2"]}},{"type":"Feature","geometry":{"type":"Polygon","coordinates":[[[30.54956601553833,70.23895077254761],[30.576410976887658,70.23895077254761],[30.576410976887658,70.24793388429752],[30.54956601553833,70.24793388429752],[30.54956601553833,70.23895077254761]]]},"properties":{"cell_id":"1138_7819","expected_nets":0.003,"particle_count":6,"n_nets":2,"contributing_net_ids":["491a8576-d12c-4378-8c01-07c2717e4a07","bc3ed7a1-c829-44b9-9a0c-f2ea4fcc06b7"]}},{"type":"Feature","geometry":{"type":"Polygon","coordinates":[[[30.871705551730297,70.24793388429752],[30.898550513079627,70.24793388429752],[30.898550513079627,70.25691699604744],[30.871705551730297,70.25691699604744],[30.871705551730297,70.24793388429752]]]},"properties":{"cell_id":"1150_7820","expected_nets":0.003,"particle_count":3,"n_nets":1,"contributing_net_ids":["bc3ed7a1-c829-44b9-9a0c-f2ea4fcc06b7"]}},{"type":"Feature","geometry":{"type":"Polygon","coordinates":[[[25.261108629720184,71.08336327703917],[25.287953591069513,71.08336327703917],[25.287953591069513,71.09234638878908],[25.261108629720184,71.09234638878908],[25.261108629720184,71.08336327703917]]]},"properties":{"cell_id":"941_7913","expected_nets":0.003,"particle_count":12,"n_nets":1,"contributing_net_ids":["c4c6d9a6-bf57-4182-966d-55046e277ae0"]}},{"type":"Feature","geometry":{"type":"Polygon","coordinates":[[[28.428814068941204,70.85878548329141],[28.455659030290533,70.85878548329141],[28.455659030290533,70.86776859504133],[28.428814068941204,70.86776859504133],[28.428814068941204,70.85878548329141]]]},"properties":{"cell_id":"1059_7888","expected_nets":0.0027,"particle_count":2,"n_nets":2,"contributing_net_ids":["8f0532fc-ebc6-4b0b-9fb0-4e010db44ea0","a5f2d7f3-60b1-400b-8f91-f6403d9e7442"]}},{"type":"Feature","geometry":{"type":"Polygon","coordinates":[[[29.31469779346912,70.02335609054977],[29.341542754818448,70.02335609054977],[29.341542754818448,70.03233920229968],[29.31469779346912,70.03233920229968],[29.31469779346912,70.02335609054977]]]},"properties":{"cell_id":"1092_7795","expected_nets":0.0027,"particle_count":11,"n_nets":5,"contributing_net_ids":["178a8ce9-4d9c-4e1e-b6b9-6131b016ac1f","2649e37d-4983-4386-bc52-e0093db3ec65","6ae9c1b0-2a7f-4315-a8f6-7e6491c6cb74","c52841a4-c77e-4497-a4e9-73f605567542","cd20f9be-e4bb-436b-ad0c-563775f7c010"]}},{"type":"Feature","geometry":{"type":"Polygon","coordinates":[[[30.039511749901045,70.06827164929932],[30.066356711250375,70.06827164929932],[30.066356711250375,70.07725476104923],[30.039511749901045,70.07725476104923],[30.039511749901045,70.06827164929932]]]},"properties":{"cell_id":"1119_7800","expected_nets":0.0027,"particle_count":11,"n_nets":3,"contributing_net_ids":["39d2f659-e666-4b43-ab4a-c4439252e729","444ac6fa-3c86-44c4-a0b0-2e7d79922517","59cde757-4957-437b-86cd-8d9932cbb5a2"]}},{"type":"Feature","geometry":{"type":"Polygon","coordinates":[[[30.093201672599708,70.0592885375494],[30.120046633949038,70.0592885375494],[30.120046633949038,70.06827164929932],[30.093201672599708,70.06827164929932],[30.093201672599708,70.0592885375494]]]},"properties":{"cell_id":"1121_7799","expected_nets":0.0027,"particle_count":11,"n_nets":3,"contributing_net_ids":["0044b29c-5a23-4047-8f64-6763e05133e4","39d2f659-e666-4b43-ab4a-c4439252e729","444ac6fa-3c86-44c4-a0b0-2e7d79922517"]}},{"type":"Feature","geometry":{"type":"Polygon","coordinates":[[[31.005930358476952,70.27488321954725],[31.032775319826282,70.27488321954725],[31.032775319826282,70.28386633129716],[31.005930358476952,70.28386633129716],[31.005930358476952,70.27488321954725]]]},"properties":{"cell_id":"1155_7823","expected_nets":0.0027,"particle_count":5,"n_nets":3,"contributing_net_ids":["43c5d8b6-1fb3-465b-b441-487f33c6a908","bc3ed7a1-c829-44b9-9a0c-f2ea4fcc06b7","cb0ddc2d-92e0-4234-b4cb-6ca7c091c319"]}},{"type":"Feature","geometry":{"type":"Polygon","coordinates":[[[25.798007856706796,70.75098814229248],[25.824852818056126,70.75098814229248],[25.824852818056126,70.7599712540424],[25.798007856706796,70.7599712540424],[25.798007856706796,70.75098814229248]]]},"properties":{"cell_id":"961_7876","expected_nets":0.0027,"particle_count":11,"n_nets":3,"contributing_net_ids":["b68c38a7-1ccd-4ae6-9801-c4f2ce607946","e75a847a-c3de-4b7e-a353-9f70acc6da3e","efe29baa-49f5-4eef-bf00-780fc94fd192"]}},{"type":"Feature","geometry":{"type":"Polygon","coordinates":[[[27.113410962824002,70.97556593604024],[27.14025592417333,70.97556593604024],[27.14025592417333,70.98454904779015],[27.113410962824002,70.98454904779015],[27.113410962824002,70.97556593604024]]]},"properties":{"cell_id":"1010_7901","expected_nets":0.0025,"particle_count":5,"n_nets":2,"contributing_net_ids":["00fb55ca-9483-401f-8f29-3e596d6d520c","9e759843-4dd6-4b50-bc24-49bb88f8f082"]}},{"type":"Feature","geometry":{"type":"Polygon","coordinates":[[[27.14025592417333,70.90370104204096],[27.16710088552266,70.90370104204096],[27.16710088552266,70.91268415379088],[27.14025592417333,70.91268415379088],[27.14025592417333,70.90370104204096]]]},"properties":{"cell_id":"1011_7893","expected_nets":0.0025,"particle_count":2,"n_nets":2,"contributing_net_ids":["00fb55ca-9483-401f-8f29-3e596d6d520c","d78d9010-3d05-4faf-a72b-008ae0f5db62"]}},{"type":"Feature","geometry":{"type":"Polygon","coordinates":[[[27.220790808221324,70.99353215954007],[27.247635769570653,70.99353215954007],[27.247635769570653,71.00251527128998],[27.220790808221324,71.00251527128998],[27.220790808221324,70.99353215954007]]]},"properties":{"cell_id":"1014_7903","expected_nets":0.0025,"particle_count":5,"n_nets":4,"contributing_net_ids":["00fb55ca-9483-401f-8f29-3e596d6d520c","2e3e2f82-02e3-45d3-9acb-e62d643605a6","92774a0e-6c8c-4eea-b18e-be40e50056f7","9e759843-4dd6-4b50-bc24-49bb88f8f082"]}},{"type":"Feature","geometry":{"type":"Polygon","coordinates":[[[27.247635769570653,71.03844771828962],[27.274480730919983,71.03844771828962],[27.274480730919983,71.04743083003953],[27.247635769570653,71.04743083003953],[27.247635769570653,71.03844771828962]]]},"properties":{"cell_id":"1015_7908","expected_nets":0.0025,"particle_count":7,"n_nets":6,"contributing_net_ids":["2e00546b-1350-4f4a-84bd-55da3dcb55ed","2e3e2f82-02e3-45d3-9acb-e62d643605a6","86fbc2f8-6e1e-4162-8855-d19e180e5ce9","cabe54b4-68f5-4047-9a69-f3a33abca056","d78d9010-3d05-4faf-a72b-008ae0f5db62","eb7dd3b7-cce2-46a9-92d0-08b1c6f49b7d"]}},{"type":"Feature","geometry":{"type":"Polygon","coordinates":[[[28.24089933949589,70.78692058929214],[28.26774430084522,70.78692058929214],[28.26774430084522,70.79590370104205],[28.24089933949589,70.79590370104205],[28.24089933949589,70.78692058929214]]]},"properties":{"cell_id":"1052_7880","expected_nets":0.0025,"particle_count":1,"n_nets":1,"contributing_net_ids":["8f0532fc-ebc6-4b0b-9fb0-4e010db44ea0"]}},{"type":"Feature","geometry":{"type":"Polygon","coordinates":[[[28.34827918489321,70.82285303629178],[28.37512414624254,70.82285303629178],[28.37512414624254,70.83183614804169],[28.34827918489321,70.83183614804169],[28.34827918489321,70.82285303629178]]]},"properties":{"cell_id":"1056_7884","expected_nets":0.0025,"particle_count":1,"n_nets":1,"contributing_net_ids":["8f0532fc-ebc6-4b0b-9fb0-4e010db44ea0"]}},{"type":"Feature","geometry":{"type":"Polygon","coordinates":[[[28.34827918489321,70.83183614804169],[28.37512414624254,70.83183614804169],[28.37512414624254,70.8408192597916],[28.34827918489321,70.8408192597916],[28.34827918489321,70.83183614804169]]]},"properties":{"cell_id":"1056_7885","expected_nets":0.0025,"particle_count":1,"n_nets":1,"contributing_net_ids":["8f0532fc-ebc6-4b0b-9fb0-4e010db44ea0"]}},{"type":"Feature","geometry":{"type":"Polygon","coordinates":[[[28.455659030290533,70.86776859504133],[28.482503991639863,70.86776859504133],[28.482503991639863,70.87675170679124],[28.455659030290533,70.87675170679124],[28.455659030290533,70.86776859504133]]]},"properties":{"cell_id":"1060_7889","expected_nets":0.0025,"particle_count":1,"n_nets":1,"contributing_net_ids":["8f0532fc-ebc6-4b0b-9fb0-4e010db44ea0"]}},{"type":"Feature","geometry":{"type":"Polygon","coordinates":[[[29.207317948071793,70.8498023715415],[29.234162909421123,70.8498023715415],[29.234162909421123,70.85878548329141],[29.207317948071793,70.85878548329141],[29.207317948071793,70.8498023715415]]]},"properties":{"cell_id":"1088_7887","expected_nets":0.0025,"particle_count":1,"n_nets":1,"contributing_net_ids":["8f0532fc-ebc6-4b0b-9fb0-4e010db44ea0"]}},{"type":"Feature","geometry":{"type":"Polygon","coordinates":[[[29.958976865853053,70.0592885375494],[29.985821827202383,70.0592885375494],[29.985821827202383,70.06827164929932],[29.958976865853053,70.06827164929932],[29.958976865853053,70.0592885375494]]]},"properties":{"cell_id":"1116_7799","expected_nets":0.0025,"particle_count":10,"n_nets":5,"contributing_net_ids":["444ac6fa-3c86-44c4-a0b0-2e7d79922517","59cde757-4957-437b-86cd-8d9932cbb5a2","6b2ff976-a86c-46ff-9367-7349073cc0be","b44ee1c5-8e80-49ac-93f1-e4399df11d7f","cd20f9be-e4bb-436b-ad0c-563775f7c010"]}},{"type":"Feature","geometry":{"type":"Polygon","coordinates":[[[30.012666788551716,70.06827164929932],[30.039511749901045,70.06827164929932],[30.039511749901045,70.07725476104923],[30.012666788551716,70.07725476104923],[30.012666788551716,70.06827164929932]]]},"properties":{"cell_id":"1118_7800","expected_nets":0.0025,"particle_count":10,"n_nets":4,"contributing_net_ids":["39d2f659-e666-4b43-ab4a-c4439252e729","444ac6fa-3c86-44c4-a0b0-2e7d79922517","59cde757-4957-437b-86cd-8d9932cbb5a2","b44ee1c5-8e80-49ac-93f1-e4399df11d7f"]}},{"type":"Feature","geometry":{"type":"Polygon","coordinates":[[[30.95224043577829,70.25691699604744],[30.97908539712762,70.25691699604744],[30.97908539712762,70.26590010779735],[30.95224043577829,70.26590010779735],[30.95224043577829,70.25691699604744]]]},"properties":{"cell_id":"1153_7821","expected_nets":0.0025,"particle_count":4,"n_nets":3,"contributing_net_ids":["41f2af17-7063-4598-998e-77215c5496ac","43c5d8b6-1fb3-465b-b441-487f33c6a908","cb0ddc2d-92e0-4234-b4cb-6ca7c091c319"]}},{"type":"Feature","geometry":{"type":"Polygon","coordinates":[[[29.31469779346912,70.11318720804887],[29.341542754818448,70.11318720804887],[29.341542754818448,70.12217031979878],[29.31469779346912,70.12217031979878],[29.31469779346912,70.11318720804887]]]},"properties":{"cell_id":"1092_7805","expected_nets":0.0023,"particle_count":9,"n_nets":7,"contributing_net_ids":["178a8ce9-4d9c-4e1e-b6b9-6131b016ac1f","2a840416-2518-4cd8-9332-09ee6dfac95f","5ca74a64-d88d-45cb-a627-c8a2b8eea308","6ae9c1b0-2a7f-4315-a8f6-7e6491c6cb74","c52841a4-c77e-4497-a4e9-73f605567542","cd20f9be-e4bb-436b-ad0c-563775f7c010","e987972b-877b-44cf-b400-eaef3df7f643"]}},{"type":"Feature","geometry":{"type":"Polygon","coordinates":[[[29.529457484263762,70.09522098454904],[29.556302445613092,70.09522098454904],[29.556302445613092,70.10420409629896],[29.529457484263762,70.10420409629896],[29.529457484263762,70.09522098454904]]]},"properties":{"cell_id":"1100_7803","expected_nets":0.0023,"particle_count":9,"n_nets":7,"contributing_net_ids":["178a8ce9-4d9c-4e1e-b6b9-6131b016ac1f","36c0b306-27cf-4788-a28e-37a6791e6842","5bc9b541-9afc-45ba-95db-3a4685de44a3","5ca74a64-d88d-45cb-a627-c8a2b8eea308","6c6c4be3-4036-4a62-8c92-47730a8c7aeb","73b4a014-4822-4620-9d9e-4cc02ebf79ab","e987972b-877b-44cf-b400-eaef3df7f643"]}},{"type":"Feature","geometry":{"type":"Polygon","coordinates":[[[29.932131904503724,70.0592885375494],[29.958976865853053,70.0592885375494],[29.958976865853053,70.06827164929932],[29.932131904503724,70.06827164929932],[29.932131904503724,70.0592885375494]]]},"properties":{"cell_id":"1115_7799","expected_nets":0.0023,"particle_count":9,"n_nets":6,"contributing_net_ids":["178a8ce9-4d9c-4e1e-b6b9-6131b016ac1f","2a840416-2518-4cd8-9332-09ee6dfac95f","444ac6fa-3c86-44c4-a0b0-2e7d79922517","59cde757-4957-437b-86cd-8d9932cbb5a2","6b2ff976-a86c-46ff-9367-7349073cc0be","cd20f9be-e4bb-436b-ad0c-563775f7c010"]}},{"type":"Feature","geometry":{"type":"Polygon","coordinates":[[[30.683790822284983,70.23895077254761],[30.710635783634313,70.23895077254761],[30.710635783634313,70.24793388429752],[30.683790822284983,70.24793388429752],[30.683790822284983,70.23895077254761]]]},"properties":{"cell_id":"1143_7819","expected_nets":0.0023,"particle_count":6,"n_nets":2,"contributing_net_ids":["491a8576-d12c-4378-8c01-07c2717e4a07","bc3ed7a1-c829-44b9-9a0c-f2ea4fcc06b7"]}},{"type":"Feature","geometry":{"type":"Polygon","coordinates":[[[30.844860590380968,70.25691699604744],[30.871705551730297,70.25691699604744],[30.871705551730297,70.26590010779735],[30.844860590380968,70.26590010779735],[30.844860590380968,70.25691699604744]]]},"properties":{"cell_id":"1149_7821","expected_nets":0.0023,"particle_count":3,"n_nets":2,"contributing_net_ids":["491a8576-d12c-4378-8c01-07c2717e4a07","bc3ed7a1-c829-44b9-9a0c-f2ea4fcc06b7"]}},{"type":"Feature","geometry":{"type":"Polygon","coordinates":[[[31.086465242524945,70.36471433704635],[31.113310203874274,70.36471433704635],[31.113310203874274,70.37369744879626],[31.086465242524945,70.37369744879626],[31.086465242524945,70.36471433704635]]]},"properties":{"cell_id":"1158_7833","expected_nets":0.0023,"particle_count":3,"n_nets":2,"contributing_net_ids":["43c5d8b6-1fb3-465b-b441-487f33c6a908","bc3ed7a1-c829-44b9-9a0c-f2ea4fcc06b7"]}},{"type":"Feature","geometry":{"type":"Polygon","coordinates":[[[25.287953591069513,71.07438016528926],[25.314798552418843,71.07438016528926],[25.314798552418843,71.08336327703917],[25.287953591069513,71.08336327703917],[25.287953591069513,71.07438016528926]]]},"properties":{"cell_id":"942_7912","expected_nets":0.0023,"particle_count":9,"n_nets":1,"contributing_net_ids":["c4c6d9a6-bf57-4182-966d-55046e277ae0"]}},{"type":"Feature","geometry":{"type":"Polygon","coordinates":[[[25.58324816591215,70.71505569529285],[25.61009312726148,70.71505569529285],[25.61009312726148,70.72403880704276],[25.58324816591215,70.72403880704276],[25.58324816591215,70.71505569529285]]]},"properties":{"cell_id":"953_7872","expected_nets":0.0023,"particle_count":9,"n_nets":3,"contributing_net_ids":["b68c38a7-1ccd-4ae6-9801-c4f2ce607946","e75a847a-c3de-4b7e-a353-9f70acc6da3e","efe29baa-49f5-4eef-bf00-780fc94fd192"]}},{"type":"Feature","geometry":{"type":"Polygon","coordinates":[[[25.87854274075479,70.96658282429033],[25.905387702104118,70.96658282429033],[25.905387702104118,70.97556593604024],[25.87854274075479,70.97556593604024],[25.87854274075479,70.96658282429033]]]},"properties":{"cell_id":"964_7900","expected_nets":0.0023,"particle_count":9,"n_nets":3,"contributing_net_ids":["0dc85fe8-24ce-4a5b-9c68-10fde23c3974","470db2b9-33e2-459d-b899-d527741f15ff","d9de1f0e-7743-4a5a-950e-71a72e96bff4"]}},{"type":"Feature","geometry":{"type":"Polygon","coordinates":[[[28.99255825727715,70.12217031979878],[29.01940321862648,70.12217031979878],[29.01940321862648,70.1311534315487],[28.99255825727715,70.1311534315487],[28.99255825727715,70.12217031979878]]]},"properties":{"cell_id":"1080_7806","expected_nets":0.002,"particle_count":8,"n_nets":1,"contributing_net_ids":["c52841a4-c77e-4497-a4e9-73f605567542"]}},{"type":"Feature","geometry":{"type":"Polygon","coordinates":[[[29.905286943154394,70.0592885375494],[29.932131904503724,70.0592885375494],[29.932131904503724,70.06827164929932],[29.905286943154394,70.06827164929932],[29.905286943154394,70.0592885375494]]]},"properties":{"cell_id":"1114_7799","expected_nets":0.002,"particle_count":8,"n_nets":5,"contributing_net_ids":["183b3a5b-2fd0-4d2a-9c77-77281bb30173","59cde757-4957-437b-86cd-8d9932cbb5a2","5bc9b541-9afc-45ba-95db-3a4685de44a3","6b2ff976-a86c-46ff-9367-7349073cc0be","e987972b-877b-44cf-b400-eaef3df7f643"]}},{"type":"Feature","geometry":{"type":"Polygon","coordinates":[[[30.22742647934636,70.08623787279913],[30.25427144069569,70.08623787279913],[30.25427144069569,70.09522098454904],[30.22742647934636,70.09522098454904],[30.22742647934636,70.08623787279913]]]},"properties":{"cell_id":"1126_7802","expected_nets":0.002,"particle_count":8,"n_nets":5,"contributing_net_ids":["0044b29c-5a23-4047-8f64-6763e05133e4","37e8bf79-8d0c-4820-9b6c-98fdaa828590","39d2f659-e666-4b43-ab4a-c4439252e729","491a8576-d12c-4378-8c01-07c2717e4a07","b44ee1c5-8e80-49ac-93f1-e4399df11d7f"]}},{"type":"Feature","geometry":{"type":"Polygon","coordinates":[[[30.22742647934636,70.11318720804887],[30.25427144069569,70.11318720804887],[30.25427144069569,70.12217031979878],[30.22742647934636,70.12217031979878],[30.22742647934636,70.11318720804887]]]},"properties":{"cell_id":"1126_7805","expected_nets":0.002,"particle_count":8,"n_nets":5,"contributing_net_ids":["0044b29c-5a23-4047-8f64-6763e05133e4","37e8bf79-8d0c-4820-9b6c-98fdaa828590","39d2f659-e666-4b43-ab4a-c4439252e729","444ac6fa-3c86-44c4-a0b0-2e7d79922517","b44ee1c5-8e80-49ac-93f1-e4399df11d7f"]}},{"type":"Feature","geometry":{"type":"Polygon","coordinates":[[[30.63010089958632,70.24793388429752],[30.65694586093565,70.24793388429752],[30.65694586093565,70.25691699604744],[30.63010089958632,70.25691699604744],[30.63010089958632,70.24793388429752]]]},"properties":{"cell_id":"1141_7820","expected_nets":0.002,"particle_count":5,"n_nets":2,"contributing_net_ids":["491a8576-d12c-4378-8c01-07c2717e4a07","bc3ed7a1-c829-44b9-9a0c-f2ea4fcc06b7"]}},{"type":"Feature","geometry":{"type":"Polygon","coordinates":[[[30.97908539712762,70.28386633129716],[31.00593035847695,70.28386633129716],[31.00593035847695,70.29284944304707],[30.97908539712762,70.29284944304707],[30.97908539712762,70.28386633129716]]]},"properties":{"cell_id":"1154_7824","expected_nets":0.002,"particle_count":2,"n_nets":2,"contributing_net_ids":["41f2af17-7063-4598-998e-77215c5496ac","bc3ed7a1-c829-44b9-9a0c-f2ea4fcc06b7"]}},{"type":"Feature","geometry":{"type":"Polygon","coordinates":[[[25.287953591069513,71.1103126122889],[25.314798552418843,71.1103126122889],[25.314798552418843,71.1192957240388],[25.287953591069513,71.1192957240388],[25.287953591069513,71.1103126122889]]]},"properties":{"cell_id":"942_7916","expected_nets":0.002,"particle_count":8,"n_nets":1,"contributing_net_ids":["c4c6d9a6-bf57-4182-966d-55046e277ae0"]}},{"type":"Feature","geometry":{"type":"Polygon","coordinates":[[[25.636938088610812,70.9396334890406],[25.66378304996014,70.9396334890406],[25.66378304996014,70.94861660079052],[25.636938088610812,70.94861660079052],[25.636938088610812,70.9396334890406]]]},"properties":{"cell_id":"955_7897","expected_nets":0.002,"particle_count":8,"n_nets":3,"contributing_net_ids":["0dc85fe8-24ce-4a5b-9c68-10fde23c3974","470db2b9-33e2-459d-b899-d527741f15ff","d9de1f0e-7743-4a5a-950e-71a72e96bff4"]}},{"type":"Feature","geometry":{"type":"Polygon","coordinates":[[[25.798007856706796,70.66115702479338],[25.824852818056126,70.66115702479338],[25.824852818056126,70.6701401365433],[25.798007856706796,70.6701401365433],[25.798007856706796,70.66115702479338]]]},"properties":{"cell_id":"961_7866","expected_nets":0.002,"particle_count":8,"n_nets":2,"contributing_net_ids":["e75a847a-c3de-4b7e-a353-9f70acc6da3e","efe29baa-49f5-4eef-bf00-780fc94fd192"]}},{"type":"Feature","geometry":{"type":"Polygon","coordinates":[[[26.200682276946758,71.05641394178943],[26.227527238296087,71.05641394178943],[26.227527238296087,71.06539705353934],[26.200682276946758,71.06539705353934],[26.200682276946758,71.05641394178943]]]},"properties":{"cell_id":"976_7910","expected_nets":0.002,"particle_count":8,"n_nets":7,"contributing_net_ids":["17b986f2-2962-4704-b0e1-eabe0cbc5fed","2c38e76b-b975-4368-8686-873e9d17b862","372da560-3ffc-4c03-9e63-083a0c2edeae","86fbc2f8-6e1e-4162-8855-d19e180e5ce9","92774a0e-6c8c-4eea-b18e-be40e50056f7","eef2472f-e20e-4582-83ca-9fccd623673e","fb076de6-0572-43d4-92cd-757bd343d372"]}},{"type":"Feature","geometry":{"type":"Polygon","coordinates":[[[26.227527238296087,70.79590370104204],[26.254372199645417,70.79590370104204],[26.254372199645417,70.80488681279195],[26.227527238296087,70.80488681279195],[26.227527238296087,70.79590370104204]]]},"properties":{"cell_id":"977_7881","expected_nets":0.002,"particle_count":2,"n_nets":1,"contributing_net_ids":["8f616f35-37f7-4aef-813f-428b192fdd24"]}},{"type":"Feature","geometry":{"type":"Polygon","coordinates":[[[27.193945846871994,70.89471793029105],[27.220790808221324,70.89471793029105],[27.220790808221324,70.90370104204096],[27.193945846871994,70.90370104204096],[27.193945846871994,70.89471793029105]]]},"properties":{"cell_id":"1013_7892","expected_nets":0.0018,"particle_count":2,"n_nets":2,"contributing_net_ids":["00fb55ca-9483-401f-8f29-3e596d6d520c","9e759843-4dd6-4b50-bc24-49bb88f8f082"]}},{"type":"Feature","geometry":{"type":"Polygon","coordinates":[[[29.01940321862648,70.12217031979878],[29.04624817997581,70.12217031979878],[29.04624817997581,70.1311534315487],[29.01940321862648,70.1311534315487],[29.01940321862648,70.12217031979878]]]},"properties":{"cell_id":"1081_7806","expected_nets":0.0018,"particle_count":7,"n_nets":2,"contributing_net_ids":["2649e37d-4983-4386-bc52-e0093db3ec65","c52841a4-c77e-4497-a4e9-73f605567542"]}},{"type":"Feature","geometry":{"type":"Polygon","coordinates":[[[29.905286943154394,69.90657563780094],[29.932131904503724,69.90657563780094],[29.932131904503724,69.91555874955085],[29.905286943154394,69.91555874955085],[29.905286943154394,69.90657563780094]]]},"properties":{"cell_id":"1114_7782","expected_nets":0.0018,"particle_count":7,"n_nets":2,"contributing_net_ids":["39d2f659-e666-4b43-ab4a-c4439252e729","444ac6fa-3c86-44c4-a0b0-2e7d79922517"]}},{"type":"Feature","geometry":{"type":"Polygon","coordinates":[[[30.254271440695693,70.07725476104923],[30.281116402045022,70.07725476104923],[30.281116402045022,70.08623787279915],[30.254271440695693,70.08623787279915],[30.254271440695693,70.07725476104923]]]},"properties":{"cell_id":"1127_7801","expected_nets":0.0018,"particle_count":7,"n_nets":2,"contributing_net_ids":["37e8bf79-8d0c-4820-9b6c-98fdaa828590","39d2f659-e666-4b43-ab4a-c4439252e729"]}},{"type":"Feature","geometry":{"type":"Polygon","coordinates":[[[30.65694586093565,70.24793388429752],[30.68379082228498,70.24793388429752],[30.68379082228498,70.25691699604744],[30.65694586093565,70.25691699604744],[30.65694586093565,70.24793388429752]]]},"properties":{"cell_id":"1142_7820","expected_nets":0.0018,"particle_count":7,"n_nets":1,"contributing_net_ids":["491a8576-d12c-4378-8c01-07c2717e4a07"]}},{"type":"Feature","geometry":{"type":"Polygon","coordinates":[[[30.710635783634313,70.23895077254761],[30.737480744983642,70.23895077254761],[30.737480744983642,70.24793388429752],[30.710635783634313,70.24793388429752],[30.710635783634313,70.23895077254761]]]},"properties":{"cell_id":"1144_7819","expected_nets":0.0018,"particle_count":4,"n_nets":2,"contributing_net_ids":["491a8576-d12c-4378-8c01-07c2717e4a07","bc3ed7a1-c829-44b9-9a0c-f2ea4fcc06b7"]}},{"type":"Feature","geometry":{"type":"Polygon","coordinates":[[[30.737480744983642,70.25691699604744],[30.764325706332972,70.25691699604744],[30.764325706332972,70.26590010779735],[30.737480744983642,70.26590010779735],[30.737480744983642,70.25691699604744]]]},"properties":{"cell_id":"1145_7821","expected_nets":0.0018,"particle_count":4,"n_nets":2,"contributing_net_ids":["491a8576-d12c-4378-8c01-07c2717e4a07","bc3ed7a1-c829-44b9-9a0c-f2ea4fcc06b7"]}},{"type":"Feature","geometry":{"type":"Polygon","coordinates":[[[30.764325706332976,70.25691699604744],[30.791170667682305,70.25691699604744],[30.791170667682305,70.26590010779735],[30.764325706332976,70.26590010779735],[30.764325706332976,70.25691699604744]]]},"properties":{"cell_id":"1146_7821","expected_nets":0.0018,"particle_count":4,"n_nets":2,"contributing_net_ids":["491a8576-d12c-4378-8c01-07c2717e4a07","bc3ed7a1-c829-44b9-9a0c-f2ea4fcc06b7"]}},{"type":"Feature","geometry":{"type":"Polygon","coordinates":[[[31.032775319826282,70.28386633129716],[31.05962028117561,70.28386633129716],[31.05962028117561,70.29284944304707],[31.032775319826282,70.29284944304707],[31.032775319826282,70.28386633129716]]]},"properties":{"cell_id":"1156_7824","expected_nets":0.0018,"particle_count":4,"n_nets":2,"contributing_net_ids":["41f2af17-7063-4598-998e-77215c5496ac","cb0ddc2d-92e0-4234-b4cb-6ca7c091c319"]}},{"type":"Feature","geometry":{"type":"Polygon","coordinates":[[[25.610093127261482,70.72403880704276],[25.636938088610812,70.72403880704276],[25.636938088610812,70.73302191879267],[25.610093127261482,70.73302191879267],[25.610093127261482,70.72403880704276]]]},"properties":{"cell_id":"954_7873","expected_nets":0.0018,"particle_count":7,"n_nets":3,"contributing_net_ids":["b68c38a7-1ccd-4ae6-9801-c4f2ce607946","e75a847a-c3de-4b7e-a353-9f70acc6da3e","efe29baa-49f5-4eef-bf00-780fc94fd192"]}},{"type":"Feature","geometry":{"type":"Polygon","coordinates":[[[25.636938088610812,70.73302191879267],[25.66378304996014,70.73302191879267],[25.66378304996014,70.74200503054259],[25.636938088610812,70.74200503054259],[25.636938088610812,70.73302191879267]]]},"properties":{"cell_id":"955_7874","expected_nets":0.0018,"particle_count":7,"n_nets":3,"contributing_net_ids":["b68c38a7-1ccd-4ae6-9801-c4f2ce607946","e75a847a-c3de-4b7e-a353-9f70acc6da3e","efe29baa-49f5-4eef-bf00-780fc94fd192"]}},{"type":"Feature","geometry":{"type":"Polygon","coordinates":[[[25.66378304996014,70.73302191879267],[25.69062801130947,70.73302191879267],[25.69062801130947,70.74200503054259],[25.66378304996014,70.74200503054259],[25.66378304996014,70.73302191879267]]]},"properties":{"cell_id":"956_7874","expected_nets":0.0018,"particle_count":7,"n_nets":3,"contributing_net_ids":["b68c38a7-1ccd-4ae6-9801-c4f2ce607946","e75a847a-c3de-4b7e-a353-9f70acc6da3e","efe29baa-49f5-4eef-bf00-780fc94fd192"]}},{"type":"Feature","geometry":{"type":"Polygon","coordinates":[[[25.690628011309474,70.9396334890406],[25.717472972658804,70.9396334890406],[25.717472972658804,70.94861660079052],[25.690628011309474,70.94861660079052],[25.690628011309474,70.9396334890406]]]},"properties":{"cell_id":"957_7897","expected_nets":0.0018,"particle_count":7,"n_nets":5,"contributing_net_ids":["0dc85fe8-24ce-4a5b-9c68-10fde23c3974","1856880d-fea0-414e-9d9b-151b7bafb7eb","470db2b9-33e2-459d-b899-d527741f15ff","51ea4374-4f03-4957-b2d3-91e78f0021c5","a95c2f17-baa3-44dd-b464-4313692da315"]}},{"type":"Feature","geometry":{"type":"Polygon","coordinates":[[[25.771162895357467,70.6701401365433],[25.798007856706796,70.6701401365433],[25.798007856706796,70.67912324829321],[25.771162895357467,70.67912324829321],[25.771162895357467,70.6701401365433]]]},"properties":{"cell_id":"960_7867","expected_nets":0.0018,"particle_count":7,"n_nets":2,"contributing_net_ids":["e75a847a-c3de-4b7e-a353-9f70acc6da3e","efe29baa-49f5-4eef-bf00-780fc94fd192"]}},{"type":"Feature","geometry":{"type":"Polygon","coordinates":[[[25.905387702104118,70.95759971254043],[25.932232663453448,70.95759971254043],[25.932232663453448,70.96658282429034],[25.905387702104118,70.96658282429034],[25.905387702104118,70.95759971254043]]]},"properties":{"cell_id":"965_7899","expected_nets":0.0018,"particle_count":7,"n_nets":5,"contributing_net_ids":["0dc85fe8-24ce-4a5b-9c68-10fde23c3974","470db2b9-33e2-459d-b899-d527741f15ff","51ea4374-4f03-4957-b2d3-91e78f0021c5","a95c2f17-baa3-44dd-b464-4313692da315","d9de1f0e-7743-4a5a-950e-71a72e96bff4"]}},{"type":"Feature","geometry":{"type":"Polygon","coordinates":[[[26.012767547501443,71.1192957240388],[26.039612508850773,71.1192957240388],[26.039612508850773,71.12827883578872],[26.012767547501443,71.12827883578872],[26.012767547501443,71.1192957240388]]]},"properties":{"cell_id":"969_7917","expected_nets":0.0018,"particle_count":7,"n_nets":5,"contributing_net_ids":["15e549ea-ffd5-4ec2-98b7-32276621e3f2","86fbc2f8-6e1e-4162-8855-d19e180e5ce9","9267ffae-e862-4c0c-8303-e43fbba92f68","eb7dd3b7-cce2-46a9-92d0-08b1c6f49b7d","f8bfcb7e-c7fd-402c-b02c-4f35bae30cbb"]}},{"type":"Feature","geometry":{"type":"Polygon","coordinates":[[[27.08656600147467,70.9396334890406],[27.113410962824,70.9396334890406],[27.113410962824,70.94861660079052],[27.08656600147467,70.94861660079052],[27.08656600147467,70.9396334890406]]]},"properties":{"cell_id":"1009_7897","expected_nets":0.0015,"particle_count":1,"n_nets":1,"contributing_net_ids":["00fb55ca-9483-401f-8f29-3e596d6d520c"]}},{"type":"Feature","geometry":{"type":"Polygon","coordinates":[[[27.113410962824002,70.94861660079052],[27.14025592417333,70.94861660079052],[27.14025592417333,70.95759971254043],[27.113410962824002,70.95759971254043],[27.113410962824002,70.94861660079052]]]},"properties":{"cell_id":"1010_7898","expected_nets":0.0015,"particle_count":1,"n_nets":1,"contributing_net_ids":["00fb55ca-9483-401f-8f29-3e596d6d520c"]}},{"type":"Feature","geometry":{"type":"Polygon","coordinates":[[[27.14025592417333,70.89471793029105],[27.16710088552266,70.89471793029105],[27.16710088552266,70.90370104204096],[27.14025592417333,70.90370104204096],[27.14025592417333,70.89471793029105]]]},"properties":{"cell_id":"1011_7892","expected_nets":0.0015,"particle_count":1,"n_nets":1,"contributing_net_ids":["00fb55ca-9483-401f-8f29-3e596d6d520c"]}},{"type":"Feature","geometry":{"type":"Polygon","coordinates":[[[29.74421717505841,70.06827164929932],[29.77106213640774,70.06827164929932],[29.77106213640774,70.07725476104923],[29.74421717505841,70.07725476104923],[29.74421717505841,70.06827164929932]]]},"properties":{"cell_id":"1108_7800","expected_nets":0.0015,"particle_count":6,"n_nets":4,"contributing_net_ids":["183b3a5b-2fd0-4d2a-9c77-77281bb30173","59cde757-4957-437b-86cd-8d9932cbb5a2","6ae9c1b0-2a7f-4315-a8f6-7e6491c6cb74","e987972b-877b-44cf-b400-eaef3df7f643"]}},{"type":"Feature","geometry":{"type":"Polygon","coordinates":[[[29.77106213640774,70.06827164929932],[29.79790709775707,70.06827164929932],[29.79790709775707,70.07725476104923],[29.77106213640774,70.07725476104923],[29.77106213640774,70.06827164929932]]]},"properties":{"cell_id":"1109_7800","expected_nets":0.0015,"particle_count":6,"n_nets":5,"contributing_net_ids":["183b3a5b-2fd0-4d2a-9c77-77281bb30173","2649e37d-4983-4386-bc52-e0093db3ec65","59cde757-4957-437b-86cd-8d9932cbb5a2","6b2ff976-a86c-46ff-9367-7349073cc0be","e987972b-877b-44cf-b400-eaef3df7f643"]}},{"type":"Feature","geometry":{"type":"Polygon","coordinates":[[[30.254271440695693,70.11318720804887],[30.281116402045022,70.11318720804887],[30.281116402045022,70.12217031979878],[30.254271440695693,70.12217031979878],[30.254271440695693,70.11318720804887]]]},"properties":{"cell_id":"1127_7805","expected_nets":0.0015,"particle_count":6,"n_nets":4,"contributing_net_ids":["37e8bf79-8d0c-4820-9b6c-98fdaa828590","39d2f659-e666-4b43-ab4a-c4439252e729","444ac6fa-3c86-44c4-a0b0-2e7d79922517","b44ee1c5-8e80-49ac-93f1-e4399df11d7f"]}},{"type":"Feature","geometry":{"type":"Polygon","coordinates":[[[30.442186170141007,70.20301832554797],[30.469031131490336,70.20301832554797],[30.469031131490336,70.21200143729789],[30.442186170141007,70.21200143729789],[30.442186170141007,70.20301832554797]]]},"properties":{"cell_id":"1134_7815","expected_nets":0.0015,"particle_count":3,"n_nets":3,"contributing_net_ids":["39d2f659-e666-4b43-ab4a-c4439252e729","491a8576-d12c-4378-8c01-07c2717e4a07","bc3ed7a1-c829-44b9-9a0c-f2ea4fcc06b7"]}},{"type":"Feature","geometry":{"type":"Polygon","coordinates":[[[25.23426366837085,71.0294646065397],[25.26110862972018,71.0294646065397],[25.26110862972018,71.03844771828962],[25.23426366837085,71.03844771828962],[25.23426366837085,71.0294646065397]]]},"properties":{"cell_id":"940_7907","expected_nets":0.0015,"particle_count":6,"n_nets":1,"contributing_net_ids":["c4c6d9a6-bf57-4182-966d-55046e277ae0"]}},{"type":"Feature","geometry":{"type":"Polygon","coordinates":[[[25.261108629720184,71.01149838303988],[25.287953591069513,71.01149838303988],[25.287953591069513,71.02048149478979],[25.261108629720184,71.02048149478979],[25.261108629720184,71.01149838303988]]]},"properties":{"cell_id":"941_7905","expected_nets":0.0015,"particle_count":6,"n_nets":1,"contributing_net_ids":["c4c6d9a6-bf57-4182-966d-55046e277ae0"]}},{"type":"Feature","geometry":{"type":"Polygon","coordinates":[[[25.314798552418843,71.12827883578872],[25.341643513768172,71.12827883578872],[25.341643513768172,71.13726194753863],[25.314798552418843,71.13726194753863],[25.314798552418843,71.12827883578872]]]},"properties":{"cell_id":"943_7918","expected_nets":0.0015,"particle_count":6,"n_nets":1,"contributing_net_ids":["c4c6d9a6-bf57-4182-966d-55046e277ae0"]}},{"type":"Feature","geometry":{"type":"Polygon","coordinates":[[[25.824852818056126,70.94861660079052],[25.851697779405455,70.94861660079052],[25.851697779405455,70.95759971254043],[25.824852818056126,70.95759971254043],[25.824852818056126,70.94861660079052]]]},"properties":{"cell_id":"962_7898","expected_nets":0.0015,"particle_count":6,"n_nets":4,"contributing_net_ids":["0dc85fe8-24ce-4a5b-9c68-10fde23c3974","51ea4374-4f03-4957-b2d3-91e78f0021c5","a95c2f17-baa3-44dd-b464-4313692da315","d9de1f0e-7743-4a5a-950e-71a72e96bff4"]}},{"type":"Feature","geometry":{"type":"Polygon","coordinates":[[[25.85169777940546,70.7599712540424],[25.87854274075479,70.7599712540424],[25.87854274075479,70.76895436579231],[25.85169777940546,70.76895436579231],[25.85169777940546,70.7599712540424]]]},"properties":{"cell_id":"963_7877","expected_nets":0.0015,"particle_count":3,"n_nets":2,"contributing_net_ids":["8f616f35-37f7-4aef-813f-428b192fdd24","efe29baa-49f5-4eef-bf00-780fc94fd192"]}},{"type":"Feature","geometry":{"type":"Polygon","coordinates":[[[25.905387702104118,70.96658282429033],[25.932232663453448,70.96658282429033],[25.932232663453448,70.97556593604024],[25.905387702104118,70.97556593604024],[25.905387702104118,70.96658282429033]]]},"properties":{"cell_id":"965_7900","expected_nets":0.0015,"particle_count":6,"n_nets":5,"contributing_net_ids":["0dc85fe8-24ce-4a5b-9c68-10fde23c3974","470db2b9-33e2-459d-b899-d527741f15ff","51ea4374-4f03-4957-b2d3-91e78f0021c5","a95c2f17-baa3-44dd-b464-4313692da315","d9de1f0e-7743-4a5a-950e-71a72e96bff4"]}},{"type":"Feature","geometry":{"type":"Polygon","coordinates":[[[27.247635769570653,70.98454904779015],[27.274480730919983,70.98454904779015],[27.274480730919983,70.99353215954007],[27.247635769570653,70.99353215954007],[27.247635769570653,70.98454904779015]]]},"properties":{"cell_id":"1015_7902","expected_nets":0.0013,"particle_count":2,"n_nets":2,"contributing_net_ids":["9e759843-4dd6-4b50-bc24-49bb88f8f082","d78d9010-3d05-4faf-a72b-008ae0f5db62"]}},{"type":"Feature","geometry":{"type":"Polygon","coordinates":[[[29.04624817997581,70.12217031979878],[29.07309314132514,70.12217031979878],[29.07309314132514,70.1311534315487],[29.04624817997581,70.1311534315487],[29.04624817997581,70.12217031979878]]]},"properties":{"cell_id":"1082_7806","expected_nets":0.0013,"particle_count":5,"n_nets":2,"contributing_net_ids":["183b3a5b-2fd0-4d2a-9c77-77281bb30173","2649e37d-4983-4386-bc52-e0093db3ec65"]}},{"type":"Feature","geometry":{"type":"Polygon","coordinates":[[[30.281116402045022,70.12217031979878],[30.30796136339435,70.12217031979878],[30.30796136339435,70.1311534315487],[30.281116402045022,70.1311534315487],[30.281116402045022,70.12217031979878]]]},"properties":{"cell_id":"1128_7806","expected_nets":0.0013,"particle_count":5,"n_nets":3,"contributing_net_ids":["37e8bf79-8d0c-4820-9b6c-98fdaa828590","39d2f659-e666-4b43-ab4a-c4439252e729","444ac6fa-3c86-44c4-a0b0-2e7d79922517"]}},{"type":"Feature","geometry":{"type":"Polygon","coordinates":[[[30.844860590380968,70.26590010779734],[30.871705551730297,70.26590010779734],[30.871705551730297,70.27488321954725],[30.844860590380968,70.27488321954725],[30.844860590380968,70.26590010779734]]]},"properties":{"cell_id":"1149_7822","expected_nets":0.0013,"particle_count":2,"n_nets":2,"contributing_net_ids":["43c5d8b6-1fb3-465b-b441-487f33c6a908","bc3ed7a1-c829-44b9-9a0c-f2ea4fcc06b7"]}},{"type":"Feature","geometry":{"type":"Polygon","coordinates":[[[30.898550513079627,70.26590010779734],[30.925395474428957,70.26590010779734],[30.925395474428957,70.27488321954725],[30.898550513079627,70.27488321954725],[30.898550513079627,70.26590010779734]]]},"properties":{"cell_id":"1151_7822","expected_nets":0.0013,"particle_count":2,"n_nets":2,"contributing_net_ids":["bc3ed7a1-c829-44b9-9a0c-f2ea4fcc06b7","cb0ddc2d-92e0-4234-b4cb-6ca7c091c319"]}},{"type":"Feature","geometry":{"type":"Polygon","coordinates":[[[31.005930358476952,70.28386633129716],[31.032775319826282,70.28386633129716],[31.032775319826282,70.29284944304707],[31.005930358476952,70.29284944304707],[31.005930358476952,70.28386633129716]]]},"properties":{"cell_id":"1155_7824","expected_nets":0.0013,"particle_count":2,"n_nets":2,"contributing_net_ids":["43c5d8b6-1fb3-465b-b441-487f33c6a908","bc3ed7a1-c829-44b9-9a0c-f2ea4fcc06b7"]}},{"type":"Feature","geometry":{"type":"Polygon","coordinates":[[[25.20741870702152,70.38268056054618],[25.23426366837085,70.38268056054618],[25.23426366837085,70.39166367229609],[25.20741870702152,70.39166367229609],[25.20741870702152,70.38268056054618]]]},"properties":{"cell_id":"939_7835","expected_nets":0.0013,"particle_count":5,"n_nets":2,"contributing_net_ids":["e75a847a-c3de-4b7e-a353-9f70acc6da3e","efe29baa-49f5-4eef-bf00-780fc94fd192"]}},{"type":"Feature","geometry":{"type":"Polygon","coordinates":[[[25.368488475117505,71.1192957240388],[25.395333436466835,71.1192957240388],[25.395333436466835,71.12827883578872],[25.368488475117505,71.12827883578872],[25.368488475117505,71.1192957240388]]]},"properties":{"cell_id":"945_7917","expected_nets":0.0013,"particle_count":5,"n_nets":1,"contributing_net_ids":["c4c6d9a6-bf57-4182-966d-55046e277ae0"]}},{"type":"Feature","geometry":{"type":"Polygon","coordinates":[[[25.55640320456282,70.70607258354293],[25.58324816591215,70.70607258354293],[25.58324816591215,70.71505569529285],[25.55640320456282,70.71505569529285],[25.55640320456282,70.70607258354293]]]},"properties":{"cell_id":"952_7871","expected_nets":0.0013,"particle_count":5,"n_nets":2,"contributing_net_ids":["e75a847a-c3de-4b7e-a353-9f70acc6da3e","efe29baa-49f5-4eef-bf00-780fc94fd192"]}},{"type":"Feature","geometry":{"type":"Polygon","coordinates":[[[25.717472972658804,70.9396334890406],[25.744317934008134,70.9396334890406],[25.744317934008134,70.94861660079052],[25.717472972658804,70.94861660079052],[25.717472972658804,70.9396334890406]]]},"properties":{"cell_id":"958_7897","expected_nets":0.0013,"particle_count":5,"n_nets":3,"contributing_net_ids":["0dc85fe8-24ce-4a5b-9c68-10fde23c3974","470db2b9-33e2-459d-b899-d527741f15ff","51ea4374-4f03-4957-b2d3-91e78f0021c5"]}},{"type":"Feature","geometry":{"type":"Polygon","coordinates":[[[25.744317934008134,70.97556593604024],[25.771162895357463,70.97556593604024],[25.771162895357463,70.98454904779015],[25.744317934008134,70.98454904779015],[25.744317934008134,70.97556593604024]]]},"properties":{"cell_id":"959_7901","expected_nets":0.0013,"particle_count":5,"n_nets":3,"contributing_net_ids":["0dc85fe8-24ce-4a5b-9c68-10fde23c3974","1856880d-fea0-414e-9d9b-151b7bafb7eb","d9de1f0e-7743-4a5a-950e-71a72e96bff4"]}},{"type":"Feature","geometry":{"type":"Polygon","coordinates":[[[25.95907762480278,70.96658282429033],[25.98592258615211,70.96658282429033],[25.98592258615211,70.97556593604024],[25.95907762480278,70.97556593604024],[25.95907762480278,70.96658282429033]]]},"properties":{"cell_id":"967_7900","expected_nets":0.0013,"particle_count":5,"n_nets":3,"contributing_net_ids":["0dc85fe8-24ce-4a5b-9c68-10fde23c3974","51ea4374-4f03-4957-b2d3-91e78f0021c5","d9de1f0e-7743-4a5a-950e-71a72e96bff4"]}},{"type":"Feature","geometry":{"type":"Polygon","coordinates":[[[26.28121716099475,70.82285303629178],[26.30806212234408,70.82285303629178],[26.30806212234408,70.83183614804169],[26.28121716099475,70.83183614804169],[26.28121716099475,70.82285303629178]]]},"properties":{"cell_id":"979_7884","expected_nets":0.0013,"particle_count":2,"n_nets":2,"contributing_net_ids":["8f616f35-37f7-4aef-813f-428b192fdd24","b68c38a7-1ccd-4ae6-9801-c4f2ce607946"]}},{"type":"Feature","geometry":{"type":"Polygon","coordinates":[[[29.985821827202386,70.06827164929932],[30.012666788551716,70.06827164929932],[30.012666788551716,70.07725476104923],[29.985821827202386,70.07725476104923],[29.985821827202386,70.06827164929932]]]},"properties":{"cell_id":"1117_7800","expected_nets":0.001,"particle_count":4,"n_nets":3,"contributing_net_ids":["183b3a5b-2fd0-4d2a-9c77-77281bb30173","444ac6fa-3c86-44c4-a0b0-2e7d79922517","59cde757-4957-437b-86cd-8d9932cbb5a2"]}},{"type":"Feature","geometry":{"type":"Polygon","coordinates":[[[30.093201672599708,70.69708947179303],[30.120046633949038,70.69708947179303],[30.120046633949038,70.70607258354295],[30.093201672599708,70.70607258354295],[30.093201672599708,70.69708947179303]]]},"properties":{"cell_id":"1121_7870","expected_nets":0.001,"particle_count":1,"n_nets":1,"contributing_net_ids":["686eb669-1bde-4980-a523-5e9cf5270174"]}},{"type":"Feature","geometry":{"type":"Polygon","coordinates":[[[30.1737365566477,70.10420409629896],[30.20058151799703,70.10420409629896],[30.20058151799703,70.11318720804887],[30.1737365566477,70.11318720804887],[30.1737365566477,70.10420409629896]]]},"properties":{"cell_id":"1124_7804","expected_nets":0.001,"particle_count":4,"n_nets":3,"contributing_net_ids":["39d2f659-e666-4b43-ab4a-c4439252e729","444ac6fa-3c86-44c4-a0b0-2e7d79922517","b44ee1c5-8e80-49ac-93f1-e4399df11d7f"]}},{"type":"Feature","geometry":{"type":"Polygon","coordinates":[[[30.20058151799703,70.10420409629896],[30.22742647934636,70.10420409629896],[30.22742647934636,70.11318720804887],[30.20058151799703,70.11318720804887],[30.20058151799703,70.10420409629896]]]},"properties":{"cell_id":"1125_7804","expected_nets":0.001,"particle_count":4,"n_nets":3,"contributing_net_ids":["37e8bf79-8d0c-4820-9b6c-98fdaa828590","39d2f659-e666-4b43-ab4a-c4439252e729","444ac6fa-3c86-44c4-a0b0-2e7d79922517"]}},{"type":"Feature","geometry":{"type":"Polygon","coordinates":[[[30.791170667682305,70.26590010779734],[30.818015629031635,70.26590010779734],[30.818015629031635,70.27488321954725],[30.791170667682305,70.27488321954725],[30.791170667682305,70.26590010779734]]]},"properties":{"cell_id":"1147_7822","expected_nets":0.001,"particle_count":1,"n_nets":1,"contributing_net_ids":["bc3ed7a1-c829-44b9-9a0c-f2ea4fcc06b7"]}},{"type":"Feature","geometry":{"type":"Polygon","coordinates":[[[30.818015629031635,70.25691699604744],[30.844860590380964,70.25691699604744],[30.844860590380964,70.26590010779735],[30.818015629031635,70.26590010779735],[30.818015629031635,70.25691699604744]]]},"properties":{"cell_id":"1148_7821","expected_nets":0.001,"particle_count":1,"n_nets":1,"contributing_net_ids":["bc3ed7a1-c829-44b9-9a0c-f2ea4fcc06b7"]}},{"type":"Feature","geometry":{"type":"Polygon","coordinates":[[[30.95224043577829,70.26590010779734],[30.97908539712762,70.26590010779734],[30.97908539712762,70.27488321954725],[30.95224043577829,70.27488321954725],[30.95224043577829,70.26590010779734]]]},"properties":{"cell_id":"1153_7822","expected_nets":0.001,"particle_count":1,"n_nets":1,"contributing_net_ids":["bc3ed7a1-c829-44b9-9a0c-f2ea4fcc06b7"]}},{"type":"Feature","geometry":{"type":"Polygon","coordinates":[[[31.032775319826282,69.76284584980237],[31.05962028117561,69.76284584980237],[31.05962028117561,69.77182896155229],[31.032775319826282,69.77182896155229],[31.032775319826282,69.76284584980237]]]},"properties":{"cell_id":"1156_7766","expected_nets":0.001,"particle_count":1,"n_nets":1,"contributing_net_ids":["9b9bef93-e0fb-425f-b56f-fbf239eaa3e5"]}},{"type":"Feature","geometry":{"type":"Polygon","coordinates":[[[31.05962028117561,70.37369744879626],[31.08646524252494,70.37369744879626],[31.08646524252494,70.38268056054618],[31.05962028117561,70.38268056054618],[31.05962028117561,70.37369744879626]]]},"properties":{"cell_id":"1157_7834","expected_nets":0.001,"particle_count":1,"n_nets":1,"contributing_net_ids":["bc3ed7a1-c829-44b9-9a0c-f2ea4fcc06b7"]}},{"type":"Feature","geometry":{"type":"Polygon","coordinates":[[[31.542829585463565,69.82572763205174],[31.569674546812895,69.82572763205174],[31.569674546812895,69.83471074380165],[31.542829585463565,69.83471074380165],[31.542829585463565,69.82572763205174]]]},"properties":{"cell_id":"1175_7773","expected_nets":0.001,"particle_count":1,"n_nets":1,"contributing_net_ids":["9b9bef93-e0fb-425f-b56f-fbf239eaa3e5"]}},{"type":"Feature","geometry":{"type":"Polygon","coordinates":[[[25.261108629720184,71.07438016528926],[25.287953591069513,71.07438016528926],[25.287953591069513,71.08336327703917],[25.261108629720184,71.08336327703917],[25.261108629720184,71.07438016528926]]]},"properties":{"cell_id":"941_7912","expected_nets":0.001,"particle_count":4,"n_nets":1,"contributing_net_ids":["c4c6d9a6-bf57-4182-966d-55046e277ae0"]}},{"type":"Feature","geometry":{"type":"Polygon","coordinates":[[[25.395333436466835,70.98454904779015],[25.422178397816165,70.98454904779015],[25.422178397816165,70.99353215954007],[25.395333436466835,70.99353215954007],[25.395333436466835,70.98454904779015]]]},"properties":{"cell_id":"946_7902","expected_nets":0.001,"particle_count":4,"n_nets":3,"contributing_net_ids":["470db2b9-33e2-459d-b899-d527741f15ff","4cf87f47-5937-4c4f-9f67-d0df31b15978","c4c6d9a6-bf57-4182-966d-55046e277ae0"]}},{"type":"Feature","geometry":{"type":"Polygon","coordinates":[[[25.52955824321349,70.69708947179303],[25.55640320456282,70.69708947179303],[25.55640320456282,70.70607258354295],[25.52955824321349,70.70607258354295],[25.52955824321349,70.69708947179303]]]},"properties":{"cell_id":"951_7870","expected_nets":0.001,"particle_count":4,"n_nets":2,"contributing_net_ids":["b68c38a7-1ccd-4ae6-9801-c4f2ce607946","efe29baa-49f5-4eef-bf00-780fc94fd192"]}},{"type":"Feature","geometry":{"type":"Polygon","coordinates":[[[25.771162895357467,70.68810636004312],[25.798007856706796,70.68810636004312],[25.798007856706796,70.69708947179303],[25.771162895357467,70.69708947179303],[25.771162895357467,70.68810636004312]]]},"properties":{"cell_id":"960_7869","expected_nets":0.001,"particle_count":4,"n_nets":3,"contributing_net_ids":["b68c38a7-1ccd-4ae6-9801-c4f2ce607946","e75a847a-c3de-4b7e-a353-9f70acc6da3e","efe29baa-49f5-4eef-bf00-780fc94fd192"]}},{"type":"Feature","geometry":{"type":"Polygon","coordinates":[[[25.798007856706796,70.80488681279195],[25.824852818056126,70.80488681279195],[25.824852818056126,70.81386992454186],[25.798007856706796,70.81386992454186],[25.798007856706796,70.80488681279195]]]},"properties":{"cell_id":"961_7882","expected_nets":0.001,"particle_count":4,"n_nets":1,"contributing_net_ids":["b68c38a7-1ccd-4ae6-9801-c4f2ce607946"]}},{"type":"Feature","geometry":{"type":"Polygon","coordinates":[[[25.85169777940546,70.94861660079052],[25.87854274075479,70.94861660079052],[25.87854274075479,70.95759971254043],[25.85169777940546,70.95759971254043],[25.85169777940546,70.94861660079052]]]},"properties":{"cell_id":"963_7898","expected_nets":0.001,"particle_count":4,"n_nets":3,"contributing_net_ids":["0dc85fe8-24ce-4a5b-9c68-10fde23c3974","470db2b9-33e2-459d-b899-d527741f15ff","d9de1f0e-7743-4a5a-950e-71a72e96bff4"]}},{"type":"Feature","geometry":{"type":"Polygon","coordinates":[[[25.93223266345345,70.98454904779015],[25.95907762480278,70.98454904779015],[25.95907762480278,70.99353215954007],[25.93223266345345,70.99353215954007],[25.93223266345345,70.98454904779015]]]},"properties":{"cell_id":"966_7902","expected_nets":0.001,"particle_count":4,"n_nets":3,"contributing_net_ids":["0dc85fe8-24ce-4a5b-9c68-10fde23c3974","1856880d-fea0-414e-9d9b-151b7bafb7eb","5e862cee-8b9f-45d7-8ca0-daaa28a39706"]}},{"type":"Feature","geometry":{"type":"Polygon","coordinates":[[[25.98592258615211,70.96658282429033],[26.01276754750144,70.96658282429033],[26.01276754750144,70.97556593604024],[25.98592258615211,70.97556593604024],[25.98592258615211,70.96658282429033]]]},"properties":{"cell_id":"968_7900","expected_nets":0.001,"particle_count":4,"n_nets":4,"contributing_net_ids":["0dc85fe8-24ce-4a5b-9c68-10fde23c3974","1856880d-fea0-414e-9d9b-151b7bafb7eb","5e862cee-8b9f-45d7-8ca0-daaa28a39706","db5609ea-7fcf-45af-bff8-14dbe9b90f83"]}},{"type":"Feature","geometry":{"type":"Polygon","coordinates":[[[26.012767547501443,70.97556593604024],[26.039612508850773,70.97556593604024],[26.039612508850773,70.98454904779015],[26.012767547501443,70.98454904779015],[26.012767547501443,70.97556593604024]]]},"properties":{"cell_id":"969_7901","expected_nets":0.001,"particle_count":4,"n_nets":3,"contributing_net_ids":["0dc85fe8-24ce-4a5b-9c68-10fde23c3974","5e862cee-8b9f-45d7-8ca0-daaa28a39706","d9de1f0e-7743-4a5a-950e-71a72e96bff4"]}},{"type":"Feature","geometry":{"type":"Polygon","coordinates":[[[26.039612508850773,70.69708947179303],[26.066457470200103,70.69708947179303],[26.066457470200103,70.70607258354295],[26.039612508850773,70.70607258354295],[26.039612508850773,70.69708947179303]]]},"properties":{"cell_id":"970_7870","expected_nets":0.001,"particle_count":1,"n_nets":1,"contributing_net_ids":["8f616f35-37f7-4aef-813f-428b192fdd24"]}},{"type":"Feature","geometry":{"type":"Polygon","coordinates":[[[26.173837315597424,71.00251527128998],[26.200682276946754,71.00251527128998],[26.200682276946754,71.01149838303989],[26.173837315597424,71.01149838303989],[26.173837315597424,71.00251527128998]]]},"properties":{"cell_id":"975_7904","expected_nets":0.001,"particle_count":1,"n_nets":1,"contributing_net_ids":["8f616f35-37f7-4aef-813f-428b192fdd24"]}},{"type":"Feature","geometry":{"type":"Polygon","coordinates":[[[26.200682276946758,70.77793747754222],[26.227527238296087,70.77793747754222],[26.227527238296087,70.78692058929214],[26.200682276946758,70.78692058929214],[26.200682276946758,70.77793747754222]]]},"properties":{"cell_id":"976_7879","expected_nets":0.001,"particle_count":1,"n_nets":1,"contributing_net_ids":["8f616f35-37f7-4aef-813f-428b192fdd24"]}},{"type":"Feature","geometry":{"type":"Polygon","coordinates":[[[26.200682276946758,70.78692058929214],[26.227527238296087,70.78692058929214],[26.227527238296087,70.79590370104205],[26.200682276946758,70.79590370104205],[26.200682276946758,70.78692058929214]]]},"properties":{"cell_id":"976_7880","expected_nets":0.001,"particle_count":1,"n_nets":1,"contributing_net_ids":["8f616f35-37f7-4aef-813f-428b192fdd24"]}},{"type":"Feature","geometry":{"type":"Polygon","coordinates":[[[26.200682276946758,71.02048149478979],[26.227527238296087,71.02048149478979],[26.227527238296087,71.0294646065397],[26.200682276946758,71.0294646065397],[26.200682276946758,71.02048149478979]]]},"properties":{"cell_id":"976_7906","expected_nets":0.001,"particle_count":1,"n_nets":1,"contributing_net_ids":["8f616f35-37f7-4aef-813f-428b192fdd24"]}},{"type":"Feature","geometry":{"type":"Polygon","coordinates":[[[26.227527238296087,70.78692058929214],[26.254372199645417,70.78692058929214],[26.254372199645417,70.79590370104205],[26.227527238296087,70.79590370104205],[26.227527238296087,70.78692058929214]]]},"properties":{"cell_id":"977_7880","expected_nets":0.001,"particle_count":1,"n_nets":1,"contributing_net_ids":["8f616f35-37f7-4aef-813f-428b192fdd24"]}},{"type":"Feature","geometry":{"type":"Polygon","coordinates":[[[26.227527238296087,70.80488681279195],[26.254372199645417,70.80488681279195],[26.254372199645417,70.81386992454186],[26.227527238296087,70.81386992454186],[26.227527238296087,70.80488681279195]]]},"properties":{"cell_id":"977_7882","expected_nets":0.001,"particle_count":1,"n_nets":1,"contributing_net_ids":["8f616f35-37f7-4aef-813f-428b192fdd24"]}},{"type":"Feature","geometry":{"type":"Polygon","coordinates":[[[26.254372199645417,70.81386992454186],[26.281217160994746,70.81386992454186],[26.281217160994746,70.82285303629178],[26.254372199645417,70.82285303629178],[26.254372199645417,70.81386992454186]]]},"properties":{"cell_id":"978_7883","expected_nets":0.001,"particle_count":1,"n_nets":1,"contributing_net_ids":["8f616f35-37f7-4aef-813f-428b192fdd24"]}},{"type":"Feature","geometry":{"type":"Polygon","coordinates":[[[26.254372199645417,70.82285303629178],[26.281217160994746,70.82285303629178],[26.281217160994746,70.83183614804169],[26.254372199645417,70.83183614804169],[26.254372199645417,70.82285303629178]]]},"properties":{"cell_id":"978_7884","expected_nets":0.001,"particle_count":1,"n_nets":1,"contributing_net_ids":["8f616f35-37f7-4aef-813f-428b192fdd24"]}},{"type":"Feature","geometry":{"type":"Polygon","coordinates":[[[26.30806212234408,70.84081925979159],[26.33490708369341,70.84081925979159],[26.33490708369341,70.8498023715415],[26.30806212234408,70.8498023715415],[26.30806212234408,70.84081925979159]]]},"properties":{"cell_id":"980_7886","expected_nets":0.001,"particle_count":1,"n_nets":1,"contributing_net_ids":["8f616f35-37f7-4aef-813f-428b192fdd24"]}},{"type":"Feature","geometry":{"type":"Polygon","coordinates":[[[26.30806212234408,70.8498023715415],[26.33490708369341,70.8498023715415],[26.33490708369341,70.85878548329141],[26.30806212234408,70.85878548329141],[26.30806212234408,70.8498023715415]]]},"properties":{"cell_id":"980_7887","expected_nets":0.001,"particle_count":1,"n_nets":1,"contributing_net_ids":["8f616f35-37f7-4aef-813f-428b192fdd24"]}},{"type":"Feature","geometry":{"type":"Polygon","coordinates":[[[26.33490708369341,70.8498023715415],[26.36175204504274,70.8498023715415],[26.36175204504274,70.85878548329141],[26.33490708369341,70.85878548329141],[26.33490708369341,70.8498023715415]]]},"properties":{"cell_id":"981_7887","expected_nets":0.001,"particle_count":1,"n_nets":1,"contributing_net_ids":["8f616f35-37f7-4aef-813f-428b192fdd24"]}},{"type":"Feature","geometry":{"type":"Polygon","coordinates":[[[26.33490708369341,70.85878548329141],[26.36175204504274,70.85878548329141],[26.36175204504274,70.86776859504133],[26.33490708369341,70.86776859504133],[26.33490708369341,70.85878548329141]]]},"properties":{"cell_id":"981_7888","expected_nets":0.001,"particle_count":1,"n_nets":1,"contributing_net_ids":["8f616f35-37f7-4aef-813f-428b192fdd24"]}},{"type":"Feature","geometry":{"type":"Polygon","coordinates":[[[26.576511735837386,70.94861660079052],[26.603356697186715,70.94861660079052],[26.603356697186715,70.95759971254043],[26.576511735837386,70.95759971254043],[26.576511735837386,70.94861660079052]]]},"properties":{"cell_id":"990_7898","expected_nets":0.001,"particle_count":1,"n_nets":1,"contributing_net_ids":["8f616f35-37f7-4aef-813f-428b192fdd24"]}},{"type":"Feature","geometry":{"type":"Polygon","coordinates":[[[29.39523267751711,70.08623787279913],[29.42207763886644,70.08623787279913],[29.42207763886644,70.09522098454904],[29.39523267751711,70.09522098454904],[29.39523267751711,70.08623787279913]]]},"properties":{"cell_id":"1095_7802","expected_nets":0.0008,"particle_count":3,"n_nets":2,"contributing_net_ids":["2649e37d-4983-4386-bc52-e0093db3ec65","6b2ff976-a86c-46ff-9367-7349073cc0be"]}},{"type":"Feature","geometry":{"type":"Polygon","coordinates":[[[29.609992368311755,69.97844053180022],[29.636837329661084,69.97844053180022],[29.636837329661084,69.98742364355013],[29.609992368311755,69.98742364355013],[29.609992368311755,69.97844053180022]]]},"properties":{"cell_id":"1103_7790","expected_nets":0.0008,"particle_count":3,"n_nets":2,"contributing_net_ids":["2a840416-2518-4cd8-9332-09ee6dfac95f","6ae9c1b0-2a7f-4315-a8f6-7e6491c6cb74"]}},{"type":"Feature","geometry":{"type":"Polygon","coordinates":[[[29.79790709775707,70.0592885375494],[29.824752059106398,70.0592885375494],[29.824752059106398,70.06827164929932],[29.79790709775707,70.06827164929932],[29.79790709775707,70.0592885375494]]]},"properties":{"cell_id":"1110_7799","expected_nets":0.0008,"particle_count":3,"n_nets":2,"contributing_net_ids":["39d2f659-e666-4b43-ab4a-c4439252e729","59cde757-4957-437b-86cd-8d9932cbb5a2"]}},{"type":"Feature","geometry":{"type":"Polygon","coordinates":[[[29.85159702045573,69.90657563780094],[29.87844198180506,69.90657563780094],[29.87844198180506,69.91555874955085],[29.85159702045573,69.91555874955085],[29.85159702045573,69.90657563780094]]]},"properties":{"cell_id":"1112_7782","expected_nets":0.0008,"particle_count":3,"n_nets":2,"contributing_net_ids":["39d2f659-e666-4b43-ab4a-c4439252e729","444ac6fa-3c86-44c4-a0b0-2e7d79922517"]}},{"type":"Feature","geometry":{"type":"Polygon","coordinates":[[[29.985821827202386,70.0592885375494],[30.012666788551716,70.0592885375494],[30.012666788551716,70.06827164929932],[29.985821827202386,70.06827164929932],[29.985821827202386,70.0592885375494]]]},"properties":{"cell_id":"1117_7799","expected_nets":0.0008,"particle_count":3,"n_nets":3,"contributing_net_ids":["59cde757-4957-437b-86cd-8d9932cbb5a2","6b2ff976-a86c-46ff-9367-7349073cc0be","cd20f9be-e4bb-436b-ad0c-563775f7c010"]}},{"type":"Feature","geometry":{"type":"Polygon","coordinates":[[[30.1737365566477,70.09522098454904],[30.20058151799703,70.09522098454904],[30.20058151799703,70.10420409629896],[30.1737365566477,70.10420409629896],[30.1737365566477,70.09522098454904]]]},"properties":{"cell_id":"1124_7803","expected_nets":0.0008,"particle_count":3,"n_nets":2,"contributing_net_ids":["39d2f659-e666-4b43-ab4a-c4439252e729","444ac6fa-3c86-44c4-a0b0-2e7d79922517"]}},{"type":"Feature","geometry":{"type":"Polygon","coordinates":[[[30.20058151799703,70.6701401365433],[30.22742647934636,70.6701401365433],[30.22742647934636,70.67912324829321],[30.20058151799703,70.67912324829321],[30.20058151799703,70.6701401365433]]]},"properties":{"cell_id":"1125_7867","expected_nets":0.0008,"particle_count":3,"n_nets":3,"contributing_net_ids":["0998896f-06e6-4fff-aa6b-85723c189a4e","b31191d1-ab4d-46ca-9c4a-de20a2e095a1","cb6b8673-f291-414f-a659-99dfc77c17d6"]}},{"type":"Feature","geometry":{"type":"Polygon","coordinates":[[[30.737480744983642,69.78081207330219],[30.764325706332972,69.78081207330219],[30.764325706332972,69.7897951850521],[30.737480744983642,69.7897951850521],[30.737480744983642,69.78081207330219]]]},"properties":{"cell_id":"1145_7768","expected_nets":0.0008,"particle_count":3,"n_nets":3,"contributing_net_ids":["413b3abc-f65b-4b08-bae5-c33750216192","822fb14e-3e5d-4d49-842e-39d6f5621e8b","8a3bdd3c-8344-4b09-8b3a-0f9a3d5dae08"]}},{"type":"Feature","geometry":{"type":"Polygon","coordinates":[[[25.23426366837085,71.03844771828962],[25.26110862972018,71.03844771828962],[25.26110862972018,71.04743083003953],[25.23426366837085,71.04743083003953],[25.23426366837085,71.03844771828962]]]},"properties":{"cell_id":"940_7908","expected_nets":0.0008,"particle_count":3,"n_nets":1,"contributing_net_ids":["c4c6d9a6-bf57-4182-966d-55046e277ae0"]}},{"type":"Feature","geometry":{"type":"Polygon","coordinates":[[[25.261108629720184,71.09234638878908],[25.287953591069513,71.09234638878908],[25.287953591069513,71.101329500539],[25.261108629720184,71.101329500539],[25.261108629720184,71.09234638878908]]]},"properties":{"cell_id":"941_7914","expected_nets":0.0008,"particle_count":3,"n_nets":1,"contributing_net_ids":["c4c6d9a6-bf57-4182-966d-55046e277ae0"]}},{"type":"Feature","geometry":{"type":"Polygon","coordinates":[[[25.314798552418843,70.39166367229609],[25.341643513768172,70.39166367229609],[25.341643513768172,70.400646784046],[25.314798552418843,70.400646784046],[25.314798552418843,70.39166367229609]]]},"properties":{"cell_id":"943_7836","expected_nets":0.0008,"particle_count":3,"n_nets":2,"contributing_net_ids":["e75a847a-c3de-4b7e-a353-9f70acc6da3e","efe29baa-49f5-4eef-bf00-780fc94fd192"]}},{"type":"Feature","geometry":{"type":"Polygon","coordinates":[[[25.314798552418843,71.06539705353934],[25.341643513768172,71.06539705353934],[25.341643513768172,71.07438016528926],[25.314798552418843,71.07438016528926],[25.314798552418843,71.06539705353934]]]},"properties":{"cell_id":"943_7911","expected_nets":0.0008,"particle_count":3,"n_nets":1,"contributing_net_ids":["c4c6d9a6-bf57-4182-966d-55046e277ae0"]}},{"type":"Feature","geometry":{"type":"Polygon","coordinates":[[[25.314798552418843,71.1103126122889],[25.341643513768172,71.1103126122889],[25.341643513768172,71.1192957240388],[25.314798552418843,71.1192957240388],[25.314798552418843,71.1103126122889]]]},"properties":{"cell_id":"943_7916","expected_nets":0.0008,"particle_count":3,"n_nets":1,"contributing_net_ids":["c4c6d9a6-bf57-4182-966d-55046e277ae0"]}},{"type":"Feature","geometry":{"type":"Polygon","coordinates":[[[25.341643513768176,71.1103126122889],[25.368488475117505,71.1103126122889],[25.368488475117505,71.1192957240388],[25.341643513768176,71.1192957240388],[25.341643513768176,71.1103126122889]]]},"properties":{"cell_id":"944_7916","expected_nets":0.0008,"particle_count":3,"n_nets":1,"contributing_net_ids":["c4c6d9a6-bf57-4182-966d-55046e277ae0"]}},{"type":"Feature","geometry":{"type":"Polygon","coordinates":[[[25.368488475117505,70.24793388429752],[25.395333436466835,70.24793388429752],[25.395333436466835,70.25691699604744],[25.368488475117505,70.25691699604744],[25.368488475117505,70.24793388429752]]]},"properties":{"cell_id":"945_7820","expected_nets":0.0008,"particle_count":3,"n_nets":1,"contributing_net_ids":["065457f6-ccdd-491e-8dbf-470416157a18"]}},{"type":"Feature","geometry":{"type":"Polygon","coordinates":[[[25.55640320456282,70.69708947179303],[25.58324816591215,70.69708947179303],[25.58324816591215,70.70607258354295],[25.55640320456282,70.70607258354295],[25.55640320456282,70.69708947179303]]]},"properties":{"cell_id":"952_7870","expected_nets":0.0008,"particle_count":3,"n_nets":3,"contributing_net_ids":["b68c38a7-1ccd-4ae6-9801-c4f2ce607946","e75a847a-c3de-4b7e-a353-9f70acc6da3e","efe29baa-49f5-4eef-bf00-780fc94fd192"]}},{"type":"Feature","geometry":{"type":"Polygon","coordinates":[[[25.610093127261482,70.71505569529285],[25.636938088610812,70.71505569529285],[25.636938088610812,70.72403880704276],[25.610093127261482,70.72403880704276],[25.610093127261482,70.71505569529285]]]},"properties":{"cell_id":"954_7872","expected_nets":0.0008,"particle_count":3,"n_nets":2,"contributing_net_ids":["b68c38a7-1ccd-4ae6-9801-c4f2ce607946","e75a847a-c3de-4b7e-a353-9f70acc6da3e"]}},{"type":"Feature","geometry":{"type":"Polygon","coordinates":[[[25.610093127261482,70.73302191879267],[25.636938088610812,70.73302191879267],[25.636938088610812,70.74200503054259],[25.610093127261482,70.74200503054259],[25.610093127261482,70.73302191879267]]]},"properties":{"cell_id":"954_7874","expected_nets":0.0008,"particle_count":3,"n_nets":1,"contributing_net_ids":["e75a847a-c3de-4b7e-a353-9f70acc6da3e"]}},{"type":"Feature","geometry":{"type":"Polygon","coordinates":[[[25.824852818056126,70.80488681279195],[25.851697779405455,70.80488681279195],[25.851697779405455,70.81386992454186],[25.824852818056126,70.81386992454186],[25.824852818056126,70.80488681279195]]]},"properties":{"cell_id":"962_7882","expected_nets":0.0008,"particle_count":3,"n_nets":2,"contributing_net_ids":["b68c38a7-1ccd-4ae6-9801-c4f2ce607946","efe29baa-49f5-4eef-bf00-780fc94fd192"]}},{"type":"Feature","geometry":{"type":"Polygon","coordinates":[[[25.824852818056126,70.95759971254043],[25.851697779405455,70.95759971254043],[25.851697779405455,70.96658282429034],[25.824852818056126,70.96658282429034],[25.824852818056126,70.95759971254043]]]},"properties":{"cell_id":"962_7899","expected_nets":0.0008,"particle_count":3,"n_nets":2,"contributing_net_ids":["0dc85fe8-24ce-4a5b-9c68-10fde23c3974","470db2b9-33e2-459d-b899-d527741f15ff"]}},{"type":"Feature","geometry":{"type":"Polygon","coordinates":[[[25.85169777940546,70.6701401365433],[25.87854274075479,70.6701401365433],[25.87854274075479,70.67912324829321],[25.85169777940546,70.67912324829321],[25.85169777940546,70.6701401365433]]]},"properties":{"cell_id":"963_7867","expected_nets":0.0008,"particle_count":3,"n_nets":2,"contributing_net_ids":["e75a847a-c3de-4b7e-a353-9f70acc6da3e","efe29baa-49f5-4eef-bf00-780fc94fd192"]}},{"type":"Feature","geometry":{"type":"Polygon","coordinates":[[[25.85169777940546,70.96658282429033],[25.87854274075479,70.96658282429033],[25.87854274075479,70.97556593604024],[25.85169777940546,70.97556593604024],[25.85169777940546,70.96658282429033]]]},"properties":{"cell_id":"963_7900","expected_nets":0.0008,"particle_count":3,"n_nets":2,"contributing_net_ids":["470db2b9-33e2-459d-b899-d527741f15ff","51ea4374-4f03-4957-b2d3-91e78f0021c5"]}},{"type":"Feature","geometry":{"type":"Polygon","coordinates":[[[25.905387702104118,70.97556593604024],[25.932232663453448,70.97556593604024],[25.932232663453448,70.98454904779015],[25.905387702104118,70.98454904779015],[25.905387702104118,70.97556593604024]]]},"properties":{"cell_id":"965_7901","expected_nets":0.0008,"particle_count":3,"n_nets":2,"contributing_net_ids":["0dc85fe8-24ce-4a5b-9c68-10fde23c3974","1856880d-fea0-414e-9d9b-151b7bafb7eb"]}},{"type":"Feature","geometry":{"type":"Polygon","coordinates":[[[25.93223266345345,70.97556593604024],[25.95907762480278,70.97556593604024],[25.95907762480278,70.98454904779015],[25.93223266345345,70.98454904779015],[25.93223266345345,70.97556593604024]]]},"properties":{"cell_id":"966_7901","expected_nets":0.0008,"particle_count":3,"n_nets":3,"contributing_net_ids":["0dc85fe8-24ce-4a5b-9c68-10fde23c3974","470db2b9-33e2-459d-b899-d527741f15ff","a95c2f17-baa3-44dd-b464-4313692da315"]}},{"type":"Feature","geometry":{"type":"Polygon","coordinates":[[[28.133519494098568,70.73302191879267],[28.160364455447898,70.73302191879267],[28.160364455447898,70.74200503054259],[28.133519494098568,70.74200503054259],[28.133519494098568,70.73302191879267]]]},"properties":{"cell_id":"1048_7874","expected_nets":0.0005,"particle_count":2,"n_nets":1,"contributing_net_ids":["a5f2d7f3-60b1-400b-8f91-f6403d9e7442"]}},{"type":"Feature","geometry":{"type":"Polygon","coordinates":[[[28.938868334578487,70.13115343154868],[28.965713295927817,70.13115343154868],[28.965713295927817,70.1401365432986],[28.938868334578487,70.1401365432986],[28.938868334578487,70.13115343154868]]]},"properties":{"cell_id":"1078_7807","expected_nets":0.0005,"particle_count":2,"n_nets":1,"contributing_net_ids":["c52841a4-c77e-4497-a4e9-73f605567542"]}},{"type":"Feature","geometry":{"type":"Polygon","coordinates":[[[29.073093141325142,70.13115343154868],[29.09993810267447,70.13115343154868],[29.09993810267447,70.1401365432986],[29.073093141325142,70.1401365432986],[29.073093141325142,70.13115343154868]]]},"properties":{"cell_id":"1083_7807","expected_nets":0.0005,"particle_count":2,"n_nets":2,"contributing_net_ids":["183b3a5b-2fd0-4d2a-9c77-77281bb30173","2649e37d-4983-4386-bc52-e0093db3ec65"]}},{"type":"Feature","geometry":{"type":"Polygon","coordinates":[[[29.09993810267447,70.12217031979878],[29.1267830640238,70.12217031979878],[29.1267830640238,70.1311534315487],[29.09993810267447,70.1311534315487],[29.09993810267447,70.12217031979878]]]},"properties":{"cell_id":"1084_7806","expected_nets":0.0005,"particle_count":2,"n_nets":1,"contributing_net_ids":["2649e37d-4983-4386-bc52-e0093db3ec65"]}},{"type":"Feature","geometry":{"type":"Polygon","coordinates":[[[29.1267830640238,70.13115343154868],[29.15362802537313,70.13115343154868],[29.15362802537313,70.1401365432986],[29.1267830640238,70.1401365432986],[29.1267830640238,70.13115343154868]]]},"properties":{"cell_id":"1085_7807","expected_nets":0.0005,"particle_count":2,"n_nets":2,"contributing_net_ids":["183b3a5b-2fd0-4d2a-9c77-77281bb30173","2649e37d-4983-4386-bc52-e0093db3ec65"]}},{"type":"Feature","geometry":{"type":"Polygon","coordinates":[[[29.287852832119786,70.01437297879986],[29.314697793469115,70.01437297879986],[29.314697793469115,70.02335609054977],[29.287852832119786,70.02335609054977],[29.287852832119786,70.01437297879986]]]},"properties":{"cell_id":"1091_7794","expected_nets":0.0005,"particle_count":2,"n_nets":2,"contributing_net_ids":["183b3a5b-2fd0-4d2a-9c77-77281bb30173","6ae9c1b0-2a7f-4315-a8f6-7e6491c6cb74"]}},{"type":"Feature","geometry":{"type":"Polygon","coordinates":[[[29.556302445613092,70.09522098454904],[29.58314740696242,70.09522098454904],[29.58314740696242,70.10420409629896],[29.556302445613092,70.10420409629896],[29.556302445613092,70.09522098454904]]]},"properties":{"cell_id":"1101_7803","expected_nets":0.0005,"particle_count":2,"n_nets":2,"contributing_net_ids":["2a840416-2518-4cd8-9332-09ee6dfac95f","5bc9b541-9afc-45ba-95db-3a4685de44a3"]}},{"type":"Feature","geometry":{"type":"Polygon","coordinates":[[[29.663682291010417,70.72403880704276],[29.690527252359747,70.72403880704276],[29.690527252359747,70.73302191879267],[29.663682291010417,70.73302191879267],[29.663682291010417,70.72403880704276]]]},"properties":{"cell_id":"1105_7873","expected_nets":0.0005,"particle_count":2,"n_nets":1,"contributing_net_ids":["b31191d1-ab4d-46ca-9c4a-de20a2e095a1"]}},{"type":"Feature","geometry":{"type":"Polygon","coordinates":[[[29.77106213640774,70.72403880704276],[29.79790709775707,70.72403880704276],[29.79790709775707,70.73302191879267],[29.77106213640774,70.73302191879267],[29.77106213640774,70.72403880704276]]]},"properties":{"cell_id":"1109_7873","expected_nets":0.0005,"particle_count":2,"n_nets":1,"contributing_net_ids":["b31191d1-ab4d-46ca-9c4a-de20a2e095a1"]}},{"type":"Feature","geometry":{"type":"Polygon","coordinates":[[[29.8247520591064,69.90657563780094],[29.85159702045573,69.90657563780094],[29.85159702045573,69.91555874955085],[29.8247520591064,69.91555874955085],[29.8247520591064,69.90657563780094]]]},"properties":{"cell_id":"1111_7782","expected_nets":0.0005,"particle_count":2,"n_nets":2,"contributing_net_ids":["0044b29c-5a23-4047-8f64-6763e05133e4","37e8bf79-8d0c-4820-9b6c-98fdaa828590"]}},{"type":"Feature","geometry":{"type":"Polygon","coordinates":[[[29.932131904503724,70.69708947179303],[29.958976865853053,70.69708947179303],[29.958976865853053,70.70607258354295],[29.932131904503724,70.70607258354295],[29.932131904503724,70.69708947179303]]]},"properties":{"cell_id":"1115_7870","expected_nets":0.0005,"particle_count":2,"n_nets":2,"contributing_net_ids":["0b8fa665-5e64-4a79-bcaa-073539cf0009","cb6b8673-f291-414f-a659-99dfc77c17d6"]}},{"type":"Feature","geometry":{"type":"Polygon","coordinates":[[[29.958976865853053,70.70607258354293],[29.985821827202383,70.70607258354293],[29.985821827202383,70.71505569529285],[29.958976865853053,70.71505569529285],[29.958976865853053,70.70607258354293]]]},"properties":{"cell_id":"1116_7871","expected_nets":0.0005,"particle_count":2,"n_nets":1,"contributing_net_ids":["cb6b8673-f291-414f-a659-99dfc77c17d6"]}},{"type":"Feature","geometry":{"type":"Polygon","coordinates":[[[30.146891595298367,70.09522098454904],[30.173736556647697,70.09522098454904],[30.173736556647697,70.10420409629896],[30.146891595298367,70.10420409629896],[30.146891595298367,70.09522098454904]]]},"properties":{"cell_id":"1123_7803","expected_nets":0.0005,"particle_count":2,"n_nets":1,"contributing_net_ids":["39d2f659-e666-4b43-ab4a-c4439252e729"]}},{"type":"Feature","geometry":{"type":"Polygon","coordinates":[[[30.20058151799703,70.09522098454904],[30.22742647934636,70.09522098454904],[30.22742647934636,70.10420409629896],[30.20058151799703,70.10420409629896],[30.20058151799703,70.09522098454904]]]},"properties":{"cell_id":"1125_7803","expected_nets":0.0005,"particle_count":2,"n_nets":2,"contributing_net_ids":["37e8bf79-8d0c-4820-9b6c-98fdaa828590","b44ee1c5-8e80-49ac-93f1-e4399df11d7f"]}},{"type":"Feature","geometry":{"type":"Polygon","coordinates":[[[30.30796136339435,70.12217031979878],[30.33480632474368,70.12217031979878],[30.33480632474368,70.1311534315487],[30.30796136339435,70.1311534315487],[30.30796136339435,70.12217031979878]]]},"properties":{"cell_id":"1129_7806","expected_nets":0.0005,"particle_count":2,"n_nets":2,"contributing_net_ids":["0044b29c-5a23-4047-8f64-6763e05133e4","39d2f659-e666-4b43-ab4a-c4439252e729"]}},{"type":"Feature","geometry":{"type":"Polygon","coordinates":[[[30.334806324743685,70.13115343154868],[30.361651286093014,70.13115343154868],[30.361651286093014,70.1401365432986],[30.334806324743685,70.1401365432986],[30.334806324743685,70.13115343154868]]]},"properties":{"cell_id":"1130_7807","expected_nets":0.0005,"particle_count":2,"n_nets":1,"contributing_net_ids":["444ac6fa-3c86-44c4-a0b0-2e7d79922517"]}},{"type":"Feature","geometry":{"type":"Polygon","coordinates":[[[30.469031131490336,70.20301832554797],[30.495876092839666,70.20301832554797],[30.495876092839666,70.21200143729789],[30.469031131490336,70.21200143729789],[30.469031131490336,70.20301832554797]]]},"properties":{"cell_id":"1135_7815","expected_nets":0.0005,"particle_count":2,"n_nets":1,"contributing_net_ids":["491a8576-d12c-4378-8c01-07c2717e4a07"]}},{"type":"Feature","geometry":{"type":"Polygon","coordinates":[[[30.522721054189,69.81674452030184],[30.54956601553833,69.81674452030184],[30.54956601553833,69.82572763205175],[30.522721054189,69.82572763205175],[30.522721054189,69.81674452030184]]]},"properties":{"cell_id":"1137_7772","expected_nets":0.0005,"particle_count":2,"n_nets":2,"contributing_net_ids":["285cb79f-371f-48f7-ad51-d9c0c62f9384","822fb14e-3e5d-4d49-842e-39d6f5621e8b"]}},{"type":"Feature","geometry":{"type":"Polygon","coordinates":[[[30.576410976887658,69.81674452030184],[30.603255938236988,69.81674452030184],[30.603255938236988,69.82572763205175],[30.576410976887658,69.82572763205175],[30.576410976887658,69.81674452030184]]]},"properties":{"cell_id":"1139_7772","expected_nets":0.0005,"particle_count":2,"n_nets":2,"contributing_net_ids":["822fb14e-3e5d-4d49-842e-39d6f5621e8b","af60421e-dd2b-4078-918a-15ff5661dac7"]}},{"type":"Feature","geometry":{"type":"Polygon","coordinates":[[[30.63010089958632,69.81674452030184],[30.65694586093565,69.81674452030184],[30.65694586093565,69.82572763205175],[30.63010089958632,69.82572763205175],[30.63010089958632,69.81674452030184]]]},"properties":{"cell_id":"1141_7772","expected_nets":0.0005,"particle_count":2,"n_nets":1,"contributing_net_ids":["af60421e-dd2b-4078-918a-15ff5661dac7"]}},{"type":"Feature","geometry":{"type":"Polygon","coordinates":[[[25.23426366837085,71.02048149478979],[25.26110862972018,71.02048149478979],[25.26110862972018,71.0294646065397],[25.23426366837085,71.0294646065397],[25.23426366837085,71.02048149478979]]]},"properties":{"cell_id":"940_7906","expected_nets":0.0005,"particle_count":2,"n_nets":1,"contributing_net_ids":["c4c6d9a6-bf57-4182-966d-55046e277ae0"]}},{"type":"Feature","geometry":{"type":"Polygon","coordinates":[[[25.261108629720184,71.02048149478979],[25.287953591069513,71.02048149478979],[25.287953591069513,71.0294646065397],[25.261108629720184,71.0294646065397],[25.261108629720184,71.02048149478979]]]},"properties":{"cell_id":"941_7906","expected_nets":0.0005,"particle_count":2,"n_nets":1,"contributing_net_ids":["c4c6d9a6-bf57-4182-966d-55046e277ae0"]}},{"type":"Feature","geometry":{"type":"Polygon","coordinates":[[[25.261108629720184,71.03844771828962],[25.287953591069513,71.03844771828962],[25.287953591069513,71.04743083003953],[25.261108629720184,71.04743083003953],[25.261108629720184,71.03844771828962]]]},"properties":{"cell_id":"941_7908","expected_nets":0.0005,"particle_count":2,"n_nets":1,"contributing_net_ids":["c4c6d9a6-bf57-4182-966d-55046e277ae0"]}},{"type":"Feature","geometry":{"type":"Polygon","coordinates":[[[25.314798552418843,71.00251527128998],[25.341643513768172,71.00251527128998],[25.341643513768172,71.01149838303989],[25.314798552418843,71.01149838303989],[25.314798552418843,71.00251527128998]]]},"properties":{"cell_id":"943_7904","expected_nets":0.0005,"particle_count":2,"n_nets":1,"contributing_net_ids":["c4c6d9a6-bf57-4182-966d-55046e277ae0"]}},{"type":"Feature","geometry":{"type":"Polygon","coordinates":[[[25.368488475117505,70.28386633129716],[25.395333436466835,70.28386633129716],[25.395333436466835,70.29284944304707],[25.368488475117505,70.29284944304707],[25.368488475117505,70.28386633129716]]]},"properties":{"cell_id":"945_7824","expected_nets":0.0005,"particle_count":2,"n_nets":1,"contributing_net_ids":["065457f6-ccdd-491e-8dbf-470416157a18"]}},{"type":"Feature","geometry":{"type":"Polygon","coordinates":[[[25.58324816591215,70.93065037729069],[25.61009312726148,70.93065037729069],[25.61009312726148,70.9396334890406],[25.58324816591215,70.9396334890406],[25.58324816591215,70.93065037729069]]]},"properties":{"cell_id":"953_7896","expected_nets":0.0005,"particle_count":2,"n_nets":2,"contributing_net_ids":["0dc85fe8-24ce-4a5b-9c68-10fde23c3974","470db2b9-33e2-459d-b899-d527741f15ff"]}},{"type":"Feature","geometry":{"type":"Polygon","coordinates":[[[25.66378304996014,70.71505569529285],[25.69062801130947,70.71505569529285],[25.69062801130947,70.72403880704276],[25.66378304996014,70.72403880704276],[25.66378304996014,70.71505569529285]]]},"properties":{"cell_id":"956_7872","expected_nets":0.0005,"particle_count":2,"n_nets":2,"contributing_net_ids":["b68c38a7-1ccd-4ae6-9801-c4f2ce607946","e75a847a-c3de-4b7e-a353-9f70acc6da3e"]}},{"type":"Feature","geometry":{"type":"Polygon","coordinates":[[[25.690628011309474,70.72403880704276],[25.717472972658804,70.72403880704276],[25.717472972658804,70.73302191879267],[25.690628011309474,70.73302191879267],[25.690628011309474,70.72403880704276]]]},"properties":{"cell_id":"957_7873","expected_nets":0.0005,"particle_count":2,"n_nets":2,"contributing_net_ids":["b68c38a7-1ccd-4ae6-9801-c4f2ce607946","efe29baa-49f5-4eef-bf00-780fc94fd192"]}},{"type":"Feature","geometry":{"type":"Polygon","coordinates":[[[25.717472972658804,70.77793747754222],[25.744317934008134,70.77793747754222],[25.744317934008134,70.78692058929214],[25.717472972658804,70.78692058929214],[25.717472972658804,70.77793747754222]]]},"properties":{"cell_id":"958_7879","expected_nets":0.0005,"particle_count":2,"n_nets":2,"contributing_net_ids":["b68c38a7-1ccd-4ae6-9801-c4f2ce607946","e75a847a-c3de-4b7e-a353-9f70acc6da3e"]}},{"type":"Feature","geometry":{"type":"Polygon","coordinates":[[[25.771162895357467,70.66115702479338],[25.798007856706796,70.66115702479338],[25.798007856706796,70.6701401365433],[25.771162895357467,70.6701401365433],[25.771162895357467,70.66115702479338]]]},"properties":{"cell_id":"960_7866","expected_nets":0.0005,"particle_count":2,"n_nets":2,"contributing_net_ids":["b68c38a7-1ccd-4ae6-9801-c4f2ce607946","e75a847a-c3de-4b7e-a353-9f70acc6da3e"]}},{"type":"Feature","geometry":{"type":"Polygon","coordinates":[[[25.771162895357467,70.96658282429033],[25.798007856706796,70.96658282429033],[25.798007856706796,70.97556593604024],[25.771162895357467,70.97556593604024],[25.771162895357467,70.96658282429033]]]},"properties":{"cell_id":"960_7900","expected_nets":0.0005,"particle_count":2,"n_nets":2,"contributing_net_ids":["0dc85fe8-24ce-4a5b-9c68-10fde23c3974","470db2b9-33e2-459d-b899-d527741f15ff"]}},{"type":"Feature","geometry":{"type":"Polygon","coordinates":[[[25.824852818056126,70.66115702479338],[25.851697779405455,70.66115702479338],[25.851697779405455,70.6701401365433],[25.824852818056126,70.6701401365433],[25.824852818056126,70.66115702479338]]]},"properties":{"cell_id":"962_7866","expected_nets":0.0005,"particle_count":2,"n_nets":2,"contributing_net_ids":["e75a847a-c3de-4b7e-a353-9f70acc6da3e","efe29baa-49f5-4eef-bf00-780fc94fd192"]}},{"type":"Feature","geometry":{"type":"Polygon","coordinates":[[[25.95907762480278,70.97556593604024],[25.98592258615211,70.97556593604024],[25.98592258615211,70.98454904779015],[25.95907762480278,70.98454904779015],[25.95907762480278,70.97556593604024]]]},"properties":{"cell_id":"967_7901","expected_nets":0.0005,"particle_count":2,"n_nets":2,"contributing_net_ids":["1856880d-fea0-414e-9d9b-151b7bafb7eb","a95c2f17-baa3-44dd-b464-4313692da315"]}},{"type":"Feature","geometry":{"type":"Polygon","coordinates":[[[25.95907762480278,70.99353215954007],[25.98592258615211,70.99353215954007],[25.98592258615211,71.00251527128998],[25.95907762480278,71.00251527128998],[25.95907762480278,70.99353215954007]]]},"properties":{"cell_id":"967_7903","expected_nets":0.0005,"particle_count":2,"n_nets":2,"contributing_net_ids":["5e862cee-8b9f-45d7-8ca0-daaa28a39706","d9de1f0e-7743-4a5a-950e-71a72e96bff4"]}},{"type":"Feature","geometry":{"type":"Polygon","coordinates":[[[26.093302431549432,70.98454904779015],[26.12014739289876,70.98454904779015],[26.12014739289876,70.99353215954007],[26.093302431549432,70.99353215954007],[26.093302431549432,70.98454904779015]]]},"properties":{"cell_id":"972_7902","expected_nets":0.0005,"particle_count":2,"n_nets":2,"contributing_net_ids":["0dc85fe8-24ce-4a5b-9c68-10fde23c3974","5e862cee-8b9f-45d7-8ca0-daaa28a39706"]}},{"type":"Feature","geometry":{"type":"Polygon","coordinates":[[[26.120147392898765,70.99353215954007],[26.146992354248095,70.99353215954007],[26.146992354248095,71.00251527128998],[26.120147392898765,71.00251527128998],[26.120147392898765,70.99353215954007]]]},"properties":{"cell_id":"973_7903","expected_nets":0.0005,"particle_count":2,"n_nets":1,"contributing_net_ids":["5e862cee-8b9f-45d7-8ca0-daaa28a39706"]}},{"type":"Feature","geometry":{"type":"Polygon","coordinates":[[[26.146992354248095,71.00251527128998],[26.173837315597424,71.00251527128998],[26.173837315597424,71.01149838303989],[26.146992354248095,71.01149838303989],[26.146992354248095,71.00251527128998]]]},"properties":{"cell_id":"974_7904","expected_nets":0.0005,"particle_count":2,"n_nets":1,"contributing_net_ids":["5e862cee-8b9f-45d7-8ca0-daaa28a39706"]}},{"type":"Feature","geometry":{"type":"Polygon","coordinates":[[[27.08656600147467,70.94861660079052],[27.113410962824,70.94861660079052],[27.113410962824,70.95759971254043],[27.08656600147467,70.95759971254043],[27.08656600147467,70.94861660079052]]]},"properties":{"cell_id":"1009_7898","expected_nets":0.0003,"particle_count":1,"n_nets":1,"contributing_net_ids":["282c4d2e-02c9-404a-87ae-53239fc436fc"]}},{"type":"Feature","geometry":{"type":"Polygon","coordinates":[[[27.193945846871994,70.99353215954007],[27.220790808221324,70.99353215954007],[27.220790808221324,71.00251527128998],[27.193945846871994,71.00251527128998],[27.193945846871994,70.99353215954007]]]},"properties":{"cell_id":"1013_7903","expected_nets":0.0003,"particle_count":1,"n_nets":1,"contributing_net_ids":["9e759843-4dd6-4b50-bc24-49bb88f8f082"]}},{"type":"Feature","geometry":{"type":"Polygon","coordinates":[[[27.247635769570653,70.99353215954007],[27.274480730919983,70.99353215954007],[27.274480730919983,71.00251527128998],[27.247635769570653,71.00251527128998],[27.247635769570653,70.99353215954007]]]},"properties":{"cell_id":"1015_7903","expected_nets":0.0003,"particle_count":1,"n_nets":1,"contributing_net_ids":["0b254efb-1769-4e93-a17e-11f0d9834bcc"]}},{"type":"Feature","geometry":{"type":"Polygon","coordinates":[[[27.274480730919983,71.03844771828962],[27.301325692269312,71.03844771828962],[27.301325692269312,71.04743083003953],[27.274480730919983,71.04743083003953],[27.274480730919983,71.03844771828962]]]},"properties":{"cell_id":"1016_7908","expected_nets":0.0003,"particle_count":1,"n_nets":1,"contributing_net_ids":["2e3e2f82-02e3-45d3-9acb-e62d643605a6"]}},{"type":"Feature","geometry":{"type":"Polygon","coordinates":[[[28.965713295927817,70.13115343154868],[28.992558257277146,70.13115343154868],[28.992558257277146,70.1401365432986],[28.965713295927817,70.1401365432986],[28.965713295927817,70.13115343154868]]]},"properties":{"cell_id":"1079_7807","expected_nets":0.0003,"particle_count":1,"n_nets":1,"contributing_net_ids":["6ae9c1b0-2a7f-4315-a8f6-7e6491c6cb74"]}},{"type":"Feature","geometry":{"type":"Polygon","coordinates":[[[29.073093141325142,70.0592885375494],[29.09993810267447,70.0592885375494],[29.09993810267447,70.06827164929932],[29.073093141325142,70.06827164929932],[29.073093141325142,70.0592885375494]]]},"properties":{"cell_id":"1083_7799","expected_nets":0.0003,"particle_count":1,"n_nets":1,"contributing_net_ids":["c52841a4-c77e-4497-a4e9-73f605567542"]}},{"type":"Feature","geometry":{"type":"Polygon","coordinates":[[[29.073093141325142,70.06827164929932],[29.09993810267447,70.06827164929932],[29.09993810267447,70.07725476104923],[29.073093141325142,70.07725476104923],[29.073093141325142,70.06827164929932]]]},"properties":{"cell_id":"1083_7800","expected_nets":0.0003,"particle_count":1,"n_nets":1,"contributing_net_ids":["c52841a4-c77e-4497-a4e9-73f605567542"]}},{"type":"Feature","geometry":{"type":"Polygon","coordinates":[[[29.153628025373134,70.03233920229968],[29.180472986722464,70.03233920229968],[29.180472986722464,70.0413223140496],[29.153628025373134,70.0413223140496],[29.153628025373134,70.03233920229968]]]},"properties":{"cell_id":"1086_7796","expected_nets":0.0003,"particle_count":1,"n_nets":1,"contributing_net_ids":["6ae9c1b0-2a7f-4315-a8f6-7e6491c6cb74"]}},{"type":"Feature","geometry":{"type":"Polygon","coordinates":[[[29.234162909421126,70.01437297879986],[29.261007870770456,70.01437297879986],[29.261007870770456,70.02335609054977],[29.234162909421126,70.02335609054977],[29.234162909421126,70.01437297879986]]]},"properties":{"cell_id":"1089_7794","expected_nets":0.0003,"particle_count":1,"n_nets":1,"contributing_net_ids":["6ae9c1b0-2a7f-4315-a8f6-7e6491c6cb74"]}},{"type":"Feature","geometry":{"type":"Polygon","coordinates":[[[29.4757675615651,69.99640675530003],[29.50261252291443,69.99640675530003],[29.50261252291443,70.00538986704994],[29.4757675615651,70.00538986704994],[29.4757675615651,69.99640675530003]]]},"properties":{"cell_id":"1098_7792","expected_nets":0.0003,"particle_count":1,"n_nets":1,"contributing_net_ids":["c52841a4-c77e-4497-a4e9-73f605567542"]}},{"type":"Feature","geometry":{"type":"Polygon","coordinates":[[[29.529457484263762,70.07725476104923],[29.556302445613092,70.07725476104923],[29.556302445613092,70.08623787279915],[29.529457484263762,70.08623787279915],[29.529457484263762,70.07725476104923]]]},"properties":{"cell_id":"1100_7801","expected_nets":0.0003,"particle_count":1,"n_nets":1,"contributing_net_ids":["36c0b306-27cf-4788-a28e-37a6791e6842"]}},{"type":"Feature","geometry":{"type":"Polygon","coordinates":[[[29.583147406962425,70.70607258354293],[29.609992368311755,70.70607258354293],[29.609992368311755,70.71505569529285],[29.583147406962425,70.71505569529285],[29.583147406962425,70.70607258354293]]]},"properties":{"cell_id":"1102_7871","expected_nets":0.0003,"particle_count":1,"n_nets":1,"contributing_net_ids":["b31191d1-ab4d-46ca-9c4a-de20a2e095a1"]}},{"type":"Feature","geometry":{"type":"Polygon","coordinates":[[[29.636837329661084,70.71505569529285],[29.663682291010414,70.71505569529285],[29.663682291010414,70.72403880704276],[29.636837329661084,70.72403880704276],[29.636837329661084,70.71505569529285]]]},"properties":{"cell_id":"1104_7872","expected_nets":0.0003,"particle_count":1,"n_nets":1,"contributing_net_ids":["0998896f-06e6-4fff-aa6b-85723c189a4e"]}},{"type":"Feature","geometry":{"type":"Polygon","coordinates":[[[29.690527252359747,70.72403880704276],[29.717372213709076,70.72403880704276],[29.717372213709076,70.73302191879267],[29.690527252359747,70.73302191879267],[29.690527252359747,70.72403880704276]]]},"properties":{"cell_id":"1106_7873","expected_nets":0.0003,"particle_count":1,"n_nets":1,"contributing_net_ids":["0998896f-06e6-4fff-aa6b-85723c189a4e"]}},{"type":"Feature","geometry":{"type":"Polygon","coordinates":[[[29.717372213709076,70.73302191879267],[29.744217175058406,70.73302191879267],[29.744217175058406,70.74200503054259],[29.717372213709076,70.74200503054259],[29.717372213709076,70.73302191879267]]]},"properties":{"cell_id":"1107_7874","expected_nets":0.0003,"particle_count":1,"n_nets":1,"contributing_net_ids":["0998896f-06e6-4fff-aa6b-85723c189a4e"]}},{"type":"Feature","geometry":{"type":"Polygon","coordinates":[[[29.79790709775707,69.90657563780094],[29.824752059106398,69.90657563780094],[29.824752059106398,69.91555874955085],[29.79790709775707,69.91555874955085],[29.79790709775707,69.90657563780094]]]},"properties":{"cell_id":"1110_7782","expected_nets":0.0003,"particle_count":1,"n_nets":1,"contributing_net_ids":["444ac6fa-3c86-44c4-a0b0-2e7d79922517"]}},{"type":"Feature","geometry":{"type":"Polygon","coordinates":[[[29.85159702045573,70.66115702479338],[29.87844198180506,70.66115702479338],[29.87844198180506,70.6701401365433],[29.85159702045573,70.6701401365433],[29.85159702045573,70.66115702479338]]]},"properties":{"cell_id":"1112_7866","expected_nets":0.0003,"particle_count":1,"n_nets":1,"contributing_net_ids":["0b8fa665-5e64-4a79-bcaa-073539cf0009"]}},{"type":"Feature","geometry":{"type":"Polygon","coordinates":[[[29.87844198180506,70.6701401365433],[29.90528694315439,70.6701401365433],[29.90528694315439,70.67912324829321],[29.87844198180506,70.67912324829321],[29.87844198180506,70.6701401365433]]]},"properties":{"cell_id":"1113_7867","expected_nets":0.0003,"particle_count":1,"n_nets":1,"contributing_net_ids":["0b8fa665-5e64-4a79-bcaa-073539cf0009"]}},{"type":"Feature","geometry":{"type":"Polygon","coordinates":[[[29.958976865853053,69.7897951850521],[29.985821827202383,69.7897951850521],[29.985821827202383,69.79877829680201],[29.958976865853053,69.79877829680201],[29.958976865853053,69.7897951850521]]]},"properties":{"cell_id":"1116_7769","expected_nets":0.0003,"particle_count":1,"n_nets":1,"contributing_net_ids":["8a902380-5115-48f1-9298-b78b2d595262"]}},{"type":"Feature","geometry":{"type":"Polygon","coordinates":[[[30.012666788551716,70.70607258354293],[30.039511749901045,70.70607258354293],[30.039511749901045,70.71505569529285],[30.012666788551716,70.71505569529285],[30.012666788551716,70.70607258354293]]]},"properties":{"cell_id":"1118_7871","expected_nets":0.0003,"particle_count":1,"n_nets":1,"contributing_net_ids":["0998896f-06e6-4fff-aa6b-85723c189a4e"]}},{"type":"Feature","geometry":{"type":"Polygon","coordinates":[[[30.30796136339435,70.13115343154868],[30.33480632474368,70.13115343154868],[30.33480632474368,70.1401365432986],[30.30796136339435,70.1401365432986],[30.30796136339435,70.13115343154868]]]},"properties":{"cell_id":"1129_7807","expected_nets":0.0003,"particle_count":1,"n_nets":1,"contributing_net_ids":["39d2f659-e666-4b43-ab4a-c4439252e729"]}},{"type":"Feature","geometry":{"type":"Polygon","coordinates":[[[30.334806324743685,70.60725835429393],[30.361651286093014,70.60725835429393],[30.361651286093014,70.61624146604385],[30.334806324743685,70.61624146604385],[30.334806324743685,70.60725835429393]]]},"properties":{"cell_id":"1130_7860","expected_nets":0.0003,"particle_count":1,"n_nets":1,"contributing_net_ids":["0b8fa665-5e64-4a79-bcaa-073539cf0009"]}},{"type":"Feature","geometry":{"type":"Polygon","coordinates":[[[30.49587609283967,70.2299676607977],[30.522721054189,70.2299676607977],[30.522721054189,70.23895077254761],[30.49587609283967,70.23895077254761],[30.49587609283967,70.2299676607977]]]},"properties":{"cell_id":"1136_7818","expected_nets":0.0003,"particle_count":1,"n_nets":1,"contributing_net_ids":["491a8576-d12c-4378-8c01-07c2717e4a07"]}},{"type":"Feature","geometry":{"type":"Polygon","coordinates":[[[30.522721054189,70.23895077254761],[30.54956601553833,70.23895077254761],[30.54956601553833,70.24793388429752],[30.522721054189,70.24793388429752],[30.522721054189,70.23895077254761]]]},"properties":{"cell_id":"1137_7819","expected_nets":0.0003,"particle_count":1,"n_nets":1,"contributing_net_ids":["491a8576-d12c-4378-8c01-07c2717e4a07"]}},{"type":"Feature","geometry":{"type":"Polygon","coordinates":[[[30.54956601553833,69.80776140855193],[30.576410976887658,69.80776140855193],[30.576410976887658,69.81674452030184],[30.54956601553833,69.81674452030184],[30.54956601553833,69.80776140855193]]]},"properties":{"cell_id":"1138_7771","expected_nets":0.0003,"particle_count":1,"n_nets":1,"contributing_net_ids":["822fb14e-3e5d-4d49-842e-39d6f5621e8b"]}},{"type":"Feature","geometry":{"type":"Polygon","coordinates":[[[30.576410976887658,69.80776140855193],[30.603255938236988,69.80776140855193],[30.603255938236988,69.81674452030184],[30.576410976887658,69.81674452030184],[30.576410976887658,69.80776140855193]]]},"properties":{"cell_id":"1139_7771","expected_nets":0.0003,"particle_count":1,"n_nets":1,"contributing_net_ids":["af60421e-dd2b-4078-918a-15ff5661dac7"]}},{"type":"Feature","geometry":{"type":"Polygon","coordinates":[[[30.60325593823699,70.24793388429752],[30.63010089958632,70.24793388429752],[30.63010089958632,70.25691699604744],[30.60325593823699,70.25691699604744],[30.60325593823699,70.24793388429752]]]},"properties":{"cell_id":"1140_7820","expected_nets":0.0003,"particle_count":1,"n_nets":1,"contributing_net_ids":["491a8576-d12c-4378-8c01-07c2717e4a07"]}},{"type":"Feature","geometry":{"type":"Polygon","coordinates":[[[30.63010089958632,70.23895077254761],[30.65694586093565,70.23895077254761],[30.65694586093565,70.24793388429752],[30.63010089958632,70.24793388429752],[30.63010089958632,70.23895077254761]]]},"properties":{"cell_id":"1141_7819","expected_nets":0.0003,"particle_count":1,"n_nets":1,"contributing_net_ids":["491a8576-d12c-4378-8c01-07c2717e4a07"]}},{"type":"Feature","geometry":{"type":"Polygon","coordinates":[[[30.683790822284983,70.24793388429752],[30.710635783634313,70.24793388429752],[30.710635783634313,70.25691699604744],[30.683790822284983,70.25691699604744],[30.683790822284983,70.24793388429752]]]},"properties":{"cell_id":"1143_7820","expected_nets":0.0003,"particle_count":1,"n_nets":1,"contributing_net_ids":["491a8576-d12c-4378-8c01-07c2717e4a07"]}},{"type":"Feature","geometry":{"type":"Polygon","coordinates":[[[30.710635783634313,70.25691699604744],[30.737480744983642,70.25691699604744],[30.737480744983642,70.26590010779735],[30.710635783634313,70.26590010779735],[30.710635783634313,70.25691699604744]]]},"properties":{"cell_id":"1144_7821","expected_nets":0.0003,"particle_count":1,"n_nets":1,"contributing_net_ids":["491a8576-d12c-4378-8c01-07c2717e4a07"]}},{"type":"Feature","geometry":{"type":"Polygon","coordinates":[[[30.737480744983642,69.77182896155229],[30.764325706332972,69.77182896155229],[30.764325706332972,69.7808120733022],[30.737480744983642,69.7808120733022],[30.737480744983642,69.77182896155229]]]},"properties":{"cell_id":"1145_7767","expected_nets":0.0003,"particle_count":1,"n_nets":1,"contributing_net_ids":["285cb79f-371f-48f7-ad51-d9c0c62f9384"]}},{"type":"Feature","geometry":{"type":"Polygon","coordinates":[[[30.791170667682305,69.7897951850521],[30.818015629031635,69.7897951850521],[30.818015629031635,69.79877829680201],[30.791170667682305,69.79877829680201],[30.791170667682305,69.7897951850521]]]},"properties":{"cell_id":"1147_7769","expected_nets":0.0003,"particle_count":1,"n_nets":1,"contributing_net_ids":["af60421e-dd2b-4078-918a-15ff5661dac7"]}},{"type":"Feature","geometry":{"type":"Polygon","coordinates":[[[30.92539547442896,70.24793388429752],[30.95224043577829,70.24793388429752],[30.95224043577829,70.25691699604744],[30.92539547442896,70.25691699604744],[30.92539547442896,70.24793388429752]]]},"properties":{"cell_id":"1152_7820","expected_nets":0.0003,"particle_count":1,"n_nets":1,"contributing_net_ids":["43c5d8b6-1fb3-465b-b441-487f33c6a908"]}},{"type":"Feature","geometry":{"type":"Polygon","coordinates":[[[30.97908539712762,70.27488321954725],[31.00593035847695,70.27488321954725],[31.00593035847695,70.28386633129716],[30.97908539712762,70.28386633129716],[30.97908539712762,70.27488321954725]]]},"properties":{"cell_id":"1154_7823","expected_nets":0.0003,"particle_count":1,"n_nets":1,"contributing_net_ids":["43c5d8b6-1fb3-465b-b441-487f33c6a908"]}},{"type":"Feature","geometry":{"type":"Polygon","coordinates":[[[31.032775319826282,70.34674811354654],[31.05962028117561,70.34674811354654],[31.05962028117561,70.35573122529645],[31.032775319826282,70.35573122529645],[31.032775319826282,70.34674811354654]]]},"properties":{"cell_id":"1156_7831","expected_nets":0.0003,"particle_count":1,"n_nets":1,"contributing_net_ids":["43c5d8b6-1fb3-465b-b441-487f33c6a908"]}},{"type":"Feature","geometry":{"type":"Polygon","coordinates":[[[31.05962028117561,70.28386633129716],[31.08646524252494,70.28386633129716],[31.08646524252494,70.29284944304707],[31.05962028117561,70.29284944304707],[31.05962028117561,70.28386633129716]]]},"properties":{"cell_id":"1157_7824","expected_nets":0.0003,"particle_count":1,"n_nets":1,"contributing_net_ids":["43c5d8b6-1fb3-465b-b441-487f33c6a908"]}},{"type":"Feature","geometry":{"type":"Polygon","coordinates":[[[31.05962028117561,70.39166367229609],[31.08646524252494,70.39166367229609],[31.08646524252494,70.400646784046],[31.05962028117561,70.400646784046],[31.05962028117561,70.39166367229609]]]},"properties":{"cell_id":"1157_7836","expected_nets":0.0003,"particle_count":1,"n_nets":1,"contributing_net_ids":["cb0ddc2d-92e0-4234-b4cb-6ca7c091c319"]}},{"type":"Feature","geometry":{"type":"Polygon","coordinates":[[[31.113310203874274,70.38268056054618],[31.140155165223604,70.38268056054618],[31.140155165223604,70.39166367229609],[31.113310203874274,70.39166367229609],[31.113310203874274,70.38268056054618]]]},"properties":{"cell_id":"1159_7835","expected_nets":0.0003,"particle_count":1,"n_nets":1,"contributing_net_ids":["43c5d8b6-1fb3-465b-b441-487f33c6a908"]}},{"type":"Feature","geometry":{"type":"Polygon","coordinates":[[[24.965814054877544,70.99353215954007],[24.992659016226874,70.99353215954007],[24.992659016226874,71.00251527128998],[24.965814054877544,71.00251527128998],[24.965814054877544,70.99353215954007]]]},"properties":{"cell_id":"930_7903","expected_nets":0.0003,"particle_count":1,"n_nets":1,"contributing_net_ids":["c4c6d9a6-bf57-4182-966d-55046e277ae0"]}},{"type":"Feature","geometry":{"type":"Polygon","coordinates":[[[24.992659016226874,70.99353215954007],[25.019503977576203,70.99353215954007],[25.019503977576203,71.00251527128998],[24.992659016226874,71.00251527128998],[24.992659016226874,70.99353215954007]]]},"properties":{"cell_id":"931_7903","expected_nets":0.0003,"particle_count":1,"n_nets":1,"contributing_net_ids":["c4c6d9a6-bf57-4182-966d-55046e277ae0"]}},{"type":"Feature","geometry":{"type":"Polygon","coordinates":[[[24.992659016226874,71.00251527128998],[25.019503977576203,71.00251527128998],[25.019503977576203,71.01149838303989],[24.992659016226874,71.01149838303989],[24.992659016226874,71.00251527128998]]]},"properties":{"cell_id":"931_7904","expected_nets":0.0003,"particle_count":1,"n_nets":1,"contributing_net_ids":["c4c6d9a6-bf57-4182-966d-55046e277ae0"]}},{"type":"Feature","geometry":{"type":"Polygon","coordinates":[[[25.019503977576207,70.96658282429033],[25.046348938925536,70.96658282429033],[25.046348938925536,70.97556593604024],[25.019503977576207,70.97556593604024],[25.019503977576207,70.96658282429033]]]},"properties":{"cell_id":"932_7900","expected_nets":0.0003,"particle_count":1,"n_nets":1,"contributing_net_ids":["c4c6d9a6-bf57-4182-966d-55046e277ae0"]}},{"type":"Feature","geometry":{"type":"Polygon","coordinates":[[[25.019503977576207,71.00251527128998],[25.046348938925536,71.00251527128998],[25.046348938925536,71.01149838303989],[25.019503977576207,71.01149838303989],[25.019503977576207,71.00251527128998]]]},"properties":{"cell_id":"932_7904","expected_nets":0.0003,"particle_count":1,"n_nets":1,"contributing_net_ids":["c4c6d9a6-bf57-4182-966d-55046e277ae0"]}},{"type":"Feature","geometry":{"type":"Polygon","coordinates":[[[25.019503977576207,71.02048149478979],[25.046348938925536,71.02048149478979],[25.046348938925536,71.0294646065397],[25.019503977576207,71.0294646065397],[25.019503977576207,71.02048149478979]]]},"properties":{"cell_id":"932_7906","expected_nets":0.0003,"particle_count":1,"n_nets":1,"contributing_net_ids":["c4c6d9a6-bf57-4182-966d-55046e277ae0"]}},{"type":"Feature","geometry":{"type":"Polygon","coordinates":[[[25.046348938925536,71.0294646065397],[25.073193900274866,71.0294646065397],[25.073193900274866,71.03844771828962],[25.046348938925536,71.03844771828962],[25.046348938925536,71.0294646065397]]]},"properties":{"cell_id":"933_7907","expected_nets":0.0003,"particle_count":1,"n_nets":1,"contributing_net_ids":["c4c6d9a6-bf57-4182-966d-55046e277ae0"]}},{"type":"Feature","geometry":{"type":"Polygon","coordinates":[[[25.1000388616242,70.92166726554079],[25.12688382297353,70.92166726554079],[25.12688382297353,70.9306503772907],[25.1000388616242,70.9306503772907],[25.1000388616242,70.92166726554079]]]},"properties":{"cell_id":"935_7895","expected_nets":0.0003,"particle_count":1,"n_nets":1,"contributing_net_ids":["c4c6d9a6-bf57-4182-966d-55046e277ae0"]}},{"type":"Feature","geometry":{"type":"Polygon","coordinates":[[[25.15372878432286,70.90370104204096],[25.180573745672188,70.90370104204096],[25.180573745672188,70.91268415379088],[25.15372878432286,70.91268415379088],[25.15372878432286,70.90370104204096]]]},"properties":{"cell_id":"937_7893","expected_nets":0.0003,"particle_count":1,"n_nets":1,"contributing_net_ids":["c4c6d9a6-bf57-4182-966d-55046e277ae0"]}},{"type":"Feature","geometry":{"type":"Polygon","coordinates":[[[25.23426366837085,70.38268056054618],[25.26110862972018,70.38268056054618],[25.26110862972018,70.39166367229609],[25.23426366837085,70.39166367229609],[25.23426366837085,70.38268056054618]]]},"properties":{"cell_id":"940_7835","expected_nets":0.0003,"particle_count":1,"n_nets":1,"contributing_net_ids":["e75a847a-c3de-4b7e-a353-9f70acc6da3e"]}},{"type":"Feature","geometry":{"type":"Polygon","coordinates":[[[25.23426366837085,70.39166367229609],[25.26110862972018,70.39166367229609],[25.26110862972018,70.400646784046],[25.23426366837085,70.400646784046],[25.23426366837085,70.39166367229609]]]},"properties":{"cell_id":"940_7836","expected_nets":0.0003,"particle_count":1,"n_nets":1,"contributing_net_ids":["e75a847a-c3de-4b7e-a353-9f70acc6da3e"]}},{"type":"Feature","geometry":{"type":"Polygon","coordinates":[[[25.23426366837085,70.40064678404599],[25.26110862972018,70.40064678404599],[25.26110862972018,70.4096298957959],[25.23426366837085,70.4096298957959],[25.23426366837085,70.40064678404599]]]},"properties":{"cell_id":"940_7837","expected_nets":0.0003,"particle_count":1,"n_nets":1,"contributing_net_ids":["efe29baa-49f5-4eef-bf00-780fc94fd192"]}},{"type":"Feature","geometry":{"type":"Polygon","coordinates":[[[25.261108629720184,71.04743083003953],[25.287953591069513,71.04743083003953],[25.287953591069513,71.05641394178944],[25.261108629720184,71.05641394178944],[25.261108629720184,71.04743083003953]]]},"properties":{"cell_id":"941_7909","expected_nets":0.0003,"particle_count":1,"n_nets":1,"contributing_net_ids":["c4c6d9a6-bf57-4182-966d-55046e277ae0"]}},{"type":"Feature","geometry":{"type":"Polygon","coordinates":[[[25.261108629720184,71.05641394178943],[25.287953591069513,71.05641394178943],[25.287953591069513,71.06539705353934],[25.261108629720184,71.06539705353934],[25.261108629720184,71.05641394178943]]]},"properties":{"cell_id":"941_7910","expected_nets":0.0003,"particle_count":1,"n_nets":1,"contributing_net_ids":["c4c6d9a6-bf57-4182-966d-55046e277ae0"]}},{"type":"Feature","geometry":{"type":"Polygon","coordinates":[[[25.287953591069513,70.23895077254761],[25.314798552418843,70.23895077254761],[25.314798552418843,70.24793388429752],[25.287953591069513,70.24793388429752],[25.287953591069513,70.23895077254761]]]},"properties":{"cell_id":"942_7819","expected_nets":0.0003,"particle_count":1,"n_nets":1,"contributing_net_ids":["065457f6-ccdd-491e-8dbf-470416157a18"]}},{"type":"Feature","geometry":{"type":"Polygon","coordinates":[[[25.287953591069513,71.05641394178943],[25.314798552418843,71.05641394178943],[25.314798552418843,71.06539705353934],[25.287953591069513,71.06539705353934],[25.287953591069513,71.05641394178943]]]},"properties":{"cell_id":"942_7910","expected_nets":0.0003,"particle_count":1,"n_nets":1,"contributing_net_ids":["c4c6d9a6-bf57-4182-966d-55046e277ae0"]}},{"type":"Feature","geometry":{"type":"Polygon","coordinates":[[[25.314798552418843,70.25691699604744],[25.341643513768172,70.25691699604744],[25.341643513768172,70.26590010779735],[25.314798552418843,70.26590010779735],[25.314798552418843,70.25691699604744]]]},"properties":{"cell_id":"943_7821","expected_nets":0.0003,"particle_count":1,"n_nets":1,"contributing_net_ids":["065457f6-ccdd-491e-8dbf-470416157a18"]}},{"type":"Feature","geometry":{"type":"Polygon","coordinates":[[[25.314798552418843,71.1192957240388],[25.341643513768172,71.1192957240388],[25.341643513768172,71.12827883578872],[25.314798552418843,71.12827883578872],[25.314798552418843,71.1192957240388]]]},"properties":{"cell_id":"943_7917","expected_nets":0.0003,"particle_count":1,"n_nets":1,"contributing_net_ids":["c4c6d9a6-bf57-4182-966d-55046e277ae0"]}},{"type":"Feature","geometry":{"type":"Polygon","coordinates":[[[25.314798552418843,71.13726194753863],[25.341643513768172,71.13726194753863],[25.341643513768172,71.14624505928855],[25.314798552418843,71.14624505928855],[25.314798552418843,71.13726194753863]]]},"properties":{"cell_id":"943_7919","expected_nets":0.0003,"particle_count":1,"n_nets":1,"contributing_net_ids":["c4c6d9a6-bf57-4182-966d-55046e277ae0"]}},{"type":"Feature","geometry":{"type":"Polygon","coordinates":[[[25.341643513768176,70.39166367229609],[25.368488475117505,70.39166367229609],[25.368488475117505,70.400646784046],[25.341643513768176,70.400646784046],[25.341643513768176,70.39166367229609]]]},"properties":{"cell_id":"944_7836","expected_nets":0.0003,"particle_count":1,"n_nets":1,"contributing_net_ids":["efe29baa-49f5-4eef-bf00-780fc94fd192"]}},{"type":"Feature","geometry":{"type":"Polygon","coordinates":[[[25.341643513768176,71.01149838303988],[25.368488475117505,71.01149838303988],[25.368488475117505,71.02048149478979],[25.341643513768176,71.02048149478979],[25.341643513768176,71.01149838303988]]]},"properties":{"cell_id":"944_7905","expected_nets":0.0003,"particle_count":1,"n_nets":1,"contributing_net_ids":["51ea4374-4f03-4957-b2d3-91e78f0021c5"]}},{"type":"Feature","geometry":{"type":"Polygon","coordinates":[[[25.341643513768176,71.10132950053898],[25.368488475117505,71.10132950053898],[25.368488475117505,71.1103126122889],[25.341643513768176,71.1103126122889],[25.341643513768176,71.10132950053898]]]},"properties":{"cell_id":"944_7915","expected_nets":0.0003,"particle_count":1,"n_nets":1,"contributing_net_ids":["c4c6d9a6-bf57-4182-966d-55046e277ae0"]}},{"type":"Feature","geometry":{"type":"Polygon","coordinates":[[[25.341643513768176,71.13726194753863],[25.368488475117505,71.13726194753863],[25.368488475117505,71.14624505928855],[25.341643513768176,71.14624505928855],[25.341643513768176,71.13726194753863]]]},"properties":{"cell_id":"944_7919","expected_nets":0.0003,"particle_count":1,"n_nets":1,"contributing_net_ids":["c4c6d9a6-bf57-4182-966d-55046e277ae0"]}},{"type":"Feature","geometry":{"type":"Polygon","coordinates":[[[25.368488475117505,70.19403521379806],[25.395333436466835,70.19403521379806],[25.395333436466835,70.20301832554797],[25.368488475117505,70.20301832554797],[25.368488475117505,70.19403521379806]]]},"properties":{"cell_id":"945_7814","expected_nets":0.0003,"particle_count":1,"n_nets":1,"contributing_net_ids":["065457f6-ccdd-491e-8dbf-470416157a18"]}},{"type":"Feature","geometry":{"type":"Polygon","coordinates":[[[25.368488475117505,71.1103126122889],[25.395333436466835,71.1103126122889],[25.395333436466835,71.1192957240388],[25.368488475117505,71.1192957240388],[25.368488475117505,71.1103126122889]]]},"properties":{"cell_id":"945_7916","expected_nets":0.0003,"particle_count":1,"n_nets":1,"contributing_net_ids":["c4c6d9a6-bf57-4182-966d-55046e277ae0"]}},{"type":"Feature","geometry":{"type":"Polygon","coordinates":[[[25.395333436466835,70.22098454904778],[25.422178397816165,70.22098454904778],[25.422178397816165,70.2299676607977],[25.395333436466835,70.2299676607977],[25.395333436466835,70.22098454904778]]]},"properties":{"cell_id":"946_7817","expected_nets":0.0003,"particle_count":1,"n_nets":1,"contributing_net_ids":["065457f6-ccdd-491e-8dbf-470416157a18"]}},{"type":"Feature","geometry":{"type":"Polygon","coordinates":[[[25.395333436466835,70.23895077254761],[25.422178397816165,70.23895077254761],[25.422178397816165,70.24793388429752],[25.395333436466835,70.24793388429752],[25.395333436466835,70.23895077254761]]]},"properties":{"cell_id":"946_7819","expected_nets":0.0003,"particle_count":1,"n_nets":1,"contributing_net_ids":["065457f6-ccdd-491e-8dbf-470416157a18"]}},{"type":"Feature","geometry":{"type":"Polygon","coordinates":[[[25.395333436466835,70.28386633129716],[25.422178397816165,70.28386633129716],[25.422178397816165,70.29284944304707],[25.395333436466835,70.29284944304707],[25.395333436466835,70.28386633129716]]]},"properties":{"cell_id":"946_7824","expected_nets":0.0003,"particle_count":1,"n_nets":1,"contributing_net_ids":["065457f6-ccdd-491e-8dbf-470416157a18"]}},{"type":"Feature","geometry":{"type":"Polygon","coordinates":[[[25.422178397816168,71.02048149478979],[25.449023359165498,71.02048149478979],[25.449023359165498,71.0294646065397],[25.422178397816168,71.0294646065397],[25.422178397816168,71.02048149478979]]]},"properties":{"cell_id":"947_7906","expected_nets":0.0003,"particle_count":1,"n_nets":1,"contributing_net_ids":["c4c6d9a6-bf57-4182-966d-55046e277ae0"]}},{"type":"Feature","geometry":{"type":"Polygon","coordinates":[[[25.449023359165498,71.1103126122889],[25.475868320514827,71.1103126122889],[25.475868320514827,71.1192957240388],[25.449023359165498,71.1192957240388],[25.449023359165498,71.1103126122889]]]},"properties":{"cell_id":"948_7916","expected_nets":0.0003,"particle_count":1,"n_nets":1,"contributing_net_ids":["c4c6d9a6-bf57-4182-966d-55046e277ae0"]}},{"type":"Feature","geometry":{"type":"Polygon","coordinates":[[[25.475868320514827,70.30183255479699],[25.502713281864157,70.30183255479699],[25.502713281864157,70.3108156665469],[25.475868320514827,70.3108156665469],[25.475868320514827,70.30183255479699]]]},"properties":{"cell_id":"949_7826","expected_nets":0.0003,"particle_count":1,"n_nets":1,"contributing_net_ids":["065457f6-ccdd-491e-8dbf-470416157a18"]}},{"type":"Feature","geometry":{"type":"Polygon","coordinates":[[[25.475868320514827,70.31081566654689],[25.502713281864157,70.31081566654689],[25.502713281864157,70.3197987782968],[25.475868320514827,70.3197987782968],[25.475868320514827,70.31081566654689]]]},"properties":{"cell_id":"949_7827","expected_nets":0.0003,"particle_count":1,"n_nets":1,"contributing_net_ids":["065457f6-ccdd-491e-8dbf-470416157a18"]}},{"type":"Feature","geometry":{"type":"Polygon","coordinates":[[[25.475868320514827,70.6701401365433],[25.502713281864157,70.6701401365433],[25.502713281864157,70.67912324829321],[25.475868320514827,70.67912324829321],[25.475868320514827,70.6701401365433]]]},"properties":{"cell_id":"949_7867","expected_nets":0.0003,"particle_count":1,"n_nets":1,"contributing_net_ids":["b68c38a7-1ccd-4ae6-9801-c4f2ce607946"]}},{"type":"Feature","geometry":{"type":"Polygon","coordinates":[[[25.50271328186416,70.28386633129716],[25.52955824321349,70.28386633129716],[25.52955824321349,70.29284944304707],[25.50271328186416,70.29284944304707],[25.50271328186416,70.28386633129716]]]},"properties":{"cell_id":"950_7824","expected_nets":0.0003,"particle_count":1,"n_nets":1,"contributing_net_ids":["065457f6-ccdd-491e-8dbf-470416157a18"]}},{"type":"Feature","geometry":{"type":"Polygon","coordinates":[[[25.50271328186416,70.68810636004312],[25.52955824321349,70.68810636004312],[25.52955824321349,70.69708947179303],[25.50271328186416,70.69708947179303],[25.50271328186416,70.68810636004312]]]},"properties":{"cell_id":"950_7869","expected_nets":0.0003,"particle_count":1,"n_nets":1,"contributing_net_ids":["e75a847a-c3de-4b7e-a353-9f70acc6da3e"]}},{"type":"Feature","geometry":{"type":"Polygon","coordinates":[[[25.50271328186416,70.9396334890406],[25.52955824321349,70.9396334890406],[25.52955824321349,70.94861660079052],[25.50271328186416,70.94861660079052],[25.50271328186416,70.9396334890406]]]},"properties":{"cell_id":"950_7897","expected_nets":0.0003,"particle_count":1,"n_nets":1,"contributing_net_ids":["d9de1f0e-7743-4a5a-950e-71a72e96bff4"]}},{"type":"Feature","geometry":{"type":"Polygon","coordinates":[[[25.50271328186416,71.02048149478979],[25.52955824321349,71.02048149478979],[25.52955824321349,71.0294646065397],[25.50271328186416,71.0294646065397],[25.50271328186416,71.02048149478979]]]},"properties":{"cell_id":"950_7906","expected_nets":0.0003,"particle_count":1,"n_nets":1,"contributing_net_ids":["51ea4374-4f03-4957-b2d3-91e78f0021c5"]}},{"type":"Feature","geometry":{"type":"Polygon","coordinates":[[[25.52955824321349,71.02048149478979],[25.55640320456282,71.02048149478979],[25.55640320456282,71.0294646065397],[25.52955824321349,71.0294646065397],[25.52955824321349,71.02048149478979]]]},"properties":{"cell_id":"951_7906","expected_nets":0.0003,"particle_count":1,"n_nets":1,"contributing_net_ids":["470db2b9-33e2-459d-b899-d527741f15ff"]}},{"type":"Feature","geometry":{"type":"Polygon","coordinates":[[[25.610093127261482,70.42759611929573],[25.636938088610812,70.42759611929573],[25.636938088610812,70.43657923104564],[25.610093127261482,70.43657923104564],[25.610093127261482,70.42759611929573]]]},"properties":{"cell_id":"954_7840","expected_nets":0.0003,"particle_count":1,"n_nets":1,"contributing_net_ids":["e75a847a-c3de-4b7e-a353-9f70acc6da3e"]}},{"type":"Feature","geometry":{"type":"Polygon","coordinates":[[[25.610093127261482,70.44556234279554],[25.636938088610812,70.44556234279554],[25.636938088610812,70.45454545454545],[25.610093127261482,70.45454545454545],[25.610093127261482,70.44556234279554]]]},"properties":{"cell_id":"954_7842","expected_nets":0.0003,"particle_count":1,"n_nets":1,"contributing_net_ids":["efe29baa-49f5-4eef-bf00-780fc94fd192"]}},{"type":"Feature","geometry":{"type":"Polygon","coordinates":[[[25.610093127261482,70.45454545454545],[25.636938088610812,70.45454545454545],[25.636938088610812,70.46352856629537],[25.610093127261482,70.46352856629537],[25.610093127261482,70.45454545454545]]]},"properties":{"cell_id":"954_7843","expected_nets":0.0003,"particle_count":1,"n_nets":1,"contributing_net_ids":["efe29baa-49f5-4eef-bf00-780fc94fd192"]}},{"type":"Feature","geometry":{"type":"Polygon","coordinates":[[[25.610093127261482,70.93065037729069],[25.636938088610812,70.93065037729069],[25.636938088610812,70.9396334890406],[25.610093127261482,70.9396334890406],[25.610093127261482,70.93065037729069]]]},"properties":{"cell_id":"954_7896","expected_nets":0.0003,"particle_count":1,"n_nets":1,"contributing_net_ids":["470db2b9-33e2-459d-b899-d527741f15ff"]}},{"type":"Feature","geometry":{"type":"Polygon","coordinates":[[[25.717472972658804,70.74200503054259],[25.744317934008134,70.74200503054259],[25.744317934008134,70.7509881422925],[25.717472972658804,70.7509881422925],[25.717472972658804,70.74200503054259]]]},"properties":{"cell_id":"958_7875","expected_nets":0.0003,"particle_count":1,"n_nets":1,"contributing_net_ids":["e75a847a-c3de-4b7e-a353-9f70acc6da3e"]}},{"type":"Feature","geometry":{"type":"Polygon","coordinates":[[[25.744317934008134,70.77793747754222],[25.771162895357463,70.77793747754222],[25.771162895357463,70.78692058929214],[25.744317934008134,70.78692058929214],[25.744317934008134,70.77793747754222]]]},"properties":{"cell_id":"959_7879","expected_nets":0.0003,"particle_count":1,"n_nets":1,"contributing_net_ids":["efe29baa-49f5-4eef-bf00-780fc94fd192"]}},{"type":"Feature","geometry":{"type":"Polygon","coordinates":[[[25.744317934008134,70.78692058929214],[25.771162895357463,70.78692058929214],[25.771162895357463,70.79590370104205],[25.744317934008134,70.79590370104205],[25.744317934008134,70.78692058929214]]]},"properties":{"cell_id":"959_7880","expected_nets":0.0003,"particle_count":1,"n_nets":1,"contributing_net_ids":["e75a847a-c3de-4b7e-a353-9f70acc6da3e"]}},{"type":"Feature","geometry":{"type":"Polygon","coordinates":[[[25.771162895357467,70.88573481854114],[25.798007856706796,70.88573481854114],[25.798007856706796,70.89471793029105],[25.771162895357467,70.89471793029105],[25.771162895357467,70.88573481854114]]]},"properties":{"cell_id":"960_7891","expected_nets":0.0003,"particle_count":1,"n_nets":1,"contributing_net_ids":["0dc85fe8-24ce-4a5b-9c68-10fde23c3974"]}},{"type":"Feature","geometry":{"type":"Polygon","coordinates":[[[25.798007856706796,70.89471793029105],[25.824852818056126,70.89471793029105],[25.824852818056126,70.90370104204096],[25.798007856706796,70.90370104204096],[25.798007856706796,70.89471793029105]]]},"properties":{"cell_id":"961_7892","expected_nets":0.0003,"particle_count":1,"n_nets":1,"contributing_net_ids":["1856880d-fea0-414e-9d9b-151b7bafb7eb"]}},{"type":"Feature","geometry":{"type":"Polygon","coordinates":[[[25.798007856706796,71.15522817103844],[25.824852818056126,71.15522817103844],[25.824852818056126,71.16421128278836],[25.798007856706796,71.16421128278836],[25.798007856706796,71.15522817103844]]]},"properties":{"cell_id":"961_7921","expected_nets":0.0003,"particle_count":1,"n_nets":1,"contributing_net_ids":["501f7877-ea08-4c1e-bb0c-f805d7b93531"]}},{"type":"Feature","geometry":{"type":"Polygon","coordinates":[[[25.824852818056126,70.70607258354293],[25.851697779405455,70.70607258354293],[25.851697779405455,70.71505569529285],[25.824852818056126,70.71505569529285],[25.824852818056126,70.70607258354293]]]},"properties":{"cell_id":"962_7871","expected_nets":0.0003,"particle_count":1,"n_nets":1,"contributing_net_ids":["b68c38a7-1ccd-4ae6-9801-c4f2ce607946"]}},{"type":"Feature","geometry":{"type":"Polygon","coordinates":[[[25.824852818056126,70.7599712540424],[25.851697779405455,70.7599712540424],[25.851697779405455,70.76895436579231],[25.824852818056126,70.76895436579231],[25.824852818056126,70.7599712540424]]]},"properties":{"cell_id":"962_7877","expected_nets":0.0003,"particle_count":1,"n_nets":1,"contributing_net_ids":["efe29baa-49f5-4eef-bf00-780fc94fd192"]}},{"type":"Feature","geometry":{"type":"Polygon","coordinates":[[[25.85169777940546,70.56234279554438],[25.87854274075479,70.56234279554438],[25.87854274075479,70.5713259072943],[25.85169777940546,70.5713259072943],[25.85169777940546,70.56234279554438]]]},"properties":{"cell_id":"963_7855","expected_nets":0.0003,"particle_count":1,"n_nets":1,"contributing_net_ids":["e75a847a-c3de-4b7e-a353-9f70acc6da3e"]}},{"type":"Feature","geometry":{"type":"Polygon","coordinates":[[[25.85169777940546,70.75098814229248],[25.87854274075479,70.75098814229248],[25.87854274075479,70.7599712540424],[25.85169777940546,70.7599712540424],[25.85169777940546,70.75098814229248]]]},"properties":{"cell_id":"963_7876","expected_nets":0.0003,"particle_count":1,"n_nets":1,"contributing_net_ids":["efe29baa-49f5-4eef-bf00-780fc94fd192"]}},{"type":"Feature","geometry":{"type":"Polygon","coordinates":[[[25.87854274075479,70.67912324829321],[25.905387702104118,70.67912324829321],[25.905387702104118,70.68810636004312],[25.87854274075479,70.68810636004312],[25.87854274075479,70.67912324829321]]]},"properties":{"cell_id":"964_7868","expected_nets":0.0003,"particle_count":1,"n_nets":1,"contributing_net_ids":["efe29baa-49f5-4eef-bf00-780fc94fd192"]}},{"type":"Feature","geometry":{"type":"Polygon","coordinates":[[[25.87854274075479,70.68810636004312],[25.905387702104118,70.68810636004312],[25.905387702104118,70.69708947179303],[25.87854274075479,70.69708947179303],[25.87854274075479,70.68810636004312]]]},"properties":{"cell_id":"964_7869","expected_nets":0.0003,"particle_count":1,"n_nets":1,"contributing_net_ids":["e75a847a-c3de-4b7e-a353-9f70acc6da3e"]}},{"type":"Feature","geometry":{"type":"Polygon","coordinates":[[[25.87854274075479,70.89471793029105],[25.905387702104118,70.89471793029105],[25.905387702104118,70.90370104204096],[25.87854274075479,70.90370104204096],[25.87854274075479,70.89471793029105]]]},"properties":{"cell_id":"964_7892","expected_nets":0.0003,"particle_count":1,"n_nets":1,"contributing_net_ids":["1856880d-fea0-414e-9d9b-151b7bafb7eb"]}},{"type":"Feature","geometry":{"type":"Polygon","coordinates":[[[25.87854274075479,70.95759971254043],[25.905387702104118,70.95759971254043],[25.905387702104118,70.96658282429034],[25.87854274075479,70.96658282429034],[25.87854274075479,70.95759971254043]]]},"properties":{"cell_id":"964_7899","expected_nets":0.0003,"particle_count":1,"n_nets":1,"contributing_net_ids":["d9de1f0e-7743-4a5a-950e-71a72e96bff4"]}},{"type":"Feature","geometry":{"type":"Polygon","coordinates":[[[25.905387702104118,71.14624505928853],[25.932232663453448,71.14624505928853],[25.932232663453448,71.15522817103844],[25.905387702104118,71.15522817103844],[25.905387702104118,71.14624505928853]]]},"properties":{"cell_id":"965_7920","expected_nets":0.0003,"particle_count":1,"n_nets":1,"contributing_net_ids":["f8bfcb7e-c7fd-402c-b02c-4f35bae30cbb"]}},{"type":"Feature","geometry":{"type":"Polygon","coordinates":[[[25.95907762480278,71.13726194753863],[25.98592258615211,71.13726194753863],[25.98592258615211,71.14624505928855],[25.95907762480278,71.14624505928855],[25.95907762480278,71.13726194753863]]]},"properties":{"cell_id":"967_7919","expected_nets":0.0003,"particle_count":1,"n_nets":1,"contributing_net_ids":["a5827a71-1d16-4233-aebd-d14b478c5fff"]}},{"type":"Feature","geometry":{"type":"Polygon","coordinates":[[[26.012767547501443,70.6701401365433],[26.039612508850773,70.6701401365433],[26.039612508850773,70.67912324829321],[26.012767547501443,70.67912324829321],[26.012767547501443,70.6701401365433]]]},"properties":{"cell_id":"969_7867","expected_nets":0.0003,"particle_count":1,"n_nets":1,"contributing_net_ids":["b68c38a7-1ccd-4ae6-9801-c4f2ce607946"]}},{"type":"Feature","geometry":{"type":"Polygon","coordinates":[[[26.066457470200103,70.98454904779015],[26.093302431549432,70.98454904779015],[26.093302431549432,70.99353215954007],[26.066457470200103,70.99353215954007],[26.066457470200103,70.98454904779015]]]},"properties":{"cell_id":"971_7902","expected_nets":0.0003,"particle_count":1,"n_nets":1,"contributing_net_ids":["5e862cee-8b9f-45d7-8ca0-daaa28a39706"]}},{"type":"Feature","geometry":{"type":"Polygon","coordinates":[[[26.093302431549432,71.03844771828962],[26.12014739289876,71.03844771828962],[26.12014739289876,71.04743083003953],[26.093302431549432,71.04743083003953],[26.093302431549432,71.03844771828962]]]},"properties":{"cell_id":"972_7908","expected_nets":0.0003,"particle_count":1,"n_nets":1,"contributing_net_ids":["eef2472f-e20e-4582-83ca-9fccd623673e"]}},{"type":"Feature","geometry":{"type":"Polygon","coordinates":[[[26.146992354248095,71.04743083003953],[26.173837315597424,71.04743083003953],[26.173837315597424,71.05641394178944],[26.146992354248095,71.05641394178944],[26.146992354248095,71.04743083003953]]]},"properties":{"cell_id":"974_7909","expected_nets":0.0003,"particle_count":1,"n_nets":1,"contributing_net_ids":["5b5fdf6e-34fa-446c-a7f8-338b8f980dea"]}},{"type":"Feature","geometry":{"type":"Polygon","coordinates":[[[26.173837315597424,71.01149838303988],[26.200682276946754,71.01149838303988],[26.200682276946754,71.02048149478979],[26.173837315597424,71.02048149478979],[26.173837315597424,71.01149838303988]]]},"properties":{"cell_id":"975_7905","expected_nets":0.0003,"particle_count":1,"n_nets":1,"contributing_net_ids":["5e862cee-8b9f-45d7-8ca0-daaa28a39706"]}},{"type":"Feature","geometry":{"type":"Polygon","coordinates":[[[26.683891581234708,70.95759971254043],[26.710736542584037,70.95759971254043],[26.710736542584037,70.96658282429034],[26.683891581234708,70.96658282429034],[26.683891581234708,70.95759971254043]]]},"properties":{"cell_id":"994_7899","expected_nets":0.0003,"particle_count":1,"n_nets":1,"contributing_net_ids":["2e00546b-1350-4f4a-84bd-55da3dcb55ed"]}}]}